
Gurobi 13.0.0 (linux64, gurobi_cl) logging started Thu Nov 20 13:08:30 2025

Set parameter LogFile to value "gurobi.log"
Using license file /home/ROCQ/cosmiq/qtan/gurobi1003/gurobi.lic

Gurobi 13.0.0 (linux64, gurobi_cl) logging started Thu Nov 20 13:09:41 2025

Set parameter Username
Set parameter LicenseID to value 2740214
Set parameter LogFile to value "gurobi.log"
Using license file /home/ROCQ/cosmiq/qtan/gurobi.lic
Academic license - for non-commercial use only - expires 2026-11-17

Gurobi Optimizer version 13.0.0 build v13.0.0rc1 (linux64 - "Ubuntu 24.04.3 LTS")
Copyright (c) 2025, Gurobi Optimization, LLC

Read LP format model from file gift_fixed_key.lp
Reading time = 0.00 seconds
: 476 rows, 208 columns, 2030 nonzeros

Using Gurobi shared library /opt/gurobi1300/linux64/lib/libgurobi.so.13.0.0

CPU model: Intel(R) Xeon(R) w3-2423, instruction set [SSE2|AVX|AVX2|AVX512]
Thread count: 6 physical cores, 12 logical processors, using up to 12 threads

Optimize a model with 476 rows, 208 columns and 2030 nonzeros (Min)
Model fingerprint: 0xf2ce8683
Model has 0 linear objective coefficients
Variable types: 0 continuous, 208 integer (208 binary)
Coefficient statistics:
  Matrix range     [1e+00, 5e+02]
  Objective range  [0e+00, 0e+00]
  Bounds range     [1e+00, 1e+00]
  RHS range        [1e+00, 5e+02]
Presolve removed 474 rows and 208 columns
Presolve time: 0.00s

Explored 0 nodes (0 simplex iterations) in 0.01 seconds (0.00 work units)
Thread count was 1 (of 12 available processors)

Solution count 0

Model is infeasible
Best objective -, best bound -, gap -

Gurobi 13.0.0 (linux64, gurobi_cl) logging started Thu Nov 20 13:10:01 2025

Set parameter Username
Set parameter LicenseID to value 2740214
Set parameter LogFile to value "gurobi.log"
Using license file /home/ROCQ/cosmiq/qtan/gurobi.lic
Academic license - for non-commercial use only - expires 2026-11-17

Gurobi Optimizer version 13.0.0 build v13.0.0rc1 (linux64 - "Ubuntu 24.04.3 LTS")
Copyright (c) 2025, Gurobi Optimization, LLC

Warning: unknown variable 'm[0,0,7]' in binary section
Warning: unknown variable 'm[0,0,43]' in binary section
Warning: unknown variable 'm[0,1,4]' in binary section
Warning: unknown variable 'm[0,1,5]' in binary section
Warning: unknown variable 'm[0,1,40]' in binary section
Warning: unknown variable 'm[0,1,43]' in binary section
Read LP format model from file gift_fixed_key.lp
Reading time = 0.01 seconds
: 348 rows, 208 columns, 1902 nonzeros

Using Gurobi shared library /opt/gurobi1300/linux64/lib/libgurobi.so.13.0.0

CPU model: Intel(R) Xeon(R) w3-2423, instruction set [SSE2|AVX|AVX2|AVX512]
Thread count: 6 physical cores, 12 logical processors, using up to 12 threads

Optimize a model with 348 rows, 208 columns and 1902 nonzeros (Min)
Model fingerprint: 0xab7082cc
Model has 0 linear objective coefficients
Variable types: 0 continuous, 208 integer (208 binary)
Coefficient statistics:
  Matrix range     [1e+00, 5e+02]
  Objective range  [0e+00, 0e+00]
  Bounds range     [1e+00, 1e+00]
  RHS range        [1e+00, 5e+02]
Presolve removed 134 rows and 72 columns
Presolve time: 0.00s

Explored 0 nodes (0 simplex iterations) in 0.01 seconds (0.00 work units)
Thread count was 1 (of 12 available processors)

Solution count 0

Model is infeasible
Best objective -, best bound -, gap -

Gurobi 13.0.0 (linux64, gurobi_cl) logging started Thu Nov 20 13:10:02 2025

Set parameter Username
Set parameter LicenseID to value 2740214
Set parameter LogFile to value "gurobi.log"
Using license file /home/ROCQ/cosmiq/qtan/gurobi.lic
Academic license - for non-commercial use only - expires 2026-11-17

Gurobi Optimizer version 13.0.0 build v13.0.0rc1 (linux64 - "Ubuntu 24.04.3 LTS")
Copyright (c) 2025, Gurobi Optimization, LLC

Warning: unknown variable 'm[0,0,7]' in binary section
Warning: unknown variable 'm[0,0,43]' in binary section
Warning: unknown variable 'm[0,1,4]' in binary section
Warning: unknown variable 'm[0,1,5]' in binary section
Warning: unknown variable 'm[0,1,40]' in binary section
Warning: unknown variable 'm[0,1,43]' in binary section
Read LP format model from file gift_fixed_key.lp
Reading time = 0.01 seconds
: 348 rows, 208 columns, 1902 nonzeros

Using Gurobi shared library /opt/gurobi1300/linux64/lib/libgurobi.so.13.0.0

CPU model: Intel(R) Xeon(R) w3-2423, instruction set [SSE2|AVX|AVX2|AVX512]
Thread count: 6 physical cores, 12 logical processors, using up to 12 threads

Optimize a model with 348 rows, 208 columns and 1902 nonzeros (Min)
Model fingerprint: 0xab7082cc
Model has 0 linear objective coefficients
Variable types: 0 continuous, 208 integer (208 binary)
Coefficient statistics:
  Matrix range     [1e+00, 5e+02]
  Objective range  [0e+00, 0e+00]
  Bounds range     [1e+00, 1e+00]
  RHS range        [1e+00, 5e+02]
Presolve removed 134 rows and 72 columns
Presolve time: 0.00s

Explored 0 nodes (0 simplex iterations) in 0.01 seconds (0.00 work units)
Thread count was 1 (of 12 available processors)

Solution count 0

Model is infeasible
Best objective -, best bound -, gap -

Gurobi 13.0.0 (linux64, gurobi_cl) logging started Thu Nov 20 13:11:02 2025

Set parameter Username
Set parameter LicenseID to value 2740214
Set parameter LogFile to value "gurobi.log"
Using license file /home/ROCQ/cosmiq/qtan/gurobi.lic
Academic license - for non-commercial use only - expires 2026-11-17

Gurobi Optimizer version 13.0.0 build v13.0.0rc1 (linux64 - "Ubuntu 24.04.3 LTS")
Copyright (c) 2025, Gurobi Optimization, LLC

Error reading LP format file gift_fixed_key.lp at line 177
Incomplete constraint
Neighboring tokens: " Bounds Binaries m[0,0,0] m[0,0,1] m[0,0,2] m[0,0,3] "


Error 10012: Unable to read file


Gurobi 13.0.0 (linux64, gurobi_cl) logging started Thu Nov 20 13:11:05 2025

Set parameter Username
Set parameter LicenseID to value 2740214
Set parameter LogFile to value "gurobi.log"
Using license file /home/ROCQ/cosmiq/qtan/gurobi.lic
Academic license - for non-commercial use only - expires 2026-11-17

Gurobi Optimizer version 13.0.0 build v13.0.0rc1 (linux64 - "Ubuntu 24.04.3 LTS")
Copyright (c) 2025, Gurobi Optimization, LLC

Error reading LP format file gift_fixed_key.lp at line 176
Incomplete constraint
Neighboring tokens: " Bounds Binaries m[0,0,0] m[0,0,1] m[0,0,2] m[0,0,3] "


Error 10012: Unable to read file


Gurobi 13.0.0 (linux64, gurobi_cl) logging started Thu Nov 20 13:11:20 2025

Set parameter Username
Set parameter LicenseID to value 2740214
Set parameter LogFile to value "gurobi.log"
Using license file /home/ROCQ/cosmiq/qtan/gurobi.lic
Academic license - for non-commercial use only - expires 2026-11-17

Gurobi Optimizer version 13.0.0 build v13.0.0rc1 (linux64 - "Ubuntu 24.04.3 LTS")
Copyright (c) 2025, Gurobi Optimization, LLC

Read LP format model from file gift_fixed_key.lp
Reading time = 0.00 seconds
: 476 rows, 208 columns, 2030 nonzeros

Using Gurobi shared library /opt/gurobi1300/linux64/lib/libgurobi.so.13.0.0

CPU model: Intel(R) Xeon(R) w3-2423, instruction set [SSE2|AVX|AVX2|AVX512]
Thread count: 6 physical cores, 12 logical processors, using up to 12 threads

Optimize a model with 476 rows, 208 columns and 2030 nonzeros (Min)
Model fingerprint: 0xf2ce8683
Model has 0 linear objective coefficients
Variable types: 0 continuous, 208 integer (208 binary)
Coefficient statistics:
  Matrix range     [1e+00, 5e+02]
  Objective range  [0e+00, 0e+00]
  Bounds range     [1e+00, 1e+00]
  RHS range        [1e+00, 5e+02]
Presolve removed 474 rows and 208 columns
Presolve time: 0.00s

Explored 0 nodes (0 simplex iterations) in 0.01 seconds (0.00 work units)
Thread count was 1 (of 12 available processors)

Solution count 0

Model is infeasible
Best objective -, best bound -, gap -

Gurobi 13.0.0 (linux64, gurobi_cl) logging started Thu Nov 20 13:11:25 2025

Set parameter Username
Set parameter LicenseID to value 2740214
Set parameter LogFile to value "gurobi.log"
Using license file /home/ROCQ/cosmiq/qtan/gurobi.lic
Academic license - for non-commercial use only - expires 2026-11-17

Gurobi Optimizer version 13.0.0 build v13.0.0rc1 (linux64 - "Ubuntu 24.04.3 LTS")
Copyright (c) 2025, Gurobi Optimization, LLC

Error reading LP format file gift_fixed_key.lp at line 176
Incomplete constraint
Neighboring tokens: " Bounds Binaries m[0,0,0] m[0,0,1] m[0,0,2] m[0,0,3] "


Error 10012: Unable to read file


Gurobi 13.0.0 (linux64, gurobi_cl) logging started Thu Nov 20 13:11:48 2025

Set parameter Username
Set parameter LicenseID to value 2740214
Set parameter LogFile to value "gurobi.log"
Using license file /home/ROCQ/cosmiq/qtan/gurobi.lic
Academic license - for non-commercial use only - expires 2026-11-17

Gurobi Optimizer version 13.0.0 build v13.0.0rc1 (linux64 - "Ubuntu 24.04.3 LTS")
Copyright (c) 2025, Gurobi Optimization, LLC

Warning: unknown variable 'c[0,2,0.0]' in binary section
Warning: unknown variable 'c[0,2,-3.0]' in binary section
Warning: unknown variable 'c[0,2,-2.0]' in binary section
Warning: unknown variable 'c[0,2,-1.41504]' in binary section
Warning: unknown variable 'c[0,2,-1.0]' in binary section
Warning: unknown variable 'c[0,3,0.0]' in binary section
Warning: unknown variable 'c[0,3,-3.0]' in binary section
Warning: unknown variable 'c[0,3,-2.0]' in binary section
Warning: unknown variable 'c[0,3,-1.41504]' in binary section
Warning: unknown variable 'c[0,3,-1.0]' in binary section
Warning: unknown variable 'c[0,4,0.0]' in binary section
Warning: unknown variable 'c[0,4,-3.0]' in binary section
Warning: unknown variable 'c[0,4,-2.0]' in binary section
Warning: unknown variable 'c[0,4,-1.41504]' in binary section
Warning: unknown variable 'c[0,4,-1.0]' in binary section
Warning: unknown variable 'c[0,5,0.0]' in binary section
Warning: unknown variable 'c[0,5,-3.0]' in binary section
Warning: unknown variable 'c[0,5,-2.0]' in binary section
Warning: unknown variable 'c[0,5,-1.41504]' in binary section
Warning: unknown variable 'c[0,5,-1.0]' in binary section
Warning: unknown variable 'c[0,6,0.0]' in binary section
Warning: unknown variable 'c[0,6,-3.0]' in binary section
Warning: unknown variable 'c[0,6,-2.0]' in binary section
Warning: unknown variable 'c[0,6,-1.41504]' in binary section
Warning: unknown variable 'c[0,6,-1.0]' in binary section
Warning: unknown variable 'c[0,7,0.0]' in binary section
Warning: unknown variable 'c[0,7,-3.0]' in binary section
Warning: unknown variable 'c[0,7,-2.0]' in binary section
Warning: unknown variable 'c[0,7,-1.41504]' in binary section
Warning: unknown variable 'c[0,7,-1.0]' in binary section
Warning: unknown variable 'c[0,8,0.0]' in binary section
Warning: unknown variable 'c[0,8,-3.0]' in binary section
Warning: unknown variable 'c[0,8,-2.0]' in binary section
Warning: unknown variable 'c[0,8,-1.41504]' in binary section
Warning: unknown variable 'c[0,8,-1.0]' in binary section
Warning: unknown variable 'c[0,9,0.0]' in binary section
Warning: unknown variable 'c[0,9,-3.0]' in binary section
Warning: unknown variable 'c[0,9,-2.0]' in binary section
Warning: unknown variable 'c[0,9,-1.41504]' in binary section
Warning: unknown variable 'c[0,9,-1.0]' in binary section
Warning: unknown variable 'c[0,10,0.0]' in binary section
Warning: unknown variable 'c[0,10,-3.0]' in binary section
Warning: unknown variable 'c[0,10,-2.0]' in binary section
Warning: unknown variable 'c[0,10,-1.41504]' in binary section
Warning: unknown variable 'c[0,10,-1.0]' in binary section
Warning: unknown variable 'c[0,11,0.0]' in binary section
Warning: unknown variable 'c[0,11,-3.0]' in binary section
Warning: unknown variable 'c[0,11,-2.0]' in binary section
Warning: unknown variable 'c[0,11,-1.41504]' in binary section
Warning: unknown variable 'c[0,11,-1.0]' in binary section
Warning: unknown variable 'c[0,12,0.0]' in binary section
Warning: unknown variable 'c[0,12,-3.0]' in binary section
Warning: unknown variable 'c[0,12,-2.0]' in binary section
Warning: unknown variable 'c[0,12,-1.41504]' in binary section
Warning: unknown variable 'c[0,12,-1.0]' in binary section
Warning: unknown variable 'c[0,13,0.0]' in binary section
Warning: unknown variable 'c[0,13,-3.0]' in binary section
Warning: unknown variable 'c[0,13,-2.0]' in binary section
Warning: unknown variable 'c[0,13,-1.41504]' in binary section
Warning: unknown variable 'c[0,13,-1.0]' in binary section
Warning: unknown variable 'c[0,14,0.0]' in binary section
Warning: unknown variable 'c[0,14,-3.0]' in binary section
Warning: unknown variable 'c[0,14,-2.0]' in binary section
Warning: unknown variable 'c[0,14,-1.41504]' in binary section
Warning: unknown variable 'c[0,14,-1.0]' in binary section
Warning: unknown variable 'c[0,15,0.0]' in binary section
Warning: unknown variable 'c[0,15,-3.0]' in binary section
Warning: unknown variable 'c[0,15,-2.0]' in binary section
Warning: unknown variable 'c[0,15,-1.41504]' in binary section
Warning: unknown variable 'c[0,15,-1.0]' in binary section
Read LP format model from file gift_fixed_key.lp
Reading time = 0.04 seconds
: 152 rows, 208 columns, 263 nonzeros

Using Gurobi shared library /opt/gurobi1300/linux64/lib/libgurobi.so.13.0.0

CPU model: Intel(R) Xeon(R) w3-2423, instruction set [SSE2|AVX|AVX2|AVX512]
Thread count: 6 physical cores, 12 logical processors, using up to 12 threads

Optimize a model with 152 rows, 208 columns and 263 nonzeros (Min)
Model fingerprint: 0xc6c71165
Model has 0 linear objective coefficients
Variable types: 0 continuous, 208 integer (208 binary)
Coefficient statistics:
  Matrix range     [1e+00, 5e+02]
  Objective range  [0e+00, 0e+00]
  Bounds range     [1e+00, 1e+00]
  RHS range        [1e+00, 5e+02]
Found heuristic solution: objective 0.0000000

Explored 0 nodes (0 simplex iterations) in 0.01 seconds (0.00 work units)
Thread count was 1 (of 12 available processors)

Solution count 1: 0 

Optimal solution found (tolerance 1.00e-04)
Best objective 0.000000000000e+00, best bound 0.000000000000e+00, gap 0.0000%

Gurobi 13.0.0 (linux64, gurobi_cl) logging started Thu Nov 20 13:12:14 2025

Set parameter Username
Set parameter LicenseID to value 2740214
Set parameter LogFile to value "gurobi.log"
Using license file /home/ROCQ/cosmiq/qtan/gurobi.lic
Academic license - for non-commercial use only - expires 2026-11-17

Gurobi Optimizer version 13.0.0 build v13.0.0rc1 (linux64 - "Ubuntu 24.04.3 LTS")
Copyright (c) 2025, Gurobi Optimization, LLC

Warning: unknown variable 'c[0,4,0.0]' in binary section
Warning: unknown variable 'c[0,4,-3.0]' in binary section
Warning: unknown variable 'c[0,4,-2.0]' in binary section
Warning: unknown variable 'c[0,4,-1.41504]' in binary section
Warning: unknown variable 'c[0,4,-1.0]' in binary section
Warning: unknown variable 'c[0,5,0.0]' in binary section
Warning: unknown variable 'c[0,5,-3.0]' in binary section
Warning: unknown variable 'c[0,5,-2.0]' in binary section
Warning: unknown variable 'c[0,5,-1.41504]' in binary section
Warning: unknown variable 'c[0,5,-1.0]' in binary section
Warning: unknown variable 'c[0,6,0.0]' in binary section
Warning: unknown variable 'c[0,6,-3.0]' in binary section
Warning: unknown variable 'c[0,6,-2.0]' in binary section
Warning: unknown variable 'c[0,6,-1.41504]' in binary section
Warning: unknown variable 'c[0,6,-1.0]' in binary section
Warning: unknown variable 'c[0,7,0.0]' in binary section
Warning: unknown variable 'c[0,7,-3.0]' in binary section
Warning: unknown variable 'c[0,7,-2.0]' in binary section
Warning: unknown variable 'c[0,7,-1.41504]' in binary section
Warning: unknown variable 'c[0,7,-1.0]' in binary section
Warning: unknown variable 'c[0,8,0.0]' in binary section
Warning: unknown variable 'c[0,8,-3.0]' in binary section
Warning: unknown variable 'c[0,8,-2.0]' in binary section
Warning: unknown variable 'c[0,8,-1.41504]' in binary section
Warning: unknown variable 'c[0,8,-1.0]' in binary section
Warning: unknown variable 'c[0,9,0.0]' in binary section
Warning: unknown variable 'c[0,9,-3.0]' in binary section
Warning: unknown variable 'c[0,9,-2.0]' in binary section
Warning: unknown variable 'c[0,9,-1.41504]' in binary section
Warning: unknown variable 'c[0,9,-1.0]' in binary section
Warning: unknown variable 'c[0,10,0.0]' in binary section
Warning: unknown variable 'c[0,10,-3.0]' in binary section
Warning: unknown variable 'c[0,10,-2.0]' in binary section
Warning: unknown variable 'c[0,10,-1.41504]' in binary section
Warning: unknown variable 'c[0,10,-1.0]' in binary section
Warning: unknown variable 'c[0,11,0.0]' in binary section
Warning: unknown variable 'c[0,11,-3.0]' in binary section
Warning: unknown variable 'c[0,11,-2.0]' in binary section
Warning: unknown variable 'c[0,11,-1.41504]' in binary section
Warning: unknown variable 'c[0,11,-1.0]' in binary section
Warning: unknown variable 'c[0,12,0.0]' in binary section
Warning: unknown variable 'c[0,12,-3.0]' in binary section
Warning: unknown variable 'c[0,12,-2.0]' in binary section
Warning: unknown variable 'c[0,12,-1.41504]' in binary section
Warning: unknown variable 'c[0,12,-1.0]' in binary section
Warning: unknown variable 'c[0,13,0.0]' in binary section
Warning: unknown variable 'c[0,13,-3.0]' in binary section
Warning: unknown variable 'c[0,13,-2.0]' in binary section
Warning: unknown variable 'c[0,13,-1.41504]' in binary section
Warning: unknown variable 'c[0,13,-1.0]' in binary section
Warning: unknown variable 'c[0,14,0.0]' in binary section
Warning: unknown variable 'c[0,14,-3.0]' in binary section
Warning: unknown variable 'c[0,14,-2.0]' in binary section
Warning: unknown variable 'c[0,14,-1.41504]' in binary section
Warning: unknown variable 'c[0,14,-1.0]' in binary section
Warning: unknown variable 'c[0,15,0.0]' in binary section
Warning: unknown variable 'c[0,15,-3.0]' in binary section
Warning: unknown variable 'c[0,15,-2.0]' in binary section
Warning: unknown variable 'c[0,15,-1.41504]' in binary section
Warning: unknown variable 'c[0,15,-1.0]' in binary section
Read LP format model from file gift_fixed_key.lp
Reading time = 0.04 seconds
: 188 rows, 208 columns, 434 nonzeros

Using Gurobi shared library /opt/gurobi1300/linux64/lib/libgurobi.so.13.0.0

CPU model: Intel(R) Xeon(R) w3-2423, instruction set [SSE2|AVX|AVX2|AVX512]
Thread count: 6 physical cores, 12 logical processors, using up to 12 threads

Optimize a model with 188 rows, 208 columns and 434 nonzeros (Min)
Model fingerprint: 0xf021c6bc
Model has 0 linear objective coefficients
Variable types: 0 continuous, 208 integer (208 binary)
Coefficient statistics:
  Matrix range     [1e+00, 5e+02]
  Objective range  [0e+00, 0e+00]
  Bounds range     [1e+00, 1e+00]
  RHS range        [1e+00, 5e+02]
Presolve removed 187 rows and 208 columns
Presolve time: 0.00s

Explored 0 nodes (0 simplex iterations) in 0.01 seconds (0.00 work units)
Thread count was 1 (of 12 available processors)

Solution count 0

Model is infeasible
Best objective -, best bound -, gap -

Gurobi 13.0.0 (linux64, gurobi_cl) logging started Thu Nov 20 13:12:32 2025

Set parameter Username
Set parameter LicenseID to value 2740214
Set parameter LogFile to value "gurobi.log"
Using license file /home/ROCQ/cosmiq/qtan/gurobi.lic
Academic license - for non-commercial use only - expires 2026-11-17

Gurobi Optimizer version 13.0.0 build v13.0.0rc1 (linux64 - "Ubuntu 24.04.3 LTS")
Copyright (c) 2025, Gurobi Optimization, LLC

Warning: unknown variable 'c[0,0,0.0]' in binary section
Warning: unknown variable 'c[0,0,-3.0]' in binary section
Warning: unknown variable 'c[0,0,-2.0]' in binary section
Warning: unknown variable 'c[0,0,-1.41504]' in binary section
Warning: unknown variable 'c[0,0,-1.0]' in binary section
Warning: unknown variable 'c[0,1,0.0]' in binary section
Warning: unknown variable 'c[0,1,-3.0]' in binary section
Warning: unknown variable 'c[0,1,-2.0]' in binary section
Warning: unknown variable 'c[0,1,-1.41504]' in binary section
Warning: unknown variable 'c[0,1,-1.0]' in binary section
Warning: unknown variable 'c[0,4,0.0]' in binary section
Warning: unknown variable 'c[0,4,-3.0]' in binary section
Warning: unknown variable 'c[0,4,-2.0]' in binary section
Warning: unknown variable 'c[0,4,-1.41504]' in binary section
Warning: unknown variable 'c[0,4,-1.0]' in binary section
Warning: unknown variable 'c[0,5,0.0]' in binary section
Warning: unknown variable 'c[0,5,-3.0]' in binary section
Warning: unknown variable 'c[0,5,-2.0]' in binary section
Warning: unknown variable 'c[0,5,-1.41504]' in binary section
Warning: unknown variable 'c[0,5,-1.0]' in binary section
Warning: unknown variable 'c[0,6,0.0]' in binary section
Warning: unknown variable 'c[0,6,-3.0]' in binary section
Warning: unknown variable 'c[0,6,-2.0]' in binary section
Warning: unknown variable 'c[0,6,-1.41504]' in binary section
Warning: unknown variable 'c[0,6,-1.0]' in binary section
Warning: unknown variable 'c[0,7,0.0]' in binary section
Warning: unknown variable 'c[0,7,-3.0]' in binary section
Warning: unknown variable 'c[0,7,-2.0]' in binary section
Warning: unknown variable 'c[0,7,-1.41504]' in binary section
Warning: unknown variable 'c[0,7,-1.0]' in binary section
Warning: unknown variable 'c[0,8,0.0]' in binary section
Warning: unknown variable 'c[0,8,-3.0]' in binary section
Warning: unknown variable 'c[0,8,-2.0]' in binary section
Warning: unknown variable 'c[0,8,-1.41504]' in binary section
Warning: unknown variable 'c[0,8,-1.0]' in binary section
Warning: unknown variable 'c[0,9,0.0]' in binary section
Warning: unknown variable 'c[0,9,-3.0]' in binary section
Warning: unknown variable 'c[0,9,-2.0]' in binary section
Warning: unknown variable 'c[0,9,-1.41504]' in binary section
Warning: unknown variable 'c[0,9,-1.0]' in binary section
Warning: unknown variable 'c[0,10,0.0]' in binary section
Warning: unknown variable 'c[0,10,-3.0]' in binary section
Warning: unknown variable 'c[0,10,-2.0]' in binary section
Warning: unknown variable 'c[0,10,-1.41504]' in binary section
Warning: unknown variable 'c[0,10,-1.0]' in binary section
Warning: unknown variable 'c[0,11,0.0]' in binary section
Warning: unknown variable 'c[0,11,-3.0]' in binary section
Warning: unknown variable 'c[0,11,-2.0]' in binary section
Warning: unknown variable 'c[0,11,-1.41504]' in binary section
Warning: unknown variable 'c[0,11,-1.0]' in binary section
Warning: unknown variable 'c[0,12,0.0]' in binary section
Warning: unknown variable 'c[0,12,-3.0]' in binary section
Warning: unknown variable 'c[0,12,-2.0]' in binary section
Warning: unknown variable 'c[0,12,-1.41504]' in binary section
Warning: unknown variable 'c[0,12,-1.0]' in binary section
Warning: unknown variable 'c[0,13,0.0]' in binary section
Warning: unknown variable 'c[0,13,-3.0]' in binary section
Warning: unknown variable 'c[0,13,-2.0]' in binary section
Warning: unknown variable 'c[0,13,-1.41504]' in binary section
Warning: unknown variable 'c[0,13,-1.0]' in binary section
Warning: unknown variable 'c[0,14,0.0]' in binary section
Warning: unknown variable 'c[0,14,-3.0]' in binary section
Warning: unknown variable 'c[0,14,-2.0]' in binary section
Warning: unknown variable 'c[0,14,-1.41504]' in binary section
Warning: unknown variable 'c[0,14,-1.0]' in binary section
Warning: unknown variable 'c[0,15,0.0]' in binary section
Warning: unknown variable 'c[0,15,-3.0]' in binary section
Warning: unknown variable 'c[0,15,-2.0]' in binary section
Warning: unknown variable 'c[0,15,-1.41504]' in binary section
Warning: unknown variable 'c[0,15,-1.0]' in binary section
Read LP format model from file gift_fixed_key.lp
Reading time = 0.04 seconds
: 152 rows, 208 columns, 263 nonzeros

Using Gurobi shared library /opt/gurobi1300/linux64/lib/libgurobi.so.13.0.0

CPU model: Intel(R) Xeon(R) w3-2423, instruction set [SSE2|AVX|AVX2|AVX512]
Thread count: 6 physical cores, 12 logical processors, using up to 12 threads

Optimize a model with 152 rows, 208 columns and 263 nonzeros (Min)
Model fingerprint: 0xef92787a
Model has 0 linear objective coefficients
Variable types: 0 continuous, 208 integer (208 binary)
Coefficient statistics:
  Matrix range     [1e+00, 5e+02]
  Objective range  [0e+00, 0e+00]
  Bounds range     [1e+00, 1e+00]
  RHS range        [1e+00, 5e+02]
Found heuristic solution: objective 0.0000000

Explored 0 nodes (0 simplex iterations) in 0.01 seconds (0.00 work units)
Thread count was 1 (of 12 available processors)

Solution count 1: 0 

Optimal solution found (tolerance 1.00e-04)
Best objective 0.000000000000e+00, best bound 0.000000000000e+00, gap 0.0000%

Gurobi 13.0.0 (linux64, gurobi_cl) logging started Thu Nov 20 13:12:34 2025

Set parameter Username
Set parameter LicenseID to value 2740214
Set parameter LogFile to value "gurobi.log"
Using license file /home/ROCQ/cosmiq/qtan/gurobi.lic
Academic license - for non-commercial use only - expires 2026-11-17

Gurobi Optimizer version 13.0.0 build v13.0.0rc1 (linux64 - "Ubuntu 24.04.3 LTS")
Copyright (c) 2025, Gurobi Optimization, LLC

Warning: unknown variable 'c[0,0,0.0]' in binary section
Warning: unknown variable 'c[0,0,-3.0]' in binary section
Warning: unknown variable 'c[0,0,-2.0]' in binary section
Warning: unknown variable 'c[0,0,-1.41504]' in binary section
Warning: unknown variable 'c[0,0,-1.0]' in binary section
Warning: unknown variable 'c[0,1,0.0]' in binary section
Warning: unknown variable 'c[0,1,-3.0]' in binary section
Warning: unknown variable 'c[0,1,-2.0]' in binary section
Warning: unknown variable 'c[0,1,-1.41504]' in binary section
Warning: unknown variable 'c[0,1,-1.0]' in binary section
Warning: unknown variable 'c[0,4,0.0]' in binary section
Warning: unknown variable 'c[0,4,-3.0]' in binary section
Warning: unknown variable 'c[0,4,-2.0]' in binary section
Warning: unknown variable 'c[0,4,-1.41504]' in binary section
Warning: unknown variable 'c[0,4,-1.0]' in binary section
Warning: unknown variable 'c[0,5,0.0]' in binary section
Warning: unknown variable 'c[0,5,-3.0]' in binary section
Warning: unknown variable 'c[0,5,-2.0]' in binary section
Warning: unknown variable 'c[0,5,-1.41504]' in binary section
Warning: unknown variable 'c[0,5,-1.0]' in binary section
Warning: unknown variable 'c[0,6,0.0]' in binary section
Warning: unknown variable 'c[0,6,-3.0]' in binary section
Warning: unknown variable 'c[0,6,-2.0]' in binary section
Warning: unknown variable 'c[0,6,-1.41504]' in binary section
Warning: unknown variable 'c[0,6,-1.0]' in binary section
Warning: unknown variable 'c[0,7,0.0]' in binary section
Warning: unknown variable 'c[0,7,-3.0]' in binary section
Warning: unknown variable 'c[0,7,-2.0]' in binary section
Warning: unknown variable 'c[0,7,-1.41504]' in binary section
Warning: unknown variable 'c[0,7,-1.0]' in binary section
Warning: unknown variable 'c[0,8,0.0]' in binary section
Warning: unknown variable 'c[0,8,-3.0]' in binary section
Warning: unknown variable 'c[0,8,-2.0]' in binary section
Warning: unknown variable 'c[0,8,-1.41504]' in binary section
Warning: unknown variable 'c[0,8,-1.0]' in binary section
Warning: unknown variable 'c[0,9,0.0]' in binary section
Warning: unknown variable 'c[0,9,-3.0]' in binary section
Warning: unknown variable 'c[0,9,-2.0]' in binary section
Warning: unknown variable 'c[0,9,-1.41504]' in binary section
Warning: unknown variable 'c[0,9,-1.0]' in binary section
Warning: unknown variable 'c[0,10,0.0]' in binary section
Warning: unknown variable 'c[0,10,-3.0]' in binary section
Warning: unknown variable 'c[0,10,-2.0]' in binary section
Warning: unknown variable 'c[0,10,-1.41504]' in binary section
Warning: unknown variable 'c[0,10,-1.0]' in binary section
Warning: unknown variable 'c[0,11,0.0]' in binary section
Warning: unknown variable 'c[0,11,-3.0]' in binary section
Warning: unknown variable 'c[0,11,-2.0]' in binary section
Warning: unknown variable 'c[0,11,-1.41504]' in binary section
Warning: unknown variable 'c[0,11,-1.0]' in binary section
Warning: unknown variable 'c[0,12,0.0]' in binary section
Warning: unknown variable 'c[0,12,-3.0]' in binary section
Warning: unknown variable 'c[0,12,-2.0]' in binary section
Warning: unknown variable 'c[0,12,-1.41504]' in binary section
Warning: unknown variable 'c[0,12,-1.0]' in binary section
Warning: unknown variable 'c[0,13,0.0]' in binary section
Warning: unknown variable 'c[0,13,-3.0]' in binary section
Warning: unknown variable 'c[0,13,-2.0]' in binary section
Warning: unknown variable 'c[0,13,-1.41504]' in binary section
Warning: unknown variable 'c[0,13,-1.0]' in binary section
Warning: unknown variable 'c[0,14,0.0]' in binary section
Warning: unknown variable 'c[0,14,-3.0]' in binary section
Warning: unknown variable 'c[0,14,-2.0]' in binary section
Warning: unknown variable 'c[0,14,-1.41504]' in binary section
Warning: unknown variable 'c[0,14,-1.0]' in binary section
Warning: unknown variable 'c[0,15,0.0]' in binary section
Warning: unknown variable 'c[0,15,-3.0]' in binary section
Warning: unknown variable 'c[0,15,-2.0]' in binary section
Warning: unknown variable 'c[0,15,-1.41504]' in binary section
Warning: unknown variable 'c[0,15,-1.0]' in binary section
Read LP format model from file gift_fixed_key.lp
Reading time = 0.04 seconds
: 152 rows, 208 columns, 263 nonzeros

Using Gurobi shared library /opt/gurobi1300/linux64/lib/libgurobi.so.13.0.0

CPU model: Intel(R) Xeon(R) w3-2423, instruction set [SSE2|AVX|AVX2|AVX512]
Thread count: 6 physical cores, 12 logical processors, using up to 12 threads

Optimize a model with 152 rows, 208 columns and 263 nonzeros (Min)
Model fingerprint: 0xef92787a
Model has 0 linear objective coefficients
Variable types: 0 continuous, 208 integer (208 binary)
Coefficient statistics:
  Matrix range     [1e+00, 5e+02]
  Objective range  [0e+00, 0e+00]
  Bounds range     [1e+00, 1e+00]
  RHS range        [1e+00, 5e+02]
Found heuristic solution: objective 0.0000000

Explored 0 nodes (0 simplex iterations) in 0.01 seconds (0.00 work units)
Thread count was 1 (of 12 available processors)

Solution count 1: 0 

Optimal solution found (tolerance 1.00e-04)
Best objective 0.000000000000e+00, best bound 0.000000000000e+00, gap 0.0000%

Gurobi 13.0.0 (linux64, gurobi_cl) logging started Thu Nov 20 13:12:55 2025

Set parameter Username
Set parameter LicenseID to value 2740214
Set parameter LogFile to value "gurobi.log"
Using license file /home/ROCQ/cosmiq/qtan/gurobi.lic
Academic license - for non-commercial use only - expires 2026-11-17

Gurobi Optimizer version 13.0.0 build v13.0.0rc1 (linux64 - "Ubuntu 24.04.3 LTS")
Copyright (c) 2025, Gurobi Optimization, LLC

Warning: unknown variable 'c[0,2,0.0]' in binary section
Warning: unknown variable 'c[0,2,-3.0]' in binary section
Warning: unknown variable 'c[0,2,-2.0]' in binary section
Warning: unknown variable 'c[0,2,-1.41504]' in binary section
Warning: unknown variable 'c[0,2,-1.0]' in binary section
Warning: unknown variable 'c[0,3,0.0]' in binary section
Warning: unknown variable 'c[0,3,-3.0]' in binary section
Warning: unknown variable 'c[0,3,-2.0]' in binary section
Warning: unknown variable 'c[0,3,-1.41504]' in binary section
Warning: unknown variable 'c[0,3,-1.0]' in binary section
Warning: unknown variable 'c[0,4,0.0]' in binary section
Warning: unknown variable 'c[0,4,-3.0]' in binary section
Warning: unknown variable 'c[0,4,-2.0]' in binary section
Warning: unknown variable 'c[0,4,-1.41504]' in binary section
Warning: unknown variable 'c[0,4,-1.0]' in binary section
Warning: unknown variable 'c[0,5,0.0]' in binary section
Warning: unknown variable 'c[0,5,-3.0]' in binary section
Warning: unknown variable 'c[0,5,-2.0]' in binary section
Warning: unknown variable 'c[0,5,-1.41504]' in binary section
Warning: unknown variable 'c[0,5,-1.0]' in binary section
Warning: unknown variable 'c[0,6,0.0]' in binary section
Warning: unknown variable 'c[0,6,-3.0]' in binary section
Warning: unknown variable 'c[0,6,-2.0]' in binary section
Warning: unknown variable 'c[0,6,-1.41504]' in binary section
Warning: unknown variable 'c[0,6,-1.0]' in binary section
Warning: unknown variable 'c[0,7,0.0]' in binary section
Warning: unknown variable 'c[0,7,-3.0]' in binary section
Warning: unknown variable 'c[0,7,-2.0]' in binary section
Warning: unknown variable 'c[0,7,-1.41504]' in binary section
Warning: unknown variable 'c[0,7,-1.0]' in binary section
Warning: unknown variable 'c[0,8,0.0]' in binary section
Warning: unknown variable 'c[0,8,-3.0]' in binary section
Warning: unknown variable 'c[0,8,-2.0]' in binary section
Warning: unknown variable 'c[0,8,-1.41504]' in binary section
Warning: unknown variable 'c[0,8,-1.0]' in binary section
Warning: unknown variable 'c[0,9,0.0]' in binary section
Warning: unknown variable 'c[0,9,-3.0]' in binary section
Warning: unknown variable 'c[0,9,-2.0]' in binary section
Warning: unknown variable 'c[0,9,-1.41504]' in binary section
Warning: unknown variable 'c[0,9,-1.0]' in binary section
Warning: unknown variable 'c[0,10,0.0]' in binary section
Warning: unknown variable 'c[0,10,-3.0]' in binary section
Warning: unknown variable 'c[0,10,-2.0]' in binary section
Warning: unknown variable 'c[0,10,-1.41504]' in binary section
Warning: unknown variable 'c[0,10,-1.0]' in binary section
Warning: unknown variable 'c[0,11,0.0]' in binary section
Warning: unknown variable 'c[0,11,-3.0]' in binary section
Warning: unknown variable 'c[0,11,-2.0]' in binary section
Warning: unknown variable 'c[0,11,-1.41504]' in binary section
Warning: unknown variable 'c[0,11,-1.0]' in binary section
Warning: unknown variable 'c[0,12,0.0]' in binary section
Warning: unknown variable 'c[0,12,-3.0]' in binary section
Warning: unknown variable 'c[0,12,-2.0]' in binary section
Warning: unknown variable 'c[0,12,-1.41504]' in binary section
Warning: unknown variable 'c[0,12,-1.0]' in binary section
Warning: unknown variable 'c[0,13,0.0]' in binary section
Warning: unknown variable 'c[0,13,-3.0]' in binary section
Warning: unknown variable 'c[0,13,-2.0]' in binary section
Warning: unknown variable 'c[0,13,-1.41504]' in binary section
Warning: unknown variable 'c[0,13,-1.0]' in binary section
Warning: unknown variable 'c[0,14,0.0]' in binary section
Warning: unknown variable 'c[0,14,-3.0]' in binary section
Warning: unknown variable 'c[0,14,-2.0]' in binary section
Warning: unknown variable 'c[0,14,-1.41504]' in binary section
Warning: unknown variable 'c[0,14,-1.0]' in binary section
Warning: unknown variable 'c[0,15,0.0]' in binary section
Warning: unknown variable 'c[0,15,-3.0]' in binary section
Warning: unknown variable 'c[0,15,-2.0]' in binary section
Warning: unknown variable 'c[0,15,-1.41504]' in binary section
Warning: unknown variable 'c[0,15,-1.0]' in binary section
Read LP format model from file gift_fixed_key.lp
Reading time = 0.04 seconds
: 164 rows, 208 columns, 299 nonzeros

Using Gurobi shared library /opt/gurobi1300/linux64/lib/libgurobi.so.13.0.0

CPU model: Intel(R) Xeon(R) w3-2423, instruction set [SSE2|AVX|AVX2|AVX512]
Thread count: 6 physical cores, 12 logical processors, using up to 12 threads

Optimize a model with 164 rows, 208 columns and 299 nonzeros (Min)
Model fingerprint: 0x8fc1b51d
Model has 0 linear objective coefficients
Variable types: 0 continuous, 208 integer (208 binary)
Coefficient statistics:
  Matrix range     [1e+00, 5e+02]
  Objective range  [0e+00, 0e+00]
  Bounds range     [1e+00, 1e+00]
  RHS range        [1e+00, 5e+02]
Presolve removed 163 rows and 208 columns
Presolve time: 0.00s

Explored 0 nodes (0 simplex iterations) in 0.01 seconds (0.00 work units)
Thread count was 1 (of 12 available processors)

Solution count 0

Model is infeasible
Best objective -, best bound -, gap -

Gurobi 13.0.0 (linux64, gurobi_cl) logging started Thu Nov 20 13:13:11 2025

Set parameter Username
Set parameter LicenseID to value 2740214
Set parameter LogFile to value "gurobi.log"
Using license file /home/ROCQ/cosmiq/qtan/gurobi.lic
Academic license - for non-commercial use only - expires 2026-11-17

Gurobi Optimizer version 13.0.0 build v13.0.0rc1 (linux64 - "Ubuntu 24.04.3 LTS")
Copyright (c) 2025, Gurobi Optimization, LLC

Warning: unknown variable 'c[0,0,0.0]' in binary section
Warning: unknown variable 'c[0,0,-3.0]' in binary section
Warning: unknown variable 'c[0,0,-2.0]' in binary section
Warning: unknown variable 'c[0,0,-1.41504]' in binary section
Warning: unknown variable 'c[0,0,-1.0]' in binary section
Warning: unknown variable 'c[0,2,0.0]' in binary section
Warning: unknown variable 'c[0,2,-3.0]' in binary section
Warning: unknown variable 'c[0,2,-2.0]' in binary section
Warning: unknown variable 'c[0,2,-1.41504]' in binary section
Warning: unknown variable 'c[0,2,-1.0]' in binary section
Warning: unknown variable 'c[0,3,0.0]' in binary section
Warning: unknown variable 'c[0,3,-3.0]' in binary section
Warning: unknown variable 'c[0,3,-2.0]' in binary section
Warning: unknown variable 'c[0,3,-1.41504]' in binary section
Warning: unknown variable 'c[0,3,-1.0]' in binary section
Warning: unknown variable 'c[0,4,0.0]' in binary section
Warning: unknown variable 'c[0,4,-3.0]' in binary section
Warning: unknown variable 'c[0,4,-2.0]' in binary section
Warning: unknown variable 'c[0,4,-1.41504]' in binary section
Warning: unknown variable 'c[0,4,-1.0]' in binary section
Warning: unknown variable 'c[0,5,0.0]' in binary section
Warning: unknown variable 'c[0,5,-3.0]' in binary section
Warning: unknown variable 'c[0,5,-2.0]' in binary section
Warning: unknown variable 'c[0,5,-1.41504]' in binary section
Warning: unknown variable 'c[0,5,-1.0]' in binary section
Warning: unknown variable 'c[0,6,0.0]' in binary section
Warning: unknown variable 'c[0,6,-3.0]' in binary section
Warning: unknown variable 'c[0,6,-2.0]' in binary section
Warning: unknown variable 'c[0,6,-1.41504]' in binary section
Warning: unknown variable 'c[0,6,-1.0]' in binary section
Warning: unknown variable 'c[0,7,0.0]' in binary section
Warning: unknown variable 'c[0,7,-3.0]' in binary section
Warning: unknown variable 'c[0,7,-2.0]' in binary section
Warning: unknown variable 'c[0,7,-1.41504]' in binary section
Warning: unknown variable 'c[0,7,-1.0]' in binary section
Warning: unknown variable 'c[0,8,0.0]' in binary section
Warning: unknown variable 'c[0,8,-3.0]' in binary section
Warning: unknown variable 'c[0,8,-2.0]' in binary section
Warning: unknown variable 'c[0,8,-1.41504]' in binary section
Warning: unknown variable 'c[0,8,-1.0]' in binary section
Warning: unknown variable 'c[0,9,0.0]' in binary section
Warning: unknown variable 'c[0,9,-3.0]' in binary section
Warning: unknown variable 'c[0,9,-2.0]' in binary section
Warning: unknown variable 'c[0,9,-1.41504]' in binary section
Warning: unknown variable 'c[0,9,-1.0]' in binary section
Warning: unknown variable 'c[0,10,0.0]' in binary section
Warning: unknown variable 'c[0,10,-3.0]' in binary section
Warning: unknown variable 'c[0,10,-2.0]' in binary section
Warning: unknown variable 'c[0,10,-1.41504]' in binary section
Warning: unknown variable 'c[0,10,-1.0]' in binary section
Warning: unknown variable 'c[0,11,0.0]' in binary section
Warning: unknown variable 'c[0,11,-3.0]' in binary section
Warning: unknown variable 'c[0,11,-2.0]' in binary section
Warning: unknown variable 'c[0,11,-1.41504]' in binary section
Warning: unknown variable 'c[0,11,-1.0]' in binary section
Warning: unknown variable 'c[0,12,0.0]' in binary section
Warning: unknown variable 'c[0,12,-3.0]' in binary section
Warning: unknown variable 'c[0,12,-2.0]' in binary section
Warning: unknown variable 'c[0,12,-1.41504]' in binary section
Warning: unknown variable 'c[0,12,-1.0]' in binary section
Warning: unknown variable 'c[0,13,0.0]' in binary section
Warning: unknown variable 'c[0,13,-3.0]' in binary section
Warning: unknown variable 'c[0,13,-2.0]' in binary section
Warning: unknown variable 'c[0,13,-1.41504]' in binary section
Warning: unknown variable 'c[0,13,-1.0]' in binary section
Warning: unknown variable 'c[0,14,0.0]' in binary section
Warning: unknown variable 'c[0,14,-3.0]' in binary section
Warning: unknown variable 'c[0,14,-2.0]' in binary section
Warning: unknown variable 'c[0,14,-1.41504]' in binary section
Warning: unknown variable 'c[0,14,-1.0]' in binary section
Warning: unknown variable 'c[0,15,0.0]' in binary section
Warning: unknown variable 'c[0,15,-3.0]' in binary section
Warning: unknown variable 'c[0,15,-2.0]' in binary section
Warning: unknown variable 'c[0,15,-1.41504]' in binary section
Warning: unknown variable 'c[0,15,-1.0]' in binary section
Read LP format model from file gift_fixed_key.lp
Reading time = 0.04 seconds
: 141 rows, 208 columns, 169 nonzeros

Using Gurobi shared library /opt/gurobi1300/linux64/lib/libgurobi.so.13.0.0

CPU model: Intel(R) Xeon(R) w3-2423, instruction set [SSE2|AVX|AVX2|AVX512]
Thread count: 6 physical cores, 12 logical processors, using up to 12 threads

Optimize a model with 141 rows, 208 columns and 169 nonzeros (Min)
Model fingerprint: 0xed8bb0e0
Model has 0 linear objective coefficients
Variable types: 0 continuous, 208 integer (208 binary)
Coefficient statistics:
  Matrix range     [1e+00, 5e+02]
  Objective range  [0e+00, 0e+00]
  Bounds range     [1e+00, 1e+00]
  RHS range        [1e+00, 5e+02]
Presolve removed 140 rows and 208 columns
Presolve time: 0.00s

Explored 0 nodes (0 simplex iterations) in 0.01 seconds (0.00 work units)
Thread count was 1 (of 12 available processors)

Solution count 0

Model is infeasible
Best objective -, best bound -, gap -

Gurobi 13.0.0 (linux64, gurobi_cl) logging started Thu Nov 20 13:14:02 2025

Set parameter Username
Set parameter LicenseID to value 2740214
Set parameter LogFile to value "gurobi.log"
Using license file /home/ROCQ/cosmiq/qtan/gurobi.lic
Academic license - for non-commercial use only - expires 2026-11-17

Gurobi Optimizer version 13.0.0 build v13.0.0rc1 (linux64 - "Ubuntu 24.04.3 LTS")
Copyright (c) 2025, Gurobi Optimization, LLC

Warning: unknown variable 'c[0,0,0.0]' in binary section
Warning: unknown variable 'c[0,0,-3.0]' in binary section
Warning: unknown variable 'c[0,0,-2.0]' in binary section
Warning: unknown variable 'c[0,0,-1.41504]' in binary section
Warning: unknown variable 'c[0,0,-1.0]' in binary section
Warning: unknown variable 'c[0,1,0.0]' in binary section
Warning: unknown variable 'c[0,1,-3.0]' in binary section
Warning: unknown variable 'c[0,1,-1.41504]' in binary section
Warning: unknown variable 'c[0,1,-1.0]' in binary section
Warning: unknown variable 'c[0,2,0.0]' in binary section
Warning: unknown variable 'c[0,2,-3.0]' in binary section
Warning: unknown variable 'c[0,2,-2.0]' in binary section
Warning: unknown variable 'c[0,2,-1.41504]' in binary section
Warning: unknown variable 'c[0,2,-1.0]' in binary section
Warning: unknown variable 'c[0,3,0.0]' in binary section
Warning: unknown variable 'c[0,3,-3.0]' in binary section
Warning: unknown variable 'c[0,3,-2.0]' in binary section
Warning: unknown variable 'c[0,3,-1.41504]' in binary section
Warning: unknown variable 'c[0,3,-1.0]' in binary section
Warning: unknown variable 'c[0,4,0.0]' in binary section
Warning: unknown variable 'c[0,4,-3.0]' in binary section
Warning: unknown variable 'c[0,4,-2.0]' in binary section
Warning: unknown variable 'c[0,4,-1.41504]' in binary section
Warning: unknown variable 'c[0,4,-1.0]' in binary section
Warning: unknown variable 'c[0,5,0.0]' in binary section
Warning: unknown variable 'c[0,5,-3.0]' in binary section
Warning: unknown variable 'c[0,5,-2.0]' in binary section
Warning: unknown variable 'c[0,5,-1.41504]' in binary section
Warning: unknown variable 'c[0,5,-1.0]' in binary section
Warning: unknown variable 'c[0,6,0.0]' in binary section
Warning: unknown variable 'c[0,6,-3.0]' in binary section
Warning: unknown variable 'c[0,6,-2.0]' in binary section
Warning: unknown variable 'c[0,6,-1.41504]' in binary section
Warning: unknown variable 'c[0,6,-1.0]' in binary section
Warning: unknown variable 'c[0,7,0.0]' in binary section
Warning: unknown variable 'c[0,7,-3.0]' in binary section
Warning: unknown variable 'c[0,7,-2.0]' in binary section
Warning: unknown variable 'c[0,7,-1.41504]' in binary section
Warning: unknown variable 'c[0,7,-1.0]' in binary section
Warning: unknown variable 'c[0,8,0.0]' in binary section
Warning: unknown variable 'c[0,8,-3.0]' in binary section
Warning: unknown variable 'c[0,8,-2.0]' in binary section
Warning: unknown variable 'c[0,8,-1.41504]' in binary section
Warning: unknown variable 'c[0,8,-1.0]' in binary section
Warning: unknown variable 'c[0,9,0.0]' in binary section
Warning: unknown variable 'c[0,9,-3.0]' in binary section
Warning: unknown variable 'c[0,9,-2.0]' in binary section
Warning: unknown variable 'c[0,9,-1.41504]' in binary section
Warning: unknown variable 'c[0,9,-1.0]' in binary section
Warning: unknown variable 'c[0,10,0.0]' in binary section
Warning: unknown variable 'c[0,10,-3.0]' in binary section
Warning: unknown variable 'c[0,10,-2.0]' in binary section
Warning: unknown variable 'c[0,10,-1.41504]' in binary section
Warning: unknown variable 'c[0,10,-1.0]' in binary section
Warning: unknown variable 'c[0,11,0.0]' in binary section
Warning: unknown variable 'c[0,11,-3.0]' in binary section
Warning: unknown variable 'c[0,11,-2.0]' in binary section
Warning: unknown variable 'c[0,11,-1.41504]' in binary section
Warning: unknown variable 'c[0,11,-1.0]' in binary section
Warning: unknown variable 'c[0,12,0.0]' in binary section
Warning: unknown variable 'c[0,12,-3.0]' in binary section
Warning: unknown variable 'c[0,12,-2.0]' in binary section
Warning: unknown variable 'c[0,12,-1.41504]' in binary section
Warning: unknown variable 'c[0,12,-1.0]' in binary section
Warning: unknown variable 'c[0,13,0.0]' in binary section
Warning: unknown variable 'c[0,13,-3.0]' in binary section
Warning: unknown variable 'c[0,13,-2.0]' in binary section
Warning: unknown variable 'c[0,13,-1.41504]' in binary section
Warning: unknown variable 'c[0,13,-1.0]' in binary section
Warning: unknown variable 'c[0,14,0.0]' in binary section
Warning: unknown variable 'c[0,14,-3.0]' in binary section
Warning: unknown variable 'c[0,14,-2.0]' in binary section
Warning: unknown variable 'c[0,14,-1.41504]' in binary section
Warning: unknown variable 'c[0,14,-1.0]' in binary section
Warning: unknown variable 'c[0,15,0.0]' in binary section
Warning: unknown variable 'c[0,15,-3.0]' in binary section
Warning: unknown variable 'c[0,15,-2.0]' in binary section
Warning: unknown variable 'c[0,15,-1.41504]' in binary section
Warning: unknown variable 'c[0,15,-1.0]' in binary section
Read LP format model from file gift_fixed_key.lp
Reading time = 0.05 seconds
: 137 rows, 208 columns, 161 nonzeros

Using Gurobi shared library /opt/gurobi1300/linux64/lib/libgurobi.so.13.0.0

CPU model: Intel(R) Xeon(R) w3-2423, instruction set [SSE2|AVX|AVX2|AVX512]
Thread count: 6 physical cores, 12 logical processors, using up to 12 threads

Optimize a model with 137 rows, 208 columns and 161 nonzeros (Min)
Model fingerprint: 0x5b16812e
Model has 0 linear objective coefficients
Variable types: 0 continuous, 208 integer (208 binary)
Coefficient statistics:
  Matrix range     [1e+00, 5e+02]
  Objective range  [0e+00, 0e+00]
  Bounds range     [1e+00, 1e+00]
  RHS range        [1e+00, 5e+02]
Presolve removed 0 rows and 79 columns
Presolve time: 0.00s

Explored 0 nodes (0 simplex iterations) in 0.01 seconds (0.00 work units)
Thread count was 1 (of 12 available processors)

Solution count 0

Model is infeasible
Best objective -, best bound -, gap -

Gurobi 13.0.0 (linux64, gurobi_cl) logging started Thu Nov 20 13:14:43 2025

Set parameter Username
Set parameter LicenseID to value 2740214
Set parameter LogFile to value "gurobi.log"
Using license file /home/ROCQ/cosmiq/qtan/gurobi.lic
Academic license - for non-commercial use only - expires 2026-11-17

Gurobi Optimizer version 13.0.0 build v13.0.0rc1 (linux64 - "Ubuntu 24.04.3 LTS")
Copyright (c) 2025, Gurobi Optimization, LLC

Warning: unknown variable 'c[0,0,0.0]' in binary section
Warning: unknown variable 'c[0,0,-3.0]' in binary section
Warning: unknown variable 'c[0,0,-2.0]' in binary section
Warning: unknown variable 'c[0,0,-1.41504]' in binary section
Warning: unknown variable 'c[0,0,-1.0]' in binary section
Warning: unknown variable 'c[0,1,0.0]' in binary section
Warning: unknown variable 'c[0,1,-3.0]' in binary section
Warning: unknown variable 'c[0,1,-1.41504]' in binary section
Warning: unknown variable 'c[0,1,-1.0]' in binary section
Warning: unknown variable 'c[0,2,0.0]' in binary section
Warning: unknown variable 'c[0,2,-3.0]' in binary section
Warning: unknown variable 'c[0,2,-2.0]' in binary section
Warning: unknown variable 'c[0,2,-1.41504]' in binary section
Warning: unknown variable 'c[0,2,-1.0]' in binary section
Warning: unknown variable 'c[0,3,0.0]' in binary section
Warning: unknown variable 'c[0,3,-3.0]' in binary section
Warning: unknown variable 'c[0,3,-2.0]' in binary section
Warning: unknown variable 'c[0,3,-1.41504]' in binary section
Warning: unknown variable 'c[0,3,-1.0]' in binary section
Warning: unknown variable 'c[0,4,0.0]' in binary section
Warning: unknown variable 'c[0,4,-3.0]' in binary section
Warning: unknown variable 'c[0,4,-2.0]' in binary section
Warning: unknown variable 'c[0,4,-1.41504]' in binary section
Warning: unknown variable 'c[0,4,-1.0]' in binary section
Warning: unknown variable 'c[0,5,0.0]' in binary section
Warning: unknown variable 'c[0,5,-3.0]' in binary section
Warning: unknown variable 'c[0,5,-2.0]' in binary section
Warning: unknown variable 'c[0,5,-1.41504]' in binary section
Warning: unknown variable 'c[0,5,-1.0]' in binary section
Warning: unknown variable 'c[0,6,0.0]' in binary section
Warning: unknown variable 'c[0,6,-3.0]' in binary section
Warning: unknown variable 'c[0,6,-2.0]' in binary section
Warning: unknown variable 'c[0,6,-1.41504]' in binary section
Warning: unknown variable 'c[0,6,-1.0]' in binary section
Warning: unknown variable 'c[0,7,0.0]' in binary section
Warning: unknown variable 'c[0,7,-3.0]' in binary section
Warning: unknown variable 'c[0,7,-2.0]' in binary section
Warning: unknown variable 'c[0,7,-1.41504]' in binary section
Warning: unknown variable 'c[0,7,-1.0]' in binary section
Warning: unknown variable 'c[0,8,0.0]' in binary section
Warning: unknown variable 'c[0,8,-3.0]' in binary section
Warning: unknown variable 'c[0,8,-2.0]' in binary section
Warning: unknown variable 'c[0,8,-1.41504]' in binary section
Warning: unknown variable 'c[0,8,-1.0]' in binary section
Warning: unknown variable 'c[0,9,0.0]' in binary section
Warning: unknown variable 'c[0,9,-3.0]' in binary section
Warning: unknown variable 'c[0,9,-2.0]' in binary section
Warning: unknown variable 'c[0,9,-1.41504]' in binary section
Warning: unknown variable 'c[0,9,-1.0]' in binary section
Warning: unknown variable 'c[0,10,0.0]' in binary section
Warning: unknown variable 'c[0,10,-3.0]' in binary section
Warning: unknown variable 'c[0,10,-2.0]' in binary section
Warning: unknown variable 'c[0,10,-1.41504]' in binary section
Warning: unknown variable 'c[0,10,-1.0]' in binary section
Warning: unknown variable 'c[0,11,0.0]' in binary section
Warning: unknown variable 'c[0,11,-3.0]' in binary section
Warning: unknown variable 'c[0,11,-2.0]' in binary section
Warning: unknown variable 'c[0,11,-1.41504]' in binary section
Warning: unknown variable 'c[0,11,-1.0]' in binary section
Warning: unknown variable 'c[0,12,0.0]' in binary section
Warning: unknown variable 'c[0,12,-3.0]' in binary section
Warning: unknown variable 'c[0,12,-2.0]' in binary section
Warning: unknown variable 'c[0,12,-1.41504]' in binary section
Warning: unknown variable 'c[0,12,-1.0]' in binary section
Warning: unknown variable 'c[0,13,0.0]' in binary section
Warning: unknown variable 'c[0,13,-3.0]' in binary section
Warning: unknown variable 'c[0,13,-2.0]' in binary section
Warning: unknown variable 'c[0,13,-1.41504]' in binary section
Warning: unknown variable 'c[0,13,-1.0]' in binary section
Warning: unknown variable 'c[0,14,0.0]' in binary section
Warning: unknown variable 'c[0,14,-3.0]' in binary section
Warning: unknown variable 'c[0,14,-2.0]' in binary section
Warning: unknown variable 'c[0,14,-1.41504]' in binary section
Warning: unknown variable 'c[0,14,-1.0]' in binary section
Warning: unknown variable 'c[0,15,0.0]' in binary section
Warning: unknown variable 'c[0,15,-3.0]' in binary section
Warning: unknown variable 'c[0,15,-2.0]' in binary section
Warning: unknown variable 'c[0,15,-1.41504]' in binary section
Warning: unknown variable 'c[0,15,-1.0]' in binary section
Read LP format model from file gift_fixed_key.lp
Reading time = 0.05 seconds
: 137 rows, 208 columns, 153 nonzeros

Using Gurobi shared library /opt/gurobi1300/linux64/lib/libgurobi.so.13.0.0

CPU model: Intel(R) Xeon(R) w3-2423, instruction set [SSE2|AVX|AVX2|AVX512]
Thread count: 6 physical cores, 12 logical processors, using up to 12 threads

Optimize a model with 137 rows, 208 columns and 153 nonzeros (Min)
Model fingerprint: 0x4559ef0b
Model has 0 linear objective coefficients
Variable types: 0 continuous, 208 integer (208 binary)
Coefficient statistics:
  Matrix range     [1e+00, 1e+00]
  Objective range  [0e+00, 0e+00]
  Bounds range     [1e+00, 1e+00]
  RHS range        [1e+00, 1e+00]
Found heuristic solution: objective 0.0000000

Explored 0 nodes (0 simplex iterations) in 0.01 seconds (0.00 work units)
Thread count was 1 (of 12 available processors)

Solution count 1: 0 

Optimal solution found (tolerance 1.00e-04)
Best objective 0.000000000000e+00, best bound 0.000000000000e+00, gap 0.0000%

Gurobi 13.0.0 (linux64, gurobi_cl) logging started Thu Nov 20 13:15:00 2025

Set parameter Username
Set parameter LicenseID to value 2740214
Set parameter LogFile to value "gurobi.log"
Using license file /home/ROCQ/cosmiq/qtan/gurobi.lic
Academic license - for non-commercial use only - expires 2026-11-17

Gurobi Optimizer version 13.0.0 build v13.0.0rc1 (linux64 - "Ubuntu 24.04.3 LTS")
Copyright (c) 2025, Gurobi Optimization, LLC

Warning: unknown variable 'c[0,0,0.0]' in binary section
Warning: unknown variable 'c[0,0,-3.0]' in binary section
Warning: unknown variable 'c[0,0,-2.0]' in binary section
Warning: unknown variable 'c[0,0,-1.41504]' in binary section
Warning: unknown variable 'c[0,0,-1.0]' in binary section
Warning: unknown variable 'c[0,1,0.0]' in binary section
Warning: unknown variable 'c[0,1,-3.0]' in binary section
Warning: unknown variable 'c[0,1,-1.41504]' in binary section
Warning: unknown variable 'c[0,1,-1.0]' in binary section
Warning: unknown variable 'c[0,2,0.0]' in binary section
Warning: unknown variable 'c[0,2,-3.0]' in binary section
Warning: unknown variable 'c[0,2,-2.0]' in binary section
Warning: unknown variable 'c[0,2,-1.41504]' in binary section
Warning: unknown variable 'c[0,2,-1.0]' in binary section
Warning: unknown variable 'c[0,3,0.0]' in binary section
Warning: unknown variable 'c[0,3,-3.0]' in binary section
Warning: unknown variable 'c[0,3,-2.0]' in binary section
Warning: unknown variable 'c[0,3,-1.41504]' in binary section
Warning: unknown variable 'c[0,3,-1.0]' in binary section
Warning: unknown variable 'c[0,4,0.0]' in binary section
Warning: unknown variable 'c[0,4,-3.0]' in binary section
Warning: unknown variable 'c[0,4,-2.0]' in binary section
Warning: unknown variable 'c[0,4,-1.41504]' in binary section
Warning: unknown variable 'c[0,4,-1.0]' in binary section
Warning: unknown variable 'c[0,5,0.0]' in binary section
Warning: unknown variable 'c[0,5,-3.0]' in binary section
Warning: unknown variable 'c[0,5,-2.0]' in binary section
Warning: unknown variable 'c[0,5,-1.41504]' in binary section
Warning: unknown variable 'c[0,5,-1.0]' in binary section
Warning: unknown variable 'c[0,6,0.0]' in binary section
Warning: unknown variable 'c[0,6,-3.0]' in binary section
Warning: unknown variable 'c[0,6,-2.0]' in binary section
Warning: unknown variable 'c[0,6,-1.41504]' in binary section
Warning: unknown variable 'c[0,6,-1.0]' in binary section
Warning: unknown variable 'c[0,7,0.0]' in binary section
Warning: unknown variable 'c[0,7,-3.0]' in binary section
Warning: unknown variable 'c[0,7,-2.0]' in binary section
Warning: unknown variable 'c[0,7,-1.41504]' in binary section
Warning: unknown variable 'c[0,7,-1.0]' in binary section
Warning: unknown variable 'c[0,8,0.0]' in binary section
Warning: unknown variable 'c[0,8,-3.0]' in binary section
Warning: unknown variable 'c[0,8,-2.0]' in binary section
Warning: unknown variable 'c[0,8,-1.41504]' in binary section
Warning: unknown variable 'c[0,8,-1.0]' in binary section
Warning: unknown variable 'c[0,9,0.0]' in binary section
Warning: unknown variable 'c[0,9,-3.0]' in binary section
Warning: unknown variable 'c[0,9,-2.0]' in binary section
Warning: unknown variable 'c[0,9,-1.41504]' in binary section
Warning: unknown variable 'c[0,9,-1.0]' in binary section
Warning: unknown variable 'c[0,10,0.0]' in binary section
Warning: unknown variable 'c[0,10,-3.0]' in binary section
Warning: unknown variable 'c[0,10,-2.0]' in binary section
Warning: unknown variable 'c[0,10,-1.41504]' in binary section
Warning: unknown variable 'c[0,10,-1.0]' in binary section
Warning: unknown variable 'c[0,11,0.0]' in binary section
Warning: unknown variable 'c[0,11,-3.0]' in binary section
Warning: unknown variable 'c[0,11,-2.0]' in binary section
Warning: unknown variable 'c[0,11,-1.41504]' in binary section
Warning: unknown variable 'c[0,11,-1.0]' in binary section
Warning: unknown variable 'c[0,12,0.0]' in binary section
Warning: unknown variable 'c[0,12,-3.0]' in binary section
Warning: unknown variable 'c[0,12,-2.0]' in binary section
Warning: unknown variable 'c[0,12,-1.41504]' in binary section
Warning: unknown variable 'c[0,12,-1.0]' in binary section
Warning: unknown variable 'c[0,13,0.0]' in binary section
Warning: unknown variable 'c[0,13,-3.0]' in binary section
Warning: unknown variable 'c[0,13,-2.0]' in binary section
Warning: unknown variable 'c[0,13,-1.41504]' in binary section
Warning: unknown variable 'c[0,13,-1.0]' in binary section
Warning: unknown variable 'c[0,14,0.0]' in binary section
Warning: unknown variable 'c[0,14,-3.0]' in binary section
Warning: unknown variable 'c[0,14,-2.0]' in binary section
Warning: unknown variable 'c[0,14,-1.41504]' in binary section
Warning: unknown variable 'c[0,14,-1.0]' in binary section
Warning: unknown variable 'c[0,15,0.0]' in binary section
Warning: unknown variable 'c[0,15,-3.0]' in binary section
Warning: unknown variable 'c[0,15,-2.0]' in binary section
Warning: unknown variable 'c[0,15,-1.41504]' in binary section
Warning: unknown variable 'c[0,15,-1.0]' in binary section
Read LP format model from file gift_fixed_key.lp
Reading time = 0.05 seconds
: 137 rows, 208 columns, 153 nonzeros

Using Gurobi shared library /opt/gurobi1300/linux64/lib/libgurobi.so.13.0.0

CPU model: Intel(R) Xeon(R) w3-2423, instruction set [SSE2|AVX|AVX2|AVX512]
Thread count: 6 physical cores, 12 logical processors, using up to 12 threads

Optimize a model with 137 rows, 208 columns and 153 nonzeros (Min)
Model fingerprint: 0x4559ef0b
Model has 0 linear objective coefficients
Variable types: 0 continuous, 208 integer (208 binary)
Coefficient statistics:
  Matrix range     [1e+00, 1e+00]
  Objective range  [0e+00, 0e+00]
  Bounds range     [1e+00, 1e+00]
  RHS range        [1e+00, 1e+00]
Found heuristic solution: objective 0.0000000

Explored 0 nodes (0 simplex iterations) in 0.01 seconds (0.00 work units)
Thread count was 1 (of 12 available processors)

Solution count 1: 0 

Optimal solution found (tolerance 1.00e-04)
Best objective 0.000000000000e+00, best bound 0.000000000000e+00, gap 0.0000%

Gurobi 13.0.0 (linux64, gurobi_cl) logging started Thu Nov 20 13:15:12 2025

Set parameter Username
Set parameter LicenseID to value 2740214
Set parameter LogFile to value "gurobi.log"
Using license file /home/ROCQ/cosmiq/qtan/gurobi.lic
Academic license - for non-commercial use only - expires 2026-11-17

Gurobi Optimizer version 13.0.0 build v13.0.0rc1 (linux64 - "Ubuntu 24.04.3 LTS")
Copyright (c) 2025, Gurobi Optimization, LLC

Warning: unknown variable 'c[0,0,0.0]' in binary section
Warning: unknown variable 'c[0,0,-3.0]' in binary section
Warning: unknown variable 'c[0,0,-2.0]' in binary section
Warning: unknown variable 'c[0,0,-1.41504]' in binary section
Warning: unknown variable 'c[0,0,-1.0]' in binary section
Warning: unknown variable 'c[0,1,0.0]' in binary section
Warning: unknown variable 'c[0,1,-3.0]' in binary section
Warning: unknown variable 'c[0,1,-1.41504]' in binary section
Warning: unknown variable 'c[0,1,-1.0]' in binary section
Warning: unknown variable 'c[0,2,0.0]' in binary section
Warning: unknown variable 'c[0,2,-3.0]' in binary section
Warning: unknown variable 'c[0,2,-2.0]' in binary section
Warning: unknown variable 'c[0,2,-1.41504]' in binary section
Warning: unknown variable 'c[0,2,-1.0]' in binary section
Warning: unknown variable 'c[0,3,0.0]' in binary section
Warning: unknown variable 'c[0,3,-3.0]' in binary section
Warning: unknown variable 'c[0,3,-2.0]' in binary section
Warning: unknown variable 'c[0,3,-1.41504]' in binary section
Warning: unknown variable 'c[0,3,-1.0]' in binary section
Warning: unknown variable 'c[0,4,0.0]' in binary section
Warning: unknown variable 'c[0,4,-3.0]' in binary section
Warning: unknown variable 'c[0,4,-2.0]' in binary section
Warning: unknown variable 'c[0,4,-1.41504]' in binary section
Warning: unknown variable 'c[0,4,-1.0]' in binary section
Warning: unknown variable 'c[0,5,0.0]' in binary section
Warning: unknown variable 'c[0,5,-3.0]' in binary section
Warning: unknown variable 'c[0,5,-2.0]' in binary section
Warning: unknown variable 'c[0,5,-1.41504]' in binary section
Warning: unknown variable 'c[0,5,-1.0]' in binary section
Warning: unknown variable 'c[0,6,0.0]' in binary section
Warning: unknown variable 'c[0,6,-3.0]' in binary section
Warning: unknown variable 'c[0,6,-2.0]' in binary section
Warning: unknown variable 'c[0,6,-1.41504]' in binary section
Warning: unknown variable 'c[0,6,-1.0]' in binary section
Warning: unknown variable 'c[0,7,0.0]' in binary section
Warning: unknown variable 'c[0,7,-3.0]' in binary section
Warning: unknown variable 'c[0,7,-2.0]' in binary section
Warning: unknown variable 'c[0,7,-1.41504]' in binary section
Warning: unknown variable 'c[0,7,-1.0]' in binary section
Warning: unknown variable 'c[0,8,0.0]' in binary section
Warning: unknown variable 'c[0,8,-3.0]' in binary section
Warning: unknown variable 'c[0,8,-2.0]' in binary section
Warning: unknown variable 'c[0,8,-1.41504]' in binary section
Warning: unknown variable 'c[0,8,-1.0]' in binary section
Warning: unknown variable 'c[0,9,0.0]' in binary section
Warning: unknown variable 'c[0,9,-3.0]' in binary section
Warning: unknown variable 'c[0,9,-2.0]' in binary section
Warning: unknown variable 'c[0,9,-1.41504]' in binary section
Warning: unknown variable 'c[0,9,-1.0]' in binary section
Warning: unknown variable 'c[0,10,0.0]' in binary section
Warning: unknown variable 'c[0,10,-3.0]' in binary section
Warning: unknown variable 'c[0,10,-2.0]' in binary section
Warning: unknown variable 'c[0,10,-1.41504]' in binary section
Warning: unknown variable 'c[0,10,-1.0]' in binary section
Warning: unknown variable 'c[0,11,0.0]' in binary section
Warning: unknown variable 'c[0,11,-3.0]' in binary section
Warning: unknown variable 'c[0,11,-2.0]' in binary section
Warning: unknown variable 'c[0,11,-1.41504]' in binary section
Warning: unknown variable 'c[0,11,-1.0]' in binary section
Warning: unknown variable 'c[0,12,0.0]' in binary section
Warning: unknown variable 'c[0,12,-3.0]' in binary section
Warning: unknown variable 'c[0,12,-2.0]' in binary section
Warning: unknown variable 'c[0,12,-1.41504]' in binary section
Warning: unknown variable 'c[0,12,-1.0]' in binary section
Warning: unknown variable 'c[0,13,0.0]' in binary section
Warning: unknown variable 'c[0,13,-3.0]' in binary section
Warning: unknown variable 'c[0,13,-2.0]' in binary section
Warning: unknown variable 'c[0,13,-1.41504]' in binary section
Warning: unknown variable 'c[0,13,-1.0]' in binary section
Warning: unknown variable 'c[0,14,0.0]' in binary section
Warning: unknown variable 'c[0,14,-3.0]' in binary section
Warning: unknown variable 'c[0,14,-2.0]' in binary section
Warning: unknown variable 'c[0,14,-1.41504]' in binary section
Warning: unknown variable 'c[0,14,-1.0]' in binary section
Warning: unknown variable 'c[0,15,0.0]' in binary section
Warning: unknown variable 'c[0,15,-3.0]' in binary section
Warning: unknown variable 'c[0,15,-2.0]' in binary section
Warning: unknown variable 'c[0,15,-1.41504]' in binary section
Warning: unknown variable 'c[0,15,-1.0]' in binary section
Read LP format model from file gift_fixed_key.lp
Reading time = 0.05 seconds
: 137 rows, 208 columns, 161 nonzeros

Using Gurobi shared library /opt/gurobi1300/linux64/lib/libgurobi.so.13.0.0

CPU model: Intel(R) Xeon(R) w3-2423, instruction set [SSE2|AVX|AVX2|AVX512]
Thread count: 6 physical cores, 12 logical processors, using up to 12 threads

Optimize a model with 137 rows, 208 columns and 161 nonzeros (Min)
Model fingerprint: 0x5b16812e
Model has 0 linear objective coefficients
Variable types: 0 continuous, 208 integer (208 binary)
Coefficient statistics:
  Matrix range     [1e+00, 5e+02]
  Objective range  [0e+00, 0e+00]
  Bounds range     [1e+00, 1e+00]
  RHS range        [1e+00, 5e+02]
Presolve removed 0 rows and 79 columns
Presolve time: 0.00s

Explored 0 nodes (0 simplex iterations) in 0.01 seconds (0.00 work units)
Thread count was 1 (of 12 available processors)

Solution count 0

Model is infeasible
Best objective -, best bound -, gap -

Gurobi 13.0.0 (linux64, gurobi_cl) logging started Thu Nov 20 13:15:27 2025

Set parameter Username
Set parameter LicenseID to value 2740214
Set parameter LogFile to value "gurobi.log"
Using license file /home/ROCQ/cosmiq/qtan/gurobi.lic
Academic license - for non-commercial use only - expires 2026-11-17

Gurobi Optimizer version 13.0.0 build v13.0.0rc1 (linux64 - "Ubuntu 24.04.3 LTS")
Copyright (c) 2025, Gurobi Optimization, LLC

Warning: unknown variable 'c[0,0,0.0]' in binary section
Warning: unknown variable 'c[0,0,-3.0]' in binary section
Warning: unknown variable 'c[0,0,-2.0]' in binary section
Warning: unknown variable 'c[0,0,-1.41504]' in binary section
Warning: unknown variable 'c[0,0,-1.0]' in binary section
Warning: unknown variable 'c[0,1,0.0]' in binary section
Warning: unknown variable 'c[0,1,-3.0]' in binary section
Warning: unknown variable 'c[0,1,-1.41504]' in binary section
Warning: unknown variable 'c[0,1,-1.0]' in binary section
Warning: unknown variable 'c[0,2,0.0]' in binary section
Warning: unknown variable 'c[0,2,-3.0]' in binary section
Warning: unknown variable 'c[0,2,-2.0]' in binary section
Warning: unknown variable 'c[0,2,-1.41504]' in binary section
Warning: unknown variable 'c[0,2,-1.0]' in binary section
Warning: unknown variable 'c[0,3,0.0]' in binary section
Warning: unknown variable 'c[0,3,-3.0]' in binary section
Warning: unknown variable 'c[0,3,-2.0]' in binary section
Warning: unknown variable 'c[0,3,-1.41504]' in binary section
Warning: unknown variable 'c[0,3,-1.0]' in binary section
Warning: unknown variable 'c[0,4,0.0]' in binary section
Warning: unknown variable 'c[0,4,-3.0]' in binary section
Warning: unknown variable 'c[0,4,-2.0]' in binary section
Warning: unknown variable 'c[0,4,-1.41504]' in binary section
Warning: unknown variable 'c[0,4,-1.0]' in binary section
Warning: unknown variable 'c[0,5,0.0]' in binary section
Warning: unknown variable 'c[0,5,-3.0]' in binary section
Warning: unknown variable 'c[0,5,-2.0]' in binary section
Warning: unknown variable 'c[0,5,-1.41504]' in binary section
Warning: unknown variable 'c[0,5,-1.0]' in binary section
Warning: unknown variable 'c[0,6,0.0]' in binary section
Warning: unknown variable 'c[0,6,-3.0]' in binary section
Warning: unknown variable 'c[0,6,-2.0]' in binary section
Warning: unknown variable 'c[0,6,-1.41504]' in binary section
Warning: unknown variable 'c[0,6,-1.0]' in binary section
Warning: unknown variable 'c[0,7,0.0]' in binary section
Warning: unknown variable 'c[0,7,-3.0]' in binary section
Warning: unknown variable 'c[0,7,-2.0]' in binary section
Warning: unknown variable 'c[0,7,-1.41504]' in binary section
Warning: unknown variable 'c[0,7,-1.0]' in binary section
Warning: unknown variable 'c[0,8,0.0]' in binary section
Warning: unknown variable 'c[0,8,-3.0]' in binary section
Warning: unknown variable 'c[0,8,-2.0]' in binary section
Warning: unknown variable 'c[0,8,-1.41504]' in binary section
Warning: unknown variable 'c[0,8,-1.0]' in binary section
Warning: unknown variable 'c[0,9,0.0]' in binary section
Warning: unknown variable 'c[0,9,-3.0]' in binary section
Warning: unknown variable 'c[0,9,-2.0]' in binary section
Warning: unknown variable 'c[0,9,-1.41504]' in binary section
Warning: unknown variable 'c[0,9,-1.0]' in binary section
Warning: unknown variable 'c[0,10,0.0]' in binary section
Warning: unknown variable 'c[0,10,-3.0]' in binary section
Warning: unknown variable 'c[0,10,-2.0]' in binary section
Warning: unknown variable 'c[0,10,-1.41504]' in binary section
Warning: unknown variable 'c[0,10,-1.0]' in binary section
Warning: unknown variable 'c[0,11,0.0]' in binary section
Warning: unknown variable 'c[0,11,-3.0]' in binary section
Warning: unknown variable 'c[0,11,-2.0]' in binary section
Warning: unknown variable 'c[0,11,-1.41504]' in binary section
Warning: unknown variable 'c[0,11,-1.0]' in binary section
Warning: unknown variable 'c[0,12,0.0]' in binary section
Warning: unknown variable 'c[0,12,-3.0]' in binary section
Warning: unknown variable 'c[0,12,-2.0]' in binary section
Warning: unknown variable 'c[0,12,-1.41504]' in binary section
Warning: unknown variable 'c[0,12,-1.0]' in binary section
Warning: unknown variable 'c[0,13,0.0]' in binary section
Warning: unknown variable 'c[0,13,-3.0]' in binary section
Warning: unknown variable 'c[0,13,-2.0]' in binary section
Warning: unknown variable 'c[0,13,-1.41504]' in binary section
Warning: unknown variable 'c[0,13,-1.0]' in binary section
Warning: unknown variable 'c[0,14,0.0]' in binary section
Warning: unknown variable 'c[0,14,-3.0]' in binary section
Warning: unknown variable 'c[0,14,-2.0]' in binary section
Warning: unknown variable 'c[0,14,-1.41504]' in binary section
Warning: unknown variable 'c[0,14,-1.0]' in binary section
Warning: unknown variable 'c[0,15,0.0]' in binary section
Warning: unknown variable 'c[0,15,-3.0]' in binary section
Warning: unknown variable 'c[0,15,-2.0]' in binary section
Warning: unknown variable 'c[0,15,-1.41504]' in binary section
Warning: unknown variable 'c[0,15,-1.0]' in binary section
Read LP format model from file gift_fixed_key.lp
Reading time = 0.05 seconds
: 137 rows, 208 columns, 153 nonzeros

Using Gurobi shared library /opt/gurobi1300/linux64/lib/libgurobi.so.13.0.0

CPU model: Intel(R) Xeon(R) w3-2423, instruction set [SSE2|AVX|AVX2|AVX512]
Thread count: 6 physical cores, 12 logical processors, using up to 12 threads

Optimize a model with 137 rows, 208 columns and 153 nonzeros (Min)
Model fingerprint: 0xbedbcf03
Model has 0 linear objective coefficients
Variable types: 0 continuous, 208 integer (208 binary)
Coefficient statistics:
  Matrix range     [1e+00, 1e+00]
  Objective range  [0e+00, 0e+00]
  Bounds range     [1e+00, 1e+00]
  RHS range        [1e+00, 2e+00]
Presolve removed 0 rows and 79 columns
Presolve time: 0.00s

Explored 0 nodes (0 simplex iterations) in 0.01 seconds (0.00 work units)
Thread count was 1 (of 12 available processors)

Solution count 0

Model is infeasible
Best objective -, best bound -, gap -

Gurobi 13.0.0 (linux64, gurobi_cl) logging started Thu Nov 20 13:27:14 2025

Set parameter Username
Set parameter LicenseID to value 2740214
Set parameter LogFile to value "gurobi.log"
Using license file /home/ROCQ/cosmiq/qtan/gurobi.lic
Academic license - for non-commercial use only - expires 2026-11-17

Gurobi Optimizer version 13.0.0 build v13.0.0rc1 (linux64 - "Ubuntu 24.04.3 LTS")
Copyright (c) 2025, Gurobi Optimization, LLC

Warning: unknown variable 'm[0,0,0]' in binary section
Warning: unknown variable 'm[0,0,1]' in binary section
Warning: unknown variable 'm[0,0,2]' in binary section
Warning: unknown variable 'm[0,0,3]' in binary section
Warning: unknown variable 'm[0,0,7]' in binary section
Warning: unknown variable 'm[0,0,8]' in binary section
Warning: unknown variable 'm[0,0,9]' in binary section
Warning: unknown variable 'm[0,0,10]' in binary section
Warning: unknown variable 'm[0,0,11]' in binary section
Warning: unknown variable 'm[0,0,12]' in binary section
Warning: unknown variable 'm[0,0,13]' in binary section
Warning: unknown variable 'm[0,0,14]' in binary section
Warning: unknown variable 'm[0,0,15]' in binary section
Warning: unknown variable 'm[0,0,16]' in binary section
Warning: unknown variable 'm[0,0,17]' in binary section
Warning: unknown variable 'm[0,0,18]' in binary section
Warning: unknown variable 'm[0,0,19]' in binary section
Warning: unknown variable 'm[0,0,20]' in binary section
Warning: unknown variable 'm[0,0,21]' in binary section
Warning: unknown variable 'm[0,0,22]' in binary section
Warning: unknown variable 'm[0,0,23]' in binary section
Warning: unknown variable 'm[0,0,24]' in binary section
Warning: unknown variable 'm[0,0,25]' in binary section
Warning: unknown variable 'm[0,0,26]' in binary section
Warning: unknown variable 'm[0,0,27]' in binary section
Warning: unknown variable 'm[0,0,28]' in binary section
Warning: unknown variable 'm[0,0,29]' in binary section
Warning: unknown variable 'm[0,0,30]' in binary section
Warning: unknown variable 'm[0,0,31]' in binary section
Warning: unknown variable 'm[0,0,32]' in binary section
Warning: unknown variable 'm[0,0,33]' in binary section
Warning: unknown variable 'm[0,0,34]' in binary section
Warning: unknown variable 'm[0,0,35]' in binary section
Warning: unknown variable 'm[0,0,36]' in binary section
Warning: unknown variable 'm[0,0,37]' in binary section
Warning: unknown variable 'm[0,0,38]' in binary section
Warning: unknown variable 'm[0,0,39]' in binary section
Warning: unknown variable 'm[0,0,40]' in binary section
Warning: unknown variable 'm[0,0,41]' in binary section
Warning: unknown variable 'm[0,0,42]' in binary section
Warning: unknown variable 'm[0,0,43]' in binary section
Warning: unknown variable 'm[0,0,44]' in binary section
Warning: unknown variable 'm[0,0,45]' in binary section
Warning: unknown variable 'm[0,0,46]' in binary section
Warning: unknown variable 'm[0,0,47]' in binary section
Warning: unknown variable 'm[0,0,48]' in binary section
Warning: unknown variable 'm[0,0,49]' in binary section
Warning: unknown variable 'm[0,0,50]' in binary section
Warning: unknown variable 'm[0,0,51]' in binary section
Warning: unknown variable 'm[0,0,52]' in binary section
Warning: unknown variable 'm[0,0,53]' in binary section
Warning: unknown variable 'm[0,0,54]' in binary section
Warning: unknown variable 'm[0,0,55]' in binary section
Warning: unknown variable 'm[0,0,56]' in binary section
Warning: unknown variable 'm[0,0,57]' in binary section
Warning: unknown variable 'm[0,0,58]' in binary section
Warning: unknown variable 'm[0,0,59]' in binary section
Warning: unknown variable 'm[0,0,60]' in binary section
Warning: unknown variable 'm[0,0,61]' in binary section
Warning: unknown variable 'm[0,0,62]' in binary section
Warning: unknown variable 'm[0,0,63]' in binary section
Warning: unknown variable 'm[4,1,0]' in binary section
Warning: unknown variable 'm[4,1,1]' in binary section
Warning: unknown variable 'm[4,1,2]' in binary section
Warning: unknown variable 'm[4,1,3]' in binary section
Warning: unknown variable 'm[4,1,4]' in binary section
Warning: unknown variable 'm[4,1,5]' in binary section
Warning: unknown variable 'm[4,1,6]' in binary section
Warning: unknown variable 'm[4,1,7]' in binary section
Warning: unknown variable 'm[4,1,8]' in binary section
Warning: unknown variable 'm[4,1,9]' in binary section
Warning: unknown variable 'm[4,1,10]' in binary section
Warning: unknown variable 'm[4,1,11]' in binary section
Warning: unknown variable 'm[4,1,12]' in binary section
Warning: unknown variable 'm[4,1,13]' in binary section
Warning: unknown variable 'm[4,1,14]' in binary section
Warning: unknown variable 'm[4,1,15]' in binary section
Warning: unknown variable 'm[4,1,16]' in binary section
Warning: unknown variable 'm[4,1,17]' in binary section
Warning: unknown variable 'm[4,1,18]' in binary section
Warning: unknown variable 'm[4,1,19]' in binary section
Warning: unknown variable 'm[4,1,20]' in binary section
Warning: unknown variable 'm[4,1,21]' in binary section
Warning: unknown variable 'm[4,1,22]' in binary section
Warning: unknown variable 'm[4,1,23]' in binary section
Warning: unknown variable 'm[4,1,24]' in binary section
Warning: unknown variable 'm[4,1,25]' in binary section
Warning: unknown variable 'm[4,1,26]' in binary section
Warning: unknown variable 'm[4,1,27]' in binary section
Warning: unknown variable 'm[4,1,28]' in binary section
Warning: unknown variable 'm[4,1,29]' in binary section
Warning: unknown variable 'm[4,1,30]' in binary section
Warning: unknown variable 'm[4,1,31]' in binary section
Warning: unknown variable 'm[4,1,32]' in binary section
Warning: unknown variable 'm[4,1,33]' in binary section
Warning: unknown variable 'm[4,1,34]' in binary section
Warning: unknown variable 'm[4,1,35]' in binary section
Warning: unknown variable 'm[4,1,36]' in binary section
Warning: unknown variable 'm[4,1,37]' in binary section
Warning: unknown variable 'm[4,1,38]' in binary section
Warning: unknown variable 'm[4,1,39]' in binary section
Warning: unknown variable 'm[4,1,40]' in binary section
Warning: unknown variable 'm[4,1,41]' in binary section
Warning: unknown variable 'm[4,1,42]' in binary section
Warning: unknown variable 'm[4,1,43]' in binary section
Warning: unknown variable 'm[4,1,44]' in binary section
Warning: unknown variable 'm[4,1,45]' in binary section
Warning: unknown variable 'm[4,1,46]' in binary section
Warning: unknown variable 'm[4,1,47]' in binary section
Warning: unknown variable 'm[4,1,48]' in binary section
Warning: unknown variable 'm[4,1,49]' in binary section
Warning: unknown variable 'm[4,1,50]' in binary section
Warning: unknown variable 'm[4,1,51]' in binary section
Warning: unknown variable 'm[4,1,52]' in binary section
Warning: unknown variable 'm[4,1,53]' in binary section
Warning: unknown variable 'm[4,1,54]' in binary section
Warning: unknown variable 'm[4,1,55]' in binary section
Warning: unknown variable 'm[4,1,56]' in binary section
Warning: unknown variable 'm[4,1,57]' in binary section
Warning: unknown variable 'm[4,1,58]' in binary section
Warning: unknown variable 'm[4,1,59]' in binary section
Warning: unknown variable 'm[4,1,60]' in binary section
Warning: unknown variable 'm[4,1,61]' in binary section
Warning: unknown variable 'm[4,1,62]' in binary section
Warning: unknown variable 'm[4,1,63]' in binary section
Warning: unknown variable 'c[0,0,0.0]' in binary section
Warning: unknown variable 'c[0,0,-3.0]' in binary section
Warning: unknown variable 'c[0,0,-2.0]' in binary section
Warning: unknown variable 'c[0,0,-1.41504]' in binary section
Warning: unknown variable 'c[0,0,-1.0]' in binary section
Warning: unknown variable 'c[0,2,0.0]' in binary section
Warning: unknown variable 'c[0,2,-3.0]' in binary section
Warning: unknown variable 'c[0,2,-2.0]' in binary section
Warning: unknown variable 'c[0,2,-1.41504]' in binary section
Warning: unknown variable 'c[0,2,-1.0]' in binary section
Warning: unknown variable 'c[0,3,0.0]' in binary section
Warning: unknown variable 'c[0,3,-3.0]' in binary section
Warning: unknown variable 'c[0,3,-2.0]' in binary section
Warning: unknown variable 'c[0,3,-1.41504]' in binary section
Warning: unknown variable 'c[0,3,-1.0]' in binary section
Warning: unknown variable 'c[0,4,0.0]' in binary section
Warning: unknown variable 'c[0,4,-3.0]' in binary section
Warning: unknown variable 'c[0,4,-2.0]' in binary section
Warning: unknown variable 'c[0,4,-1.41504]' in binary section
Warning: unknown variable 'c[0,4,-1.0]' in binary section
Warning: unknown variable 'c[0,5,0.0]' in binary section
Warning: unknown variable 'c[0,5,-3.0]' in binary section
Warning: unknown variable 'c[0,5,-2.0]' in binary section
Warning: unknown variable 'c[0,5,-1.41504]' in binary section
Warning: unknown variable 'c[0,5,-1.0]' in binary section
Warning: unknown variable 'c[0,6,0.0]' in binary section
Warning: unknown variable 'c[0,6,-3.0]' in binary section
Warning: unknown variable 'c[0,6,-2.0]' in binary section
Warning: unknown variable 'c[0,6,-1.41504]' in binary section
Warning: unknown variable 'c[0,6,-1.0]' in binary section
Warning: unknown variable 'c[0,7,0.0]' in binary section
Warning: unknown variable 'c[0,7,-3.0]' in binary section
Warning: unknown variable 'c[0,7,-2.0]' in binary section
Warning: unknown variable 'c[0,7,-1.41504]' in binary section
Warning: unknown variable 'c[0,7,-1.0]' in binary section
Warning: unknown variable 'c[0,8,0.0]' in binary section
Warning: unknown variable 'c[0,8,-3.0]' in binary section
Warning: unknown variable 'c[0,8,-2.0]' in binary section
Warning: unknown variable 'c[0,8,-1.41504]' in binary section
Warning: unknown variable 'c[0,8,-1.0]' in binary section
Warning: unknown variable 'c[0,9,0.0]' in binary section
Warning: unknown variable 'c[0,9,-3.0]' in binary section
Warning: unknown variable 'c[0,9,-2.0]' in binary section
Warning: unknown variable 'c[0,9,-1.41504]' in binary section
Warning: unknown variable 'c[0,9,-1.0]' in binary section
Warning: unknown variable 'c[0,10,0.0]' in binary section
Warning: unknown variable 'c[0,10,-3.0]' in binary section
Warning: unknown variable 'c[0,10,-2.0]' in binary section
Warning: unknown variable 'c[0,10,-1.41504]' in binary section
Warning: unknown variable 'c[0,10,-1.0]' in binary section
Warning: unknown variable 'c[0,11,0.0]' in binary section
Warning: unknown variable 'c[0,11,-3.0]' in binary section
Warning: unknown variable 'c[0,11,-2.0]' in binary section
Warning: unknown variable 'c[0,11,-1.41504]' in binary section
Warning: unknown variable 'c[0,11,-1.0]' in binary section
Warning: unknown variable 'c[0,12,0.0]' in binary section
Warning: unknown variable 'c[0,12,-3.0]' in binary section
Warning: unknown variable 'c[0,12,-2.0]' in binary section
Warning: unknown variable 'c[0,12,-1.41504]' in binary section
Warning: unknown variable 'c[0,12,-1.0]' in binary section
Warning: unknown variable 'c[0,13,0.0]' in binary section
Warning: unknown variable 'c[0,13,-3.0]' in binary section
Warning: unknown variable 'c[0,13,-2.0]' in binary section
Warning: unknown variable 'c[0,13,-1.41504]' in binary section
Warning: unknown variable 'c[0,13,-1.0]' in binary section
Warning: unknown variable 'c[0,14,0.0]' in binary section
Warning: unknown variable 'c[0,14,-3.0]' in binary section
Warning: unknown variable 'c[0,14,-2.0]' in binary section
Warning: unknown variable 'c[0,14,-1.41504]' in binary section
Warning: unknown variable 'c[0,14,-1.0]' in binary section
Warning: unknown variable 'c[0,15,0.0]' in binary section
Warning: unknown variable 'c[0,15,-3.0]' in binary section
Warning: unknown variable 'c[0,15,-2.0]' in binary section
Warning: unknown variable 'c[0,15,-1.41504]' in binary section
Warning: unknown variable 'c[0,15,-1.0]' in binary section
Warning: unknown variable 'c[1,0,0.0]' in binary section
Warning: unknown variable 'c[1,0,-3.0]' in binary section
Warning: unknown variable 'c[1,0,-2.0]' in binary section
Warning: unknown variable 'c[1,0,-1.41504]' in binary section
Warning: unknown variable 'c[1,0,-1.0]' in binary section
Warning: unknown variable 'c[1,1,0.0]' in binary section
Warning: unknown variable 'c[1,1,-3.0]' in binary section
Warning: unknown variable 'c[1,1,-2.0]' in binary section
Warning: unknown variable 'c[1,1,-1.41504]' in binary section
Warning: unknown variable 'c[1,1,-1.0]' in binary section
Warning: unknown variable 'c[1,2,0.0]' in binary section
Warning: unknown variable 'c[1,2,-3.0]' in binary section
Warning: unknown variable 'c[1,2,-2.0]' in binary section
Warning: unknown variable 'c[1,2,-1.41504]' in binary section
Warning: unknown variable 'c[1,2,-1.0]' in binary section
Warning: unknown variable 'c[1,3,0.0]' in binary section
Warning: unknown variable 'c[1,3,-3.0]' in binary section
Warning: unknown variable 'c[1,3,-2.0]' in binary section
Warning: unknown variable 'c[1,3,-1.41504]' in binary section
Warning: unknown variable 'c[1,3,-1.0]' in binary section
Warning: unknown variable 'c[1,4,0.0]' in binary section
Warning: unknown variable 'c[1,4,-3.0]' in binary section
Warning: unknown variable 'c[1,4,-2.0]' in binary section
Warning: unknown variable 'c[1,4,-1.41504]' in binary section
Warning: unknown variable 'c[1,4,-1.0]' in binary section
Warning: unknown variable 'c[1,5,0.0]' in binary section
Warning: unknown variable 'c[1,5,-3.0]' in binary section
Warning: unknown variable 'c[1,5,-2.0]' in binary section
Warning: unknown variable 'c[1,5,-1.41504]' in binary section
Warning: unknown variable 'c[1,5,-1.0]' in binary section
Warning: unknown variable 'c[1,6,0.0]' in binary section
Warning: unknown variable 'c[1,6,-3.0]' in binary section
Warning: unknown variable 'c[1,6,-2.0]' in binary section
Warning: unknown variable 'c[1,6,-1.41504]' in binary section
Warning: unknown variable 'c[1,6,-1.0]' in binary section
Warning: unknown variable 'c[1,7,0.0]' in binary section
Warning: unknown variable 'c[1,7,-3.0]' in binary section
Warning: unknown variable 'c[1,7,-2.0]' in binary section
Warning: unknown variable 'c[1,7,-1.41504]' in binary section
Warning: unknown variable 'c[1,7,-1.0]' in binary section
Warning: unknown variable 'c[1,8,0.0]' in binary section
Warning: unknown variable 'c[1,8,-3.0]' in binary section
Warning: unknown variable 'c[1,8,-2.0]' in binary section
Warning: unknown variable 'c[1,8,-1.41504]' in binary section
Warning: unknown variable 'c[1,8,-1.0]' in binary section
Warning: unknown variable 'c[1,9,0.0]' in binary section
Warning: unknown variable 'c[1,9,-3.0]' in binary section
Warning: unknown variable 'c[1,9,-2.0]' in binary section
Warning: unknown variable 'c[1,9,-1.41504]' in binary section
Warning: unknown variable 'c[1,9,-1.0]' in binary section
Warning: unknown variable 'c[1,10,0.0]' in binary section
Warning: unknown variable 'c[1,10,-3.0]' in binary section
Warning: unknown variable 'c[1,10,-2.0]' in binary section
Warning: unknown variable 'c[1,10,-1.41504]' in binary section
Warning: unknown variable 'c[1,10,-1.0]' in binary section
Warning: unknown variable 'c[1,11,0.0]' in binary section
Warning: unknown variable 'c[1,11,-3.0]' in binary section
Warning: unknown variable 'c[1,11,-2.0]' in binary section
Warning: unknown variable 'c[1,11,-1.41504]' in binary section
Warning: unknown variable 'c[1,11,-1.0]' in binary section
Warning: unknown variable 'c[1,12,0.0]' in binary section
Warning: unknown variable 'c[1,12,-3.0]' in binary section
Warning: unknown variable 'c[1,12,-2.0]' in binary section
Warning: unknown variable 'c[1,12,-1.41504]' in binary section
Warning: unknown variable 'c[1,12,-1.0]' in binary section
Warning: unknown variable 'c[1,13,0.0]' in binary section
Warning: unknown variable 'c[1,13,-3.0]' in binary section
Warning: unknown variable 'c[1,13,-2.0]' in binary section
Warning: unknown variable 'c[1,13,-1.41504]' in binary section
Warning: unknown variable 'c[1,13,-1.0]' in binary section
Warning: unknown variable 'c[1,14,0.0]' in binary section
Warning: unknown variable 'c[1,14,-3.0]' in binary section
Warning: unknown variable 'c[1,14,-2.0]' in binary section
Warning: unknown variable 'c[1,14,-1.41504]' in binary section
Warning: unknown variable 'c[1,14,-1.0]' in binary section
Warning: unknown variable 'c[1,15,0.0]' in binary section
Warning: unknown variable 'c[1,15,-3.0]' in binary section
Warning: unknown variable 'c[1,15,-2.0]' in binary section
Warning: unknown variable 'c[1,15,-1.41504]' in binary section
Warning: unknown variable 'c[1,15,-1.0]' in binary section
Warning: unknown variable 'c[2,0,0.0]' in binary section
Warning: unknown variable 'c[2,0,-3.0]' in binary section
Warning: unknown variable 'c[2,0,-2.0]' in binary section
Warning: unknown variable 'c[2,0,-1.41504]' in binary section
Warning: unknown variable 'c[2,0,-1.0]' in binary section
Warning: unknown variable 'c[2,1,0.0]' in binary section
Warning: unknown variable 'c[2,1,-3.0]' in binary section
Warning: unknown variable 'c[2,1,-2.0]' in binary section
Warning: unknown variable 'c[2,1,-1.41504]' in binary section
Warning: unknown variable 'c[2,1,-1.0]' in binary section
Warning: unknown variable 'c[2,2,0.0]' in binary section
Warning: unknown variable 'c[2,2,-3.0]' in binary section
Warning: unknown variable 'c[2,2,-2.0]' in binary section
Warning: unknown variable 'c[2,2,-1.41504]' in binary section
Warning: unknown variable 'c[2,2,-1.0]' in binary section
Warning: unknown variable 'c[2,3,0.0]' in binary section
Warning: unknown variable 'c[2,3,-3.0]' in binary section
Warning: unknown variable 'c[2,3,-2.0]' in binary section
Warning: unknown variable 'c[2,3,-1.41504]' in binary section
Warning: unknown variable 'c[2,3,-1.0]' in binary section
Warning: unknown variable 'c[2,4,0.0]' in binary section
Warning: unknown variable 'c[2,4,-3.0]' in binary section
Warning: unknown variable 'c[2,4,-2.0]' in binary section
Warning: unknown variable 'c[2,4,-1.41504]' in binary section
Warning: unknown variable 'c[2,4,-1.0]' in binary section
Warning: unknown variable 'c[2,5,0.0]' in binary section
Warning: unknown variable 'c[2,5,-3.0]' in binary section
Warning: unknown variable 'c[2,5,-2.0]' in binary section
Warning: unknown variable 'c[2,5,-1.41504]' in binary section
Warning: unknown variable 'c[2,5,-1.0]' in binary section
Warning: unknown variable 'c[2,6,0.0]' in binary section
Warning: unknown variable 'c[2,6,-3.0]' in binary section
Warning: unknown variable 'c[2,6,-2.0]' in binary section
Warning: unknown variable 'c[2,6,-1.41504]' in binary section
Warning: unknown variable 'c[2,6,-1.0]' in binary section
Warning: unknown variable 'c[2,7,0.0]' in binary section
Warning: unknown variable 'c[2,7,-3.0]' in binary section
Warning: unknown variable 'c[2,7,-2.0]' in binary section
Warning: unknown variable 'c[2,7,-1.41504]' in binary section
Warning: unknown variable 'c[2,7,-1.0]' in binary section
Warning: unknown variable 'c[2,8,0.0]' in binary section
Warning: unknown variable 'c[2,8,-3.0]' in binary section
Warning: unknown variable 'c[2,8,-2.0]' in binary section
Warning: unknown variable 'c[2,8,-1.41504]' in binary section
Warning: unknown variable 'c[2,8,-1.0]' in binary section
Warning: unknown variable 'c[2,9,0.0]' in binary section
Warning: unknown variable 'c[2,9,-3.0]' in binary section
Warning: unknown variable 'c[2,9,-2.0]' in binary section
Warning: unknown variable 'c[2,9,-1.41504]' in binary section
Warning: unknown variable 'c[2,9,-1.0]' in binary section
Warning: unknown variable 'c[2,10,0.0]' in binary section
Warning: unknown variable 'c[2,10,-3.0]' in binary section
Warning: unknown variable 'c[2,10,-2.0]' in binary section
Warning: unknown variable 'c[2,10,-1.41504]' in binary section
Warning: unknown variable 'c[2,10,-1.0]' in binary section
Warning: unknown variable 'c[2,11,0.0]' in binary section
Warning: unknown variable 'c[2,11,-3.0]' in binary section
Warning: unknown variable 'c[2,11,-2.0]' in binary section
Warning: unknown variable 'c[2,11,-1.41504]' in binary section
Warning: unknown variable 'c[2,11,-1.0]' in binary section
Warning: unknown variable 'c[2,12,0.0]' in binary section
Warning: unknown variable 'c[2,12,-3.0]' in binary section
Warning: unknown variable 'c[2,12,-2.0]' in binary section
Warning: unknown variable 'c[2,12,-1.41504]' in binary section
Warning: unknown variable 'c[2,12,-1.0]' in binary section
Warning: unknown variable 'c[2,13,0.0]' in binary section
Warning: unknown variable 'c[2,13,-3.0]' in binary section
Warning: unknown variable 'c[2,13,-2.0]' in binary section
Warning: unknown variable 'c[2,13,-1.41504]' in binary section
Warning: unknown variable 'c[2,13,-1.0]' in binary section
Warning: unknown variable 'c[2,14,0.0]' in binary section
Warning: unknown variable 'c[2,14,-3.0]' in binary section
Warning: unknown variable 'c[2,14,-2.0]' in binary section
Warning: unknown variable 'c[2,14,-1.41504]' in binary section
Warning: unknown variable 'c[2,14,-1.0]' in binary section
Warning: unknown variable 'c[2,15,0.0]' in binary section
Warning: unknown variable 'c[2,15,-3.0]' in binary section
Warning: unknown variable 'c[2,15,-2.0]' in binary section
Warning: unknown variable 'c[2,15,-1.41504]' in binary section
Warning: unknown variable 'c[2,15,-1.0]' in binary section
Warning: unknown variable 'c[3,0,0.0]' in binary section
Warning: unknown variable 'c[3,0,-3.0]' in binary section
Warning: unknown variable 'c[3,0,-2.0]' in binary section
Warning: unknown variable 'c[3,0,-1.41504]' in binary section
Warning: unknown variable 'c[3,0,-1.0]' in binary section
Warning: unknown variable 'c[3,1,0.0]' in binary section
Warning: unknown variable 'c[3,1,-3.0]' in binary section
Warning: unknown variable 'c[3,1,-2.0]' in binary section
Warning: unknown variable 'c[3,1,-1.41504]' in binary section
Warning: unknown variable 'c[3,1,-1.0]' in binary section
Warning: unknown variable 'c[3,2,0.0]' in binary section
Warning: unknown variable 'c[3,2,-3.0]' in binary section
Warning: unknown variable 'c[3,2,-2.0]' in binary section
Warning: unknown variable 'c[3,2,-1.41504]' in binary section
Warning: unknown variable 'c[3,2,-1.0]' in binary section
Warning: unknown variable 'c[3,3,0.0]' in binary section
Warning: unknown variable 'c[3,3,-3.0]' in binary section
Warning: unknown variable 'c[3,3,-2.0]' in binary section
Warning: unknown variable 'c[3,3,-1.41504]' in binary section
Warning: unknown variable 'c[3,3,-1.0]' in binary section
Warning: unknown variable 'c[3,4,0.0]' in binary section
Warning: unknown variable 'c[3,4,-3.0]' in binary section
Warning: unknown variable 'c[3,4,-2.0]' in binary section
Warning: unknown variable 'c[3,4,-1.41504]' in binary section
Warning: unknown variable 'c[3,4,-1.0]' in binary section
Warning: unknown variable 'c[3,5,0.0]' in binary section
Warning: unknown variable 'c[3,5,-3.0]' in binary section
Warning: unknown variable 'c[3,5,-2.0]' in binary section
Warning: unknown variable 'c[3,5,-1.41504]' in binary section
Warning: unknown variable 'c[3,5,-1.0]' in binary section
Warning: unknown variable 'c[3,6,0.0]' in binary section
Warning: unknown variable 'c[3,6,-3.0]' in binary section
Warning: unknown variable 'c[3,6,-2.0]' in binary section
Warning: unknown variable 'c[3,6,-1.41504]' in binary section
Warning: unknown variable 'c[3,6,-1.0]' in binary section
Warning: unknown variable 'c[3,7,0.0]' in binary section
Warning: unknown variable 'c[3,7,-3.0]' in binary section
Warning: unknown variable 'c[3,7,-2.0]' in binary section
Warning: unknown variable 'c[3,7,-1.41504]' in binary section
Warning: unknown variable 'c[3,7,-1.0]' in binary section
Warning: unknown variable 'c[3,8,0.0]' in binary section
Warning: unknown variable 'c[3,8,-3.0]' in binary section
Warning: unknown variable 'c[3,8,-2.0]' in binary section
Warning: unknown variable 'c[3,8,-1.41504]' in binary section
Warning: unknown variable 'c[3,8,-1.0]' in binary section
Warning: unknown variable 'c[3,9,0.0]' in binary section
Warning: unknown variable 'c[3,9,-3.0]' in binary section
Warning: unknown variable 'c[3,9,-2.0]' in binary section
Warning: unknown variable 'c[3,9,-1.41504]' in binary section
Warning: unknown variable 'c[3,9,-1.0]' in binary section
Warning: unknown variable 'c[3,10,0.0]' in binary section
Warning: unknown variable 'c[3,10,-3.0]' in binary section
Warning: unknown variable 'c[3,10,-2.0]' in binary section
Warning: unknown variable 'c[3,10,-1.41504]' in binary section
Warning: unknown variable 'c[3,10,-1.0]' in binary section
Warning: unknown variable 'c[3,11,0.0]' in binary section
Warning: unknown variable 'c[3,11,-3.0]' in binary section
Warning: unknown variable 'c[3,11,-2.0]' in binary section
Warning: unknown variable 'c[3,11,-1.41504]' in binary section
Warning: unknown variable 'c[3,11,-1.0]' in binary section
Warning: unknown variable 'c[3,12,0.0]' in binary section
Warning: unknown variable 'c[3,12,-3.0]' in binary section
Warning: unknown variable 'c[3,12,-2.0]' in binary section
Warning: unknown variable 'c[3,12,-1.41504]' in binary section
Warning: unknown variable 'c[3,12,-1.0]' in binary section
Warning: unknown variable 'c[3,13,0.0]' in binary section
Warning: unknown variable 'c[3,13,-3.0]' in binary section
Warning: unknown variable 'c[3,13,-2.0]' in binary section
Warning: unknown variable 'c[3,13,-1.41504]' in binary section
Warning: unknown variable 'c[3,13,-1.0]' in binary section
Warning: unknown variable 'c[3,14,0.0]' in binary section
Warning: unknown variable 'c[3,14,-3.0]' in binary section
Warning: unknown variable 'c[3,14,-2.0]' in binary section
Warning: unknown variable 'c[3,14,-1.41504]' in binary section
Warning: unknown variable 'c[3,14,-1.0]' in binary section
Warning: unknown variable 'c[3,15,0.0]' in binary section
Warning: unknown variable 'c[3,15,-3.0]' in binary section
Warning: unknown variable 'c[3,15,-2.0]' in binary section
Warning: unknown variable 'c[3,15,-1.41504]' in binary section
Warning: unknown variable 'c[3,15,-1.0]' in binary section
Warning: unknown variable 'c[4,0,0.0]' in binary section
Warning: unknown variable 'c[4,0,-3.0]' in binary section
Warning: unknown variable 'c[4,0,-2.0]' in binary section
Warning: unknown variable 'c[4,0,-1.41504]' in binary section
Warning: unknown variable 'c[4,0,-1.0]' in binary section
Warning: unknown variable 'c[4,1,0.0]' in binary section
Warning: unknown variable 'c[4,1,-3.0]' in binary section
Warning: unknown variable 'c[4,1,-2.0]' in binary section
Warning: unknown variable 'c[4,1,-1.41504]' in binary section
Warning: unknown variable 'c[4,1,-1.0]' in binary section
Warning: unknown variable 'c[4,2,0.0]' in binary section
Warning: unknown variable 'c[4,2,-3.0]' in binary section
Warning: unknown variable 'c[4,2,-2.0]' in binary section
Warning: unknown variable 'c[4,2,-1.41504]' in binary section
Warning: unknown variable 'c[4,2,-1.0]' in binary section
Warning: unknown variable 'c[4,3,0.0]' in binary section
Warning: unknown variable 'c[4,3,-3.0]' in binary section
Warning: unknown variable 'c[4,3,-2.0]' in binary section
Warning: unknown variable 'c[4,3,-1.41504]' in binary section
Warning: unknown variable 'c[4,3,-1.0]' in binary section
Warning: unknown variable 'c[4,4,0.0]' in binary section
Warning: unknown variable 'c[4,4,-3.0]' in binary section
Warning: unknown variable 'c[4,4,-2.0]' in binary section
Warning: unknown variable 'c[4,4,-1.41504]' in binary section
Warning: unknown variable 'c[4,4,-1.0]' in binary section
Warning: unknown variable 'c[4,5,0.0]' in binary section
Warning: unknown variable 'c[4,5,-3.0]' in binary section
Warning: unknown variable 'c[4,5,-2.0]' in binary section
Warning: unknown variable 'c[4,5,-1.41504]' in binary section
Warning: unknown variable 'c[4,5,-1.0]' in binary section
Warning: unknown variable 'c[4,6,0.0]' in binary section
Warning: unknown variable 'c[4,6,-3.0]' in binary section
Warning: unknown variable 'c[4,6,-2.0]' in binary section
Warning: unknown variable 'c[4,6,-1.41504]' in binary section
Warning: unknown variable 'c[4,6,-1.0]' in binary section
Warning: unknown variable 'c[4,7,0.0]' in binary section
Warning: unknown variable 'c[4,7,-3.0]' in binary section
Warning: unknown variable 'c[4,7,-2.0]' in binary section
Warning: unknown variable 'c[4,7,-1.41504]' in binary section
Warning: unknown variable 'c[4,7,-1.0]' in binary section
Warning: unknown variable 'c[4,8,0.0]' in binary section
Warning: unknown variable 'c[4,8,-3.0]' in binary section
Warning: unknown variable 'c[4,8,-2.0]' in binary section
Warning: unknown variable 'c[4,8,-1.41504]' in binary section
Warning: unknown variable 'c[4,8,-1.0]' in binary section
Warning: unknown variable 'c[4,9,0.0]' in binary section
Warning: unknown variable 'c[4,9,-3.0]' in binary section
Warning: unknown variable 'c[4,9,-2.0]' in binary section
Warning: unknown variable 'c[4,9,-1.41504]' in binary section
Warning: unknown variable 'c[4,9,-1.0]' in binary section
Warning: unknown variable 'c[4,10,0.0]' in binary section
Warning: unknown variable 'c[4,10,-3.0]' in binary section
Warning: unknown variable 'c[4,10,-2.0]' in binary section
Warning: unknown variable 'c[4,10,-1.41504]' in binary section
Warning: unknown variable 'c[4,10,-1.0]' in binary section
Warning: unknown variable 'c[4,11,0.0]' in binary section
Warning: unknown variable 'c[4,11,-3.0]' in binary section
Warning: unknown variable 'c[4,11,-2.0]' in binary section
Warning: unknown variable 'c[4,11,-1.41504]' in binary section
Warning: unknown variable 'c[4,11,-1.0]' in binary section
Warning: unknown variable 'c[4,12,0.0]' in binary section
Warning: unknown variable 'c[4,12,-3.0]' in binary section
Warning: unknown variable 'c[4,12,-2.0]' in binary section
Warning: unknown variable 'c[4,12,-1.41504]' in binary section
Warning: unknown variable 'c[4,12,-1.0]' in binary section
Warning: unknown variable 'c[4,13,0.0]' in binary section
Warning: unknown variable 'c[4,13,-3.0]' in binary section
Warning: unknown variable 'c[4,13,-2.0]' in binary section
Warning: unknown variable 'c[4,13,-1.41504]' in binary section
Warning: unknown variable 'c[4,13,-1.0]' in binary section
Warning: unknown variable 'c[4,14,0.0]' in binary section
Warning: unknown variable 'c[4,14,-3.0]' in binary section
Warning: unknown variable 'c[4,14,-2.0]' in binary section
Warning: unknown variable 'c[4,14,-1.41504]' in binary section
Warning: unknown variable 'c[4,14,-1.0]' in binary section
Warning: unknown variable 'c[4,15,0.0]' in binary section
Warning: unknown variable 'c[4,15,-3.0]' in binary section
Warning: unknown variable 'c[4,15,-2.0]' in binary section
Warning: unknown variable 'c[4,15,-1.41504]' in binary section
Warning: unknown variable 'c[4,15,-1.0]' in binary section
Read LP format model from file gift_fixed_key.lp
Reading time = 0.29 seconds
: 269 rows, 1040 columns, 553 nonzeros

Using Gurobi shared library /opt/gurobi1300/linux64/lib/libgurobi.so.13.0.0

CPU model: Intel(R) Xeon(R) w3-2423, instruction set [SSE2|AVX|AVX2|AVX512]
Thread count: 6 physical cores, 12 logical processors, using up to 12 threads

Optimize a model with 269 rows, 1040 columns and 553 nonzeros (Min)
Model fingerprint: 0x2a81380c
Model has 0 linear objective coefficients
Variable types: 0 continuous, 1040 integer (1040 binary)
Coefficient statistics:
  Matrix range     [1e+00, 5e+02]
  Objective range  [0e+00, 0e+00]
  Bounds range     [1e+00, 1e+00]
  RHS range        [1e+00, 5e+02]
Presolve removed 260 rows and 1035 columns
Presolve time: 0.00s

Explored 0 nodes (0 simplex iterations) in 0.01 seconds (0.00 work units)
Thread count was 1 (of 12 available processors)

Solution count 0

Model is infeasible
Best objective -, best bound -, gap -

Gurobi 13.0.0 (linux64, gurobi_cl) logging started Thu Nov 20 13:27:49 2025

Set parameter Username
Set parameter LicenseID to value 2740214
Set parameter LogFile to value "gurobi.log"
Using license file /home/ROCQ/cosmiq/qtan/gurobi.lic
Academic license - for non-commercial use only - expires 2026-11-17

Gurobi Optimizer version 13.0.0 build v13.0.0rc1 (linux64 - "Ubuntu 24.04.3 LTS")
Copyright (c) 2025, Gurobi Optimization, LLC

Warning: unknown variable 'm[0,0,0]' in binary section
Warning: unknown variable 'm[0,0,1]' in binary section
Warning: unknown variable 'm[0,0,2]' in binary section
Warning: unknown variable 'm[0,0,3]' in binary section
Warning: unknown variable 'm[0,0,7]' in binary section
Warning: unknown variable 'm[0,0,8]' in binary section
Warning: unknown variable 'm[0,0,9]' in binary section
Warning: unknown variable 'm[0,0,10]' in binary section
Warning: unknown variable 'm[0,0,11]' in binary section
Warning: unknown variable 'm[0,0,12]' in binary section
Warning: unknown variable 'm[0,0,13]' in binary section
Warning: unknown variable 'm[0,0,14]' in binary section
Warning: unknown variable 'm[0,0,15]' in binary section
Warning: unknown variable 'm[0,0,16]' in binary section
Warning: unknown variable 'm[0,0,17]' in binary section
Warning: unknown variable 'm[0,0,18]' in binary section
Warning: unknown variable 'm[0,0,19]' in binary section
Warning: unknown variable 'm[0,0,20]' in binary section
Warning: unknown variable 'm[0,0,21]' in binary section
Warning: unknown variable 'm[0,0,22]' in binary section
Warning: unknown variable 'm[0,0,23]' in binary section
Warning: unknown variable 'm[0,0,24]' in binary section
Warning: unknown variable 'm[0,0,25]' in binary section
Warning: unknown variable 'm[0,0,26]' in binary section
Warning: unknown variable 'm[0,0,27]' in binary section
Warning: unknown variable 'm[0,0,28]' in binary section
Warning: unknown variable 'm[0,0,29]' in binary section
Warning: unknown variable 'm[0,0,30]' in binary section
Warning: unknown variable 'm[0,0,31]' in binary section
Warning: unknown variable 'm[0,0,32]' in binary section
Warning: unknown variable 'm[0,0,33]' in binary section
Warning: unknown variable 'm[0,0,34]' in binary section
Warning: unknown variable 'm[0,0,35]' in binary section
Warning: unknown variable 'm[0,0,36]' in binary section
Warning: unknown variable 'm[0,0,37]' in binary section
Warning: unknown variable 'm[0,0,38]' in binary section
Warning: unknown variable 'm[0,0,39]' in binary section
Warning: unknown variable 'm[0,0,40]' in binary section
Warning: unknown variable 'm[0,0,41]' in binary section
Warning: unknown variable 'm[0,0,42]' in binary section
Warning: unknown variable 'm[0,0,43]' in binary section
Warning: unknown variable 'm[0,0,44]' in binary section
Warning: unknown variable 'm[0,0,45]' in binary section
Warning: unknown variable 'm[0,0,46]' in binary section
Warning: unknown variable 'm[0,0,47]' in binary section
Warning: unknown variable 'm[0,0,48]' in binary section
Warning: unknown variable 'm[0,0,49]' in binary section
Warning: unknown variable 'm[0,0,50]' in binary section
Warning: unknown variable 'm[0,0,51]' in binary section
Warning: unknown variable 'm[0,0,52]' in binary section
Warning: unknown variable 'm[0,0,53]' in binary section
Warning: unknown variable 'm[0,0,54]' in binary section
Warning: unknown variable 'm[0,0,55]' in binary section
Warning: unknown variable 'm[0,0,56]' in binary section
Warning: unknown variable 'm[0,0,57]' in binary section
Warning: unknown variable 'm[0,0,58]' in binary section
Warning: unknown variable 'm[0,0,59]' in binary section
Warning: unknown variable 'm[0,0,60]' in binary section
Warning: unknown variable 'm[0,0,61]' in binary section
Warning: unknown variable 'm[0,0,62]' in binary section
Warning: unknown variable 'm[0,0,63]' in binary section
Warning: unknown variable 'm[0,1,0]' in binary section
Warning: unknown variable 'm[0,1,1]' in binary section
Warning: unknown variable 'm[0,1,2]' in binary section
Warning: unknown variable 'm[0,1,3]' in binary section
Warning: unknown variable 'm[0,1,4]' in binary section
Warning: unknown variable 'm[0,1,5]' in binary section
Warning: unknown variable 'm[0,1,8]' in binary section
Warning: unknown variable 'm[0,1,9]' in binary section
Warning: unknown variable 'm[0,1,10]' in binary section
Warning: unknown variable 'm[0,1,11]' in binary section
Warning: unknown variable 'm[0,1,12]' in binary section
Warning: unknown variable 'm[0,1,13]' in binary section
Warning: unknown variable 'm[0,1,14]' in binary section
Warning: unknown variable 'm[0,1,15]' in binary section
Warning: unknown variable 'm[0,1,16]' in binary section
Warning: unknown variable 'm[0,1,17]' in binary section
Warning: unknown variable 'm[0,1,18]' in binary section
Warning: unknown variable 'm[0,1,19]' in binary section
Warning: unknown variable 'm[0,1,20]' in binary section
Warning: unknown variable 'm[0,1,21]' in binary section
Warning: unknown variable 'm[0,1,22]' in binary section
Warning: unknown variable 'm[0,1,23]' in binary section
Warning: unknown variable 'm[0,1,24]' in binary section
Warning: unknown variable 'm[0,1,25]' in binary section
Warning: unknown variable 'm[0,1,26]' in binary section
Warning: unknown variable 'm[0,1,27]' in binary section
Warning: unknown variable 'm[0,1,28]' in binary section
Warning: unknown variable 'm[0,1,29]' in binary section
Warning: unknown variable 'm[0,1,30]' in binary section
Warning: unknown variable 'm[0,1,31]' in binary section
Warning: unknown variable 'm[0,1,32]' in binary section
Warning: unknown variable 'm[0,1,33]' in binary section
Warning: unknown variable 'm[0,1,34]' in binary section
Warning: unknown variable 'm[0,1,35]' in binary section
Warning: unknown variable 'm[0,1,36]' in binary section
Warning: unknown variable 'm[0,1,37]' in binary section
Warning: unknown variable 'm[0,1,38]' in binary section
Warning: unknown variable 'm[0,1,39]' in binary section
Warning: unknown variable 'm[0,1,40]' in binary section
Warning: unknown variable 'm[0,1,41]' in binary section
Warning: unknown variable 'm[0,1,42]' in binary section
Warning: unknown variable 'm[0,1,43]' in binary section
Warning: unknown variable 'm[0,1,44]' in binary section
Warning: unknown variable 'm[0,1,45]' in binary section
Warning: unknown variable 'm[0,1,46]' in binary section
Warning: unknown variable 'm[0,1,47]' in binary section
Warning: unknown variable 'm[0,1,48]' in binary section
Warning: unknown variable 'm[0,1,49]' in binary section
Warning: unknown variable 'm[0,1,50]' in binary section
Warning: unknown variable 'm[0,1,51]' in binary section
Warning: unknown variable 'm[0,1,52]' in binary section
Warning: unknown variable 'm[0,1,53]' in binary section
Warning: unknown variable 'm[0,1,54]' in binary section
Warning: unknown variable 'm[0,1,55]' in binary section
Warning: unknown variable 'm[0,1,56]' in binary section
Warning: unknown variable 'm[0,1,57]' in binary section
Warning: unknown variable 'm[0,1,58]' in binary section
Warning: unknown variable 'm[0,1,59]' in binary section
Warning: unknown variable 'm[0,1,60]' in binary section
Warning: unknown variable 'm[0,1,61]' in binary section
Warning: unknown variable 'm[0,1,62]' in binary section
Warning: unknown variable 'm[0,1,63]' in binary section
Warning: unknown variable 'm[1,0,0]' in binary section
Warning: unknown variable 'm[1,0,1]' in binary section
Warning: unknown variable 'm[1,0,2]' in binary section
Warning: unknown variable 'm[1,0,3]' in binary section
Warning: unknown variable 'm[1,0,4]' in binary section
Warning: unknown variable 'm[1,0,5]' in binary section
Warning: unknown variable 'm[1,0,6]' in binary section
Warning: unknown variable 'm[1,0,7]' in binary section
Warning: unknown variable 'm[1,0,8]' in binary section
Warning: unknown variable 'm[1,0,9]' in binary section
Warning: unknown variable 'm[1,0,10]' in binary section
Warning: unknown variable 'm[1,0,11]' in binary section
Warning: unknown variable 'm[1,0,12]' in binary section
Warning: unknown variable 'm[1,0,13]' in binary section
Warning: unknown variable 'm[1,0,14]' in binary section
Warning: unknown variable 'm[1,0,15]' in binary section
Warning: unknown variable 'm[1,0,16]' in binary section
Warning: unknown variable 'm[1,0,17]' in binary section
Warning: unknown variable 'm[1,0,18]' in binary section
Warning: unknown variable 'm[1,0,19]' in binary section
Warning: unknown variable 'm[1,0,20]' in binary section
Warning: unknown variable 'm[1,0,21]' in binary section
Warning: unknown variable 'm[1,0,22]' in binary section
Warning: unknown variable 'm[1,0,23]' in binary section
Warning: unknown variable 'm[1,0,24]' in binary section
Warning: unknown variable 'm[1,0,25]' in binary section
Warning: unknown variable 'm[1,0,26]' in binary section
Warning: unknown variable 'm[1,0,27]' in binary section
Warning: unknown variable 'm[1,0,28]' in binary section
Warning: unknown variable 'm[1,0,29]' in binary section
Warning: unknown variable 'm[1,0,30]' in binary section
Warning: unknown variable 'm[1,0,31]' in binary section
Warning: unknown variable 'm[1,0,32]' in binary section
Warning: unknown variable 'm[1,0,33]' in binary section
Warning: unknown variable 'm[1,0,34]' in binary section
Warning: unknown variable 'm[1,0,35]' in binary section
Warning: unknown variable 'm[1,0,36]' in binary section
Warning: unknown variable 'm[1,0,37]' in binary section
Warning: unknown variable 'm[1,0,38]' in binary section
Warning: unknown variable 'm[1,0,39]' in binary section
Warning: unknown variable 'm[1,0,40]' in binary section
Warning: unknown variable 'm[1,0,41]' in binary section
Warning: unknown variable 'm[1,0,42]' in binary section
Warning: unknown variable 'm[1,0,43]' in binary section
Warning: unknown variable 'm[1,0,44]' in binary section
Warning: unknown variable 'm[1,0,45]' in binary section
Warning: unknown variable 'm[1,0,46]' in binary section
Warning: unknown variable 'm[1,0,47]' in binary section
Warning: unknown variable 'm[1,0,48]' in binary section
Warning: unknown variable 'm[1,0,49]' in binary section
Warning: unknown variable 'm[1,0,50]' in binary section
Warning: unknown variable 'm[1,0,51]' in binary section
Warning: unknown variable 'm[1,0,52]' in binary section
Warning: unknown variable 'm[1,0,53]' in binary section
Warning: unknown variable 'm[1,0,54]' in binary section
Warning: unknown variable 'm[1,0,55]' in binary section
Warning: unknown variable 'm[1,0,56]' in binary section
Warning: unknown variable 'm[1,0,57]' in binary section
Warning: unknown variable 'm[1,0,58]' in binary section
Warning: unknown variable 'm[1,0,59]' in binary section
Warning: unknown variable 'm[1,0,60]' in binary section
Warning: unknown variable 'm[1,0,61]' in binary section
Warning: unknown variable 'm[1,0,62]' in binary section
Warning: unknown variable 'm[1,0,63]' in binary section
Warning: unknown variable 'm[1,1,0]' in binary section
Warning: unknown variable 'm[1,1,1]' in binary section
Warning: unknown variable 'm[1,1,2]' in binary section
Warning: unknown variable 'm[1,1,3]' in binary section
Warning: unknown variable 'm[1,1,4]' in binary section
Warning: unknown variable 'm[1,1,5]' in binary section
Warning: unknown variable 'm[1,1,6]' in binary section
Warning: unknown variable 'm[1,1,7]' in binary section
Warning: unknown variable 'm[1,1,8]' in binary section
Warning: unknown variable 'm[1,1,9]' in binary section
Warning: unknown variable 'm[1,1,10]' in binary section
Warning: unknown variable 'm[1,1,11]' in binary section
Warning: unknown variable 'm[1,1,12]' in binary section
Warning: unknown variable 'm[1,1,13]' in binary section
Warning: unknown variable 'm[1,1,14]' in binary section
Warning: unknown variable 'm[1,1,15]' in binary section
Warning: unknown variable 'm[1,1,16]' in binary section
Warning: unknown variable 'm[1,1,17]' in binary section
Warning: unknown variable 'm[1,1,18]' in binary section
Warning: unknown variable 'm[1,1,19]' in binary section
Warning: unknown variable 'm[1,1,20]' in binary section
Warning: unknown variable 'm[1,1,21]' in binary section
Warning: unknown variable 'm[1,1,22]' in binary section
Warning: unknown variable 'm[1,1,23]' in binary section
Warning: unknown variable 'm[1,1,24]' in binary section
Warning: unknown variable 'm[1,1,25]' in binary section
Warning: unknown variable 'm[1,1,26]' in binary section
Warning: unknown variable 'm[1,1,27]' in binary section
Warning: unknown variable 'm[1,1,28]' in binary section
Warning: unknown variable 'm[1,1,29]' in binary section
Warning: unknown variable 'm[1,1,30]' in binary section
Warning: unknown variable 'm[1,1,31]' in binary section
Warning: unknown variable 'm[1,1,32]' in binary section
Warning: unknown variable 'm[1,1,33]' in binary section
Warning: unknown variable 'm[1,1,34]' in binary section
Warning: unknown variable 'm[1,1,35]' in binary section
Warning: unknown variable 'm[1,1,36]' in binary section
Warning: unknown variable 'm[1,1,37]' in binary section
Warning: unknown variable 'm[1,1,38]' in binary section
Warning: unknown variable 'm[1,1,39]' in binary section
Warning: unknown variable 'm[1,1,40]' in binary section
Warning: unknown variable 'm[1,1,41]' in binary section
Warning: unknown variable 'm[1,1,42]' in binary section
Warning: unknown variable 'm[1,1,43]' in binary section
Warning: unknown variable 'm[1,1,44]' in binary section
Warning: unknown variable 'm[1,1,45]' in binary section
Warning: unknown variable 'm[1,1,46]' in binary section
Warning: unknown variable 'm[1,1,47]' in binary section
Warning: unknown variable 'm[1,1,48]' in binary section
Warning: unknown variable 'm[1,1,49]' in binary section
Warning: unknown variable 'm[1,1,50]' in binary section
Warning: unknown variable 'm[1,1,51]' in binary section
Warning: unknown variable 'm[1,1,52]' in binary section
Warning: unknown variable 'm[1,1,53]' in binary section
Warning: unknown variable 'm[1,1,54]' in binary section
Warning: unknown variable 'm[1,1,55]' in binary section
Warning: unknown variable 'm[1,1,56]' in binary section
Warning: unknown variable 'm[1,1,57]' in binary section
Warning: unknown variable 'm[1,1,58]' in binary section
Warning: unknown variable 'm[1,1,59]' in binary section
Warning: unknown variable 'm[1,1,60]' in binary section
Warning: unknown variable 'm[1,1,61]' in binary section
Warning: unknown variable 'm[1,1,62]' in binary section
Warning: unknown variable 'm[1,1,63]' in binary section
Warning: unknown variable 'm[2,0,0]' in binary section
Warning: unknown variable 'm[2,0,1]' in binary section
Warning: unknown variable 'm[2,0,2]' in binary section
Warning: unknown variable 'm[2,0,3]' in binary section
Warning: unknown variable 'm[2,0,4]' in binary section
Warning: unknown variable 'm[2,0,5]' in binary section
Warning: unknown variable 'm[2,0,6]' in binary section
Warning: unknown variable 'm[2,0,7]' in binary section
Warning: unknown variable 'm[2,0,8]' in binary section
Warning: unknown variable 'm[2,0,9]' in binary section
Warning: unknown variable 'm[2,0,10]' in binary section
Warning: unknown variable 'm[2,0,11]' in binary section
Warning: unknown variable 'm[2,0,12]' in binary section
Warning: unknown variable 'm[2,0,13]' in binary section
Warning: unknown variable 'm[2,0,14]' in binary section
Warning: unknown variable 'm[2,0,15]' in binary section
Warning: unknown variable 'm[2,0,16]' in binary section
Warning: unknown variable 'm[2,0,17]' in binary section
Warning: unknown variable 'm[2,0,18]' in binary section
Warning: unknown variable 'm[2,0,19]' in binary section
Warning: unknown variable 'm[2,0,20]' in binary section
Warning: unknown variable 'm[2,0,21]' in binary section
Warning: unknown variable 'm[2,0,22]' in binary section
Warning: unknown variable 'm[2,0,23]' in binary section
Warning: unknown variable 'm[2,0,24]' in binary section
Warning: unknown variable 'm[2,0,25]' in binary section
Warning: unknown variable 'm[2,0,26]' in binary section
Warning: unknown variable 'm[2,0,27]' in binary section
Warning: unknown variable 'm[2,0,28]' in binary section
Warning: unknown variable 'm[2,0,29]' in binary section
Warning: unknown variable 'm[2,0,30]' in binary section
Warning: unknown variable 'm[2,0,31]' in binary section
Warning: unknown variable 'm[2,0,32]' in binary section
Warning: unknown variable 'm[2,0,33]' in binary section
Warning: unknown variable 'm[2,0,34]' in binary section
Warning: unknown variable 'm[2,0,35]' in binary section
Warning: unknown variable 'm[2,0,36]' in binary section
Warning: unknown variable 'm[2,0,37]' in binary section
Warning: unknown variable 'm[2,0,38]' in binary section
Warning: unknown variable 'm[2,0,39]' in binary section
Warning: unknown variable 'm[2,0,40]' in binary section
Warning: unknown variable 'm[2,0,41]' in binary section
Warning: unknown variable 'm[2,0,42]' in binary section
Warning: unknown variable 'm[2,0,43]' in binary section
Warning: unknown variable 'm[2,0,44]' in binary section
Warning: unknown variable 'm[2,0,45]' in binary section
Warning: unknown variable 'm[2,0,46]' in binary section
Warning: unknown variable 'm[2,0,47]' in binary section
Warning: unknown variable 'm[2,0,48]' in binary section
Warning: unknown variable 'm[2,0,49]' in binary section
Warning: unknown variable 'm[2,0,50]' in binary section
Warning: unknown variable 'm[2,0,51]' in binary section
Warning: unknown variable 'm[2,0,52]' in binary section
Warning: unknown variable 'm[2,0,53]' in binary section
Warning: unknown variable 'm[2,0,54]' in binary section
Warning: unknown variable 'm[2,0,55]' in binary section
Warning: unknown variable 'm[2,0,56]' in binary section
Warning: unknown variable 'm[2,0,57]' in binary section
Warning: unknown variable 'm[2,0,58]' in binary section
Warning: unknown variable 'm[2,0,59]' in binary section
Warning: unknown variable 'm[2,0,60]' in binary section
Warning: unknown variable 'm[2,0,61]' in binary section
Warning: unknown variable 'm[2,0,62]' in binary section
Warning: unknown variable 'm[2,0,63]' in binary section
Warning: unknown variable 'm[2,1,0]' in binary section
Warning: unknown variable 'm[2,1,1]' in binary section
Warning: unknown variable 'm[2,1,2]' in binary section
Warning: unknown variable 'm[2,1,3]' in binary section
Warning: unknown variable 'm[2,1,4]' in binary section
Warning: unknown variable 'm[2,1,5]' in binary section
Warning: unknown variable 'm[2,1,6]' in binary section
Warning: unknown variable 'm[2,1,7]' in binary section
Warning: unknown variable 'm[2,1,8]' in binary section
Warning: unknown variable 'm[2,1,9]' in binary section
Warning: unknown variable 'm[2,1,10]' in binary section
Warning: unknown variable 'm[2,1,11]' in binary section
Warning: unknown variable 'm[2,1,12]' in binary section
Warning: unknown variable 'm[2,1,13]' in binary section
Warning: unknown variable 'm[2,1,14]' in binary section
Warning: unknown variable 'm[2,1,15]' in binary section
Warning: unknown variable 'm[2,1,16]' in binary section
Warning: unknown variable 'm[2,1,17]' in binary section
Warning: unknown variable 'm[2,1,18]' in binary section
Warning: unknown variable 'm[2,1,19]' in binary section
Warning: unknown variable 'm[2,1,20]' in binary section
Warning: unknown variable 'm[2,1,21]' in binary section
Warning: unknown variable 'm[2,1,22]' in binary section
Warning: unknown variable 'm[2,1,23]' in binary section
Warning: unknown variable 'm[2,1,24]' in binary section
Warning: unknown variable 'm[2,1,25]' in binary section
Warning: unknown variable 'm[2,1,26]' in binary section
Warning: unknown variable 'm[2,1,27]' in binary section
Warning: unknown variable 'm[2,1,28]' in binary section
Warning: unknown variable 'm[2,1,29]' in binary section
Warning: unknown variable 'm[2,1,30]' in binary section
Warning: unknown variable 'm[2,1,31]' in binary section
Warning: unknown variable 'm[2,1,32]' in binary section
Warning: unknown variable 'm[2,1,33]' in binary section
Warning: unknown variable 'm[2,1,34]' in binary section
Warning: unknown variable 'm[2,1,35]' in binary section
Warning: unknown variable 'm[2,1,36]' in binary section
Warning: unknown variable 'm[2,1,37]' in binary section
Warning: unknown variable 'm[2,1,38]' in binary section
Warning: unknown variable 'm[2,1,39]' in binary section
Warning: unknown variable 'm[2,1,40]' in binary section
Warning: unknown variable 'm[2,1,41]' in binary section
Warning: unknown variable 'm[2,1,42]' in binary section
Warning: unknown variable 'm[2,1,43]' in binary section
Warning: unknown variable 'm[2,1,44]' in binary section
Warning: unknown variable 'm[2,1,45]' in binary section
Warning: unknown variable 'm[2,1,46]' in binary section
Warning: unknown variable 'm[2,1,47]' in binary section
Warning: unknown variable 'm[2,1,48]' in binary section
Warning: unknown variable 'm[2,1,49]' in binary section
Warning: unknown variable 'm[2,1,50]' in binary section
Warning: unknown variable 'm[2,1,51]' in binary section
Warning: unknown variable 'm[2,1,52]' in binary section
Warning: unknown variable 'm[2,1,53]' in binary section
Warning: unknown variable 'm[2,1,54]' in binary section
Warning: unknown variable 'm[2,1,55]' in binary section
Warning: unknown variable 'm[2,1,56]' in binary section
Warning: unknown variable 'm[2,1,57]' in binary section
Warning: unknown variable 'm[2,1,58]' in binary section
Warning: unknown variable 'm[2,1,59]' in binary section
Warning: unknown variable 'm[2,1,60]' in binary section
Warning: unknown variable 'm[2,1,61]' in binary section
Warning: unknown variable 'm[2,1,62]' in binary section
Warning: unknown variable 'm[2,1,63]' in binary section
Warning: unknown variable 'm[3,0,0]' in binary section
Warning: unknown variable 'm[3,0,1]' in binary section
Warning: unknown variable 'm[3,0,2]' in binary section
Warning: unknown variable 'm[3,0,3]' in binary section
Warning: unknown variable 'm[3,0,4]' in binary section
Warning: unknown variable 'm[3,0,5]' in binary section
Warning: unknown variable 'm[3,0,6]' in binary section
Warning: unknown variable 'm[3,0,7]' in binary section
Warning: unknown variable 'm[3,0,8]' in binary section
Warning: unknown variable 'm[3,0,9]' in binary section
Warning: unknown variable 'm[3,0,10]' in binary section
Warning: unknown variable 'm[3,0,11]' in binary section
Warning: unknown variable 'm[3,0,12]' in binary section
Warning: unknown variable 'm[3,0,13]' in binary section
Warning: unknown variable 'm[3,0,14]' in binary section
Warning: unknown variable 'm[3,0,15]' in binary section
Warning: unknown variable 'm[3,0,16]' in binary section
Warning: unknown variable 'm[3,0,17]' in binary section
Warning: unknown variable 'm[3,0,18]' in binary section
Warning: unknown variable 'm[3,0,19]' in binary section
Warning: unknown variable 'm[3,0,20]' in binary section
Warning: unknown variable 'm[3,0,21]' in binary section
Warning: unknown variable 'm[3,0,22]' in binary section
Warning: unknown variable 'm[3,0,23]' in binary section
Warning: unknown variable 'm[3,0,24]' in binary section
Warning: unknown variable 'm[3,0,25]' in binary section
Warning: unknown variable 'm[3,0,26]' in binary section
Warning: unknown variable 'm[3,0,27]' in binary section
Warning: unknown variable 'm[3,0,28]' in binary section
Warning: unknown variable 'm[3,0,29]' in binary section
Warning: unknown variable 'm[3,0,30]' in binary section
Warning: unknown variable 'm[3,0,31]' in binary section
Warning: unknown variable 'm[3,0,32]' in binary section
Warning: unknown variable 'm[3,0,33]' in binary section
Warning: unknown variable 'm[3,0,34]' in binary section
Warning: unknown variable 'm[3,0,35]' in binary section
Warning: unknown variable 'm[3,0,36]' in binary section
Warning: unknown variable 'm[3,0,37]' in binary section
Warning: unknown variable 'm[3,0,38]' in binary section
Warning: unknown variable 'm[3,0,39]' in binary section
Warning: unknown variable 'm[3,0,40]' in binary section
Warning: unknown variable 'm[3,0,41]' in binary section
Warning: unknown variable 'm[3,0,42]' in binary section
Warning: unknown variable 'm[3,0,43]' in binary section
Warning: unknown variable 'm[3,0,44]' in binary section
Warning: unknown variable 'm[3,0,45]' in binary section
Warning: unknown variable 'm[3,0,46]' in binary section
Warning: unknown variable 'm[3,0,47]' in binary section
Warning: unknown variable 'm[3,0,48]' in binary section
Warning: unknown variable 'm[3,0,49]' in binary section
Warning: unknown variable 'm[3,0,50]' in binary section
Warning: unknown variable 'm[3,0,51]' in binary section
Warning: unknown variable 'm[3,0,52]' in binary section
Warning: unknown variable 'm[3,0,53]' in binary section
Warning: unknown variable 'm[3,0,54]' in binary section
Warning: unknown variable 'm[3,0,55]' in binary section
Warning: unknown variable 'm[3,0,56]' in binary section
Warning: unknown variable 'm[3,0,57]' in binary section
Warning: unknown variable 'm[3,0,58]' in binary section
Warning: unknown variable 'm[3,0,59]' in binary section
Warning: unknown variable 'm[3,0,60]' in binary section
Warning: unknown variable 'm[3,0,61]' in binary section
Warning: unknown variable 'm[3,0,62]' in binary section
Warning: unknown variable 'm[3,0,63]' in binary section
Warning: unknown variable 'm[3,1,0]' in binary section
Warning: unknown variable 'm[3,1,1]' in binary section
Warning: unknown variable 'm[3,1,2]' in binary section
Warning: unknown variable 'm[3,1,3]' in binary section
Warning: unknown variable 'm[3,1,4]' in binary section
Warning: unknown variable 'm[3,1,5]' in binary section
Warning: unknown variable 'm[3,1,6]' in binary section
Warning: unknown variable 'm[3,1,7]' in binary section
Warning: unknown variable 'm[3,1,8]' in binary section
Warning: unknown variable 'm[3,1,9]' in binary section
Warning: unknown variable 'm[3,1,10]' in binary section
Warning: unknown variable 'm[3,1,11]' in binary section
Warning: unknown variable 'm[3,1,12]' in binary section
Warning: unknown variable 'm[3,1,13]' in binary section
Warning: unknown variable 'm[3,1,14]' in binary section
Warning: unknown variable 'm[3,1,15]' in binary section
Warning: unknown variable 'm[3,1,16]' in binary section
Warning: unknown variable 'm[3,1,17]' in binary section
Warning: unknown variable 'm[3,1,18]' in binary section
Warning: unknown variable 'm[3,1,19]' in binary section
Warning: unknown variable 'm[3,1,20]' in binary section
Warning: unknown variable 'm[3,1,21]' in binary section
Warning: unknown variable 'm[3,1,22]' in binary section
Warning: unknown variable 'm[3,1,23]' in binary section
Warning: unknown variable 'm[3,1,24]' in binary section
Warning: unknown variable 'm[3,1,25]' in binary section
Warning: unknown variable 'm[3,1,26]' in binary section
Warning: unknown variable 'm[3,1,27]' in binary section
Warning: unknown variable 'm[3,1,28]' in binary section
Warning: unknown variable 'm[3,1,29]' in binary section
Warning: unknown variable 'm[3,1,30]' in binary section
Warning: unknown variable 'm[3,1,31]' in binary section
Warning: unknown variable 'm[3,1,32]' in binary section
Warning: unknown variable 'm[3,1,33]' in binary section
Warning: unknown variable 'm[3,1,34]' in binary section
Warning: unknown variable 'm[3,1,35]' in binary section
Warning: unknown variable 'm[3,1,36]' in binary section
Warning: unknown variable 'm[3,1,37]' in binary section
Warning: unknown variable 'm[3,1,38]' in binary section
Warning: unknown variable 'm[3,1,39]' in binary section
Warning: unknown variable 'm[3,1,40]' in binary section
Warning: unknown variable 'm[3,1,41]' in binary section
Warning: unknown variable 'm[3,1,42]' in binary section
Warning: unknown variable 'm[3,1,43]' in binary section
Warning: unknown variable 'm[3,1,44]' in binary section
Warning: unknown variable 'm[3,1,45]' in binary section
Warning: unknown variable 'm[3,1,46]' in binary section
Warning: unknown variable 'm[3,1,47]' in binary section
Warning: unknown variable 'm[3,1,48]' in binary section
Warning: unknown variable 'm[3,1,49]' in binary section
Warning: unknown variable 'm[3,1,50]' in binary section
Warning: unknown variable 'm[3,1,51]' in binary section
Warning: unknown variable 'm[3,1,52]' in binary section
Warning: unknown variable 'm[3,1,53]' in binary section
Warning: unknown variable 'm[3,1,54]' in binary section
Warning: unknown variable 'm[3,1,55]' in binary section
Warning: unknown variable 'm[3,1,56]' in binary section
Warning: unknown variable 'm[3,1,57]' in binary section
Warning: unknown variable 'm[3,1,58]' in binary section
Warning: unknown variable 'm[3,1,59]' in binary section
Warning: unknown variable 'm[3,1,60]' in binary section
Warning: unknown variable 'm[3,1,61]' in binary section
Warning: unknown variable 'm[3,1,62]' in binary section
Warning: unknown variable 'm[3,1,63]' in binary section
Warning: unknown variable 'm[4,0,0]' in binary section
Warning: unknown variable 'm[4,0,1]' in binary section
Warning: unknown variable 'm[4,0,2]' in binary section
Warning: unknown variable 'm[4,0,3]' in binary section
Warning: unknown variable 'm[4,0,4]' in binary section
Warning: unknown variable 'm[4,0,5]' in binary section
Warning: unknown variable 'm[4,0,6]' in binary section
Warning: unknown variable 'm[4,0,7]' in binary section
Warning: unknown variable 'm[4,0,8]' in binary section
Warning: unknown variable 'm[4,0,9]' in binary section
Warning: unknown variable 'm[4,0,10]' in binary section
Warning: unknown variable 'm[4,0,11]' in binary section
Warning: unknown variable 'm[4,0,12]' in binary section
Warning: unknown variable 'm[4,0,13]' in binary section
Warning: unknown variable 'm[4,0,14]' in binary section
Warning: unknown variable 'm[4,0,15]' in binary section
Warning: unknown variable 'm[4,0,16]' in binary section
Warning: unknown variable 'm[4,0,17]' in binary section
Warning: unknown variable 'm[4,0,18]' in binary section
Warning: unknown variable 'm[4,0,19]' in binary section
Warning: unknown variable 'm[4,0,20]' in binary section
Warning: unknown variable 'm[4,0,21]' in binary section
Warning: unknown variable 'm[4,0,22]' in binary section
Warning: unknown variable 'm[4,0,23]' in binary section
Warning: unknown variable 'm[4,0,24]' in binary section
Warning: unknown variable 'm[4,0,25]' in binary section
Warning: unknown variable 'm[4,0,26]' in binary section
Warning: unknown variable 'm[4,0,27]' in binary section
Warning: unknown variable 'm[4,0,28]' in binary section
Warning: unknown variable 'm[4,0,29]' in binary section
Warning: unknown variable 'm[4,0,30]' in binary section
Warning: unknown variable 'm[4,0,31]' in binary section
Warning: unknown variable 'm[4,0,32]' in binary section
Warning: unknown variable 'm[4,0,33]' in binary section
Warning: unknown variable 'm[4,0,34]' in binary section
Warning: unknown variable 'm[4,0,35]' in binary section
Warning: unknown variable 'm[4,0,36]' in binary section
Warning: unknown variable 'm[4,0,37]' in binary section
Warning: unknown variable 'm[4,0,38]' in binary section
Warning: unknown variable 'm[4,0,39]' in binary section
Warning: unknown variable 'm[4,0,40]' in binary section
Warning: unknown variable 'm[4,0,41]' in binary section
Warning: unknown variable 'm[4,0,42]' in binary section
Warning: unknown variable 'm[4,0,43]' in binary section
Warning: unknown variable 'm[4,0,44]' in binary section
Warning: unknown variable 'm[4,0,45]' in binary section
Warning: unknown variable 'm[4,0,46]' in binary section
Warning: unknown variable 'm[4,0,47]' in binary section
Warning: unknown variable 'm[4,0,48]' in binary section
Warning: unknown variable 'm[4,0,49]' in binary section
Warning: unknown variable 'm[4,0,50]' in binary section
Warning: unknown variable 'm[4,0,51]' in binary section
Warning: unknown variable 'm[4,0,52]' in binary section
Warning: unknown variable 'm[4,0,53]' in binary section
Warning: unknown variable 'm[4,0,54]' in binary section
Warning: unknown variable 'm[4,0,55]' in binary section
Warning: unknown variable 'm[4,0,56]' in binary section
Warning: unknown variable 'm[4,0,57]' in binary section
Warning: unknown variable 'm[4,0,58]' in binary section
Warning: unknown variable 'm[4,0,59]' in binary section
Warning: unknown variable 'm[4,0,60]' in binary section
Warning: unknown variable 'm[4,0,61]' in binary section
Warning: unknown variable 'm[4,0,62]' in binary section
Warning: unknown variable 'm[4,0,63]' in binary section
Warning: unknown variable 'm[4,1,0]' in binary section
Warning: unknown variable 'm[4,1,1]' in binary section
Warning: unknown variable 'm[4,1,2]' in binary section
Warning: unknown variable 'm[4,1,3]' in binary section
Warning: unknown variable 'm[4,1,4]' in binary section
Warning: unknown variable 'm[4,1,5]' in binary section
Warning: unknown variable 'm[4,1,6]' in binary section
Warning: unknown variable 'm[4,1,7]' in binary section
Warning: unknown variable 'm[4,1,8]' in binary section
Warning: unknown variable 'm[4,1,9]' in binary section
Warning: unknown variable 'm[4,1,10]' in binary section
Warning: unknown variable 'm[4,1,11]' in binary section
Warning: unknown variable 'm[4,1,12]' in binary section
Warning: unknown variable 'm[4,1,13]' in binary section
Warning: unknown variable 'm[4,1,14]' in binary section
Warning: unknown variable 'm[4,1,15]' in binary section
Warning: unknown variable 'm[4,1,16]' in binary section
Warning: unknown variable 'm[4,1,17]' in binary section
Warning: unknown variable 'm[4,1,18]' in binary section
Warning: unknown variable 'm[4,1,19]' in binary section
Warning: unknown variable 'm[4,1,20]' in binary section
Warning: unknown variable 'm[4,1,21]' in binary section
Warning: unknown variable 'm[4,1,22]' in binary section
Warning: unknown variable 'm[4,1,23]' in binary section
Warning: unknown variable 'm[4,1,24]' in binary section
Warning: unknown variable 'm[4,1,25]' in binary section
Warning: unknown variable 'm[4,1,26]' in binary section
Warning: unknown variable 'm[4,1,27]' in binary section
Warning: unknown variable 'm[4,1,28]' in binary section
Warning: unknown variable 'm[4,1,29]' in binary section
Warning: unknown variable 'm[4,1,30]' in binary section
Warning: unknown variable 'm[4,1,31]' in binary section
Warning: unknown variable 'm[4,1,32]' in binary section
Warning: unknown variable 'm[4,1,33]' in binary section
Warning: unknown variable 'm[4,1,34]' in binary section
Warning: unknown variable 'm[4,1,35]' in binary section
Warning: unknown variable 'm[4,1,36]' in binary section
Warning: unknown variable 'm[4,1,37]' in binary section
Warning: unknown variable 'm[4,1,38]' in binary section
Warning: unknown variable 'm[4,1,39]' in binary section
Warning: unknown variable 'm[4,1,40]' in binary section
Warning: unknown variable 'm[4,1,41]' in binary section
Warning: unknown variable 'm[4,1,42]' in binary section
Warning: unknown variable 'm[4,1,43]' in binary section
Warning: unknown variable 'm[4,1,44]' in binary section
Warning: unknown variable 'm[4,1,45]' in binary section
Warning: unknown variable 'm[4,1,46]' in binary section
Warning: unknown variable 'm[4,1,47]' in binary section
Warning: unknown variable 'm[4,1,48]' in binary section
Warning: unknown variable 'm[4,1,49]' in binary section
Warning: unknown variable 'm[4,1,50]' in binary section
Warning: unknown variable 'm[4,1,51]' in binary section
Warning: unknown variable 'm[4,1,52]' in binary section
Warning: unknown variable 'm[4,1,53]' in binary section
Warning: unknown variable 'm[4,1,54]' in binary section
Warning: unknown variable 'm[4,1,55]' in binary section
Warning: unknown variable 'm[4,1,56]' in binary section
Warning: unknown variable 'm[4,1,57]' in binary section
Warning: unknown variable 'm[4,1,58]' in binary section
Warning: unknown variable 'm[4,1,59]' in binary section
Warning: unknown variable 'm[4,1,60]' in binary section
Warning: unknown variable 'm[4,1,61]' in binary section
Warning: unknown variable 'm[4,1,62]' in binary section
Warning: unknown variable 'm[4,1,63]' in binary section
Warning: unknown variable 'c[0,0,0.0]' in binary section
Warning: unknown variable 'c[0,0,-3.0]' in binary section
Warning: unknown variable 'c[0,0,-2.0]' in binary section
Warning: unknown variable 'c[0,0,-1.41504]' in binary section
Warning: unknown variable 'c[0,0,-1.0]' in binary section
Warning: unknown variable 'c[0,2,0.0]' in binary section
Warning: unknown variable 'c[0,2,-3.0]' in binary section
Warning: unknown variable 'c[0,2,-2.0]' in binary section
Warning: unknown variable 'c[0,2,-1.41504]' in binary section
Warning: unknown variable 'c[0,2,-1.0]' in binary section
Warning: unknown variable 'c[0,3,0.0]' in binary section
Warning: unknown variable 'c[0,3,-3.0]' in binary section
Warning: unknown variable 'c[0,3,-2.0]' in binary section
Warning: unknown variable 'c[0,3,-1.41504]' in binary section
Warning: unknown variable 'c[0,3,-1.0]' in binary section
Warning: unknown variable 'c[0,4,0.0]' in binary section
Warning: unknown variable 'c[0,4,-3.0]' in binary section
Warning: unknown variable 'c[0,4,-2.0]' in binary section
Warning: unknown variable 'c[0,4,-1.41504]' in binary section
Warning: unknown variable 'c[0,4,-1.0]' in binary section
Warning: unknown variable 'c[0,5,0.0]' in binary section
Warning: unknown variable 'c[0,5,-3.0]' in binary section
Warning: unknown variable 'c[0,5,-2.0]' in binary section
Warning: unknown variable 'c[0,5,-1.41504]' in binary section
Warning: unknown variable 'c[0,5,-1.0]' in binary section
Warning: unknown variable 'c[0,6,0.0]' in binary section
Warning: unknown variable 'c[0,6,-3.0]' in binary section
Warning: unknown variable 'c[0,6,-2.0]' in binary section
Warning: unknown variable 'c[0,6,-1.41504]' in binary section
Warning: unknown variable 'c[0,6,-1.0]' in binary section
Warning: unknown variable 'c[0,7,0.0]' in binary section
Warning: unknown variable 'c[0,7,-3.0]' in binary section
Warning: unknown variable 'c[0,7,-2.0]' in binary section
Warning: unknown variable 'c[0,7,-1.41504]' in binary section
Warning: unknown variable 'c[0,7,-1.0]' in binary section
Warning: unknown variable 'c[0,8,0.0]' in binary section
Warning: unknown variable 'c[0,8,-3.0]' in binary section
Warning: unknown variable 'c[0,8,-2.0]' in binary section
Warning: unknown variable 'c[0,8,-1.41504]' in binary section
Warning: unknown variable 'c[0,8,-1.0]' in binary section
Warning: unknown variable 'c[0,9,0.0]' in binary section
Warning: unknown variable 'c[0,9,-3.0]' in binary section
Warning: unknown variable 'c[0,9,-2.0]' in binary section
Warning: unknown variable 'c[0,9,-1.41504]' in binary section
Warning: unknown variable 'c[0,9,-1.0]' in binary section
Warning: unknown variable 'c[0,10,0.0]' in binary section
Warning: unknown variable 'c[0,10,-3.0]' in binary section
Warning: unknown variable 'c[0,10,-2.0]' in binary section
Warning: unknown variable 'c[0,10,-1.41504]' in binary section
Warning: unknown variable 'c[0,10,-1.0]' in binary section
Warning: unknown variable 'c[0,11,0.0]' in binary section
Warning: unknown variable 'c[0,11,-3.0]' in binary section
Warning: unknown variable 'c[0,11,-2.0]' in binary section
Warning: unknown variable 'c[0,11,-1.41504]' in binary section
Warning: unknown variable 'c[0,11,-1.0]' in binary section
Warning: unknown variable 'c[0,12,0.0]' in binary section
Warning: unknown variable 'c[0,12,-3.0]' in binary section
Warning: unknown variable 'c[0,12,-2.0]' in binary section
Warning: unknown variable 'c[0,12,-1.41504]' in binary section
Warning: unknown variable 'c[0,12,-1.0]' in binary section
Warning: unknown variable 'c[0,13,0.0]' in binary section
Warning: unknown variable 'c[0,13,-3.0]' in binary section
Warning: unknown variable 'c[0,13,-2.0]' in binary section
Warning: unknown variable 'c[0,13,-1.41504]' in binary section
Warning: unknown variable 'c[0,13,-1.0]' in binary section
Warning: unknown variable 'c[0,14,0.0]' in binary section
Warning: unknown variable 'c[0,14,-3.0]' in binary section
Warning: unknown variable 'c[0,14,-2.0]' in binary section
Warning: unknown variable 'c[0,14,-1.41504]' in binary section
Warning: unknown variable 'c[0,14,-1.0]' in binary section
Warning: unknown variable 'c[0,15,0.0]' in binary section
Warning: unknown variable 'c[0,15,-3.0]' in binary section
Warning: unknown variable 'c[0,15,-2.0]' in binary section
Warning: unknown variable 'c[0,15,-1.41504]' in binary section
Warning: unknown variable 'c[0,15,-1.0]' in binary section
Warning: unknown variable 'c[1,0,0.0]' in binary section
Warning: unknown variable 'c[1,0,-3.0]' in binary section
Warning: unknown variable 'c[1,0,-2.0]' in binary section
Warning: unknown variable 'c[1,0,-1.41504]' in binary section
Warning: unknown variable 'c[1,0,-1.0]' in binary section
Warning: unknown variable 'c[1,1,0.0]' in binary section
Warning: unknown variable 'c[1,1,-3.0]' in binary section
Warning: unknown variable 'c[1,1,-2.0]' in binary section
Warning: unknown variable 'c[1,1,-1.41504]' in binary section
Warning: unknown variable 'c[1,1,-1.0]' in binary section
Warning: unknown variable 'c[1,2,0.0]' in binary section
Warning: unknown variable 'c[1,2,-3.0]' in binary section
Warning: unknown variable 'c[1,2,-2.0]' in binary section
Warning: unknown variable 'c[1,2,-1.41504]' in binary section
Warning: unknown variable 'c[1,2,-1.0]' in binary section
Warning: unknown variable 'c[1,3,0.0]' in binary section
Warning: unknown variable 'c[1,3,-3.0]' in binary section
Warning: unknown variable 'c[1,3,-2.0]' in binary section
Warning: unknown variable 'c[1,3,-1.41504]' in binary section
Warning: unknown variable 'c[1,3,-1.0]' in binary section
Warning: unknown variable 'c[1,4,0.0]' in binary section
Warning: unknown variable 'c[1,4,-3.0]' in binary section
Warning: unknown variable 'c[1,4,-2.0]' in binary section
Warning: unknown variable 'c[1,4,-1.41504]' in binary section
Warning: unknown variable 'c[1,4,-1.0]' in binary section
Warning: unknown variable 'c[1,5,0.0]' in binary section
Warning: unknown variable 'c[1,5,-3.0]' in binary section
Warning: unknown variable 'c[1,5,-2.0]' in binary section
Warning: unknown variable 'c[1,5,-1.41504]' in binary section
Warning: unknown variable 'c[1,5,-1.0]' in binary section
Warning: unknown variable 'c[1,6,0.0]' in binary section
Warning: unknown variable 'c[1,6,-3.0]' in binary section
Warning: unknown variable 'c[1,6,-2.0]' in binary section
Warning: unknown variable 'c[1,6,-1.41504]' in binary section
Warning: unknown variable 'c[1,6,-1.0]' in binary section
Warning: unknown variable 'c[1,7,0.0]' in binary section
Warning: unknown variable 'c[1,7,-3.0]' in binary section
Warning: unknown variable 'c[1,7,-2.0]' in binary section
Warning: unknown variable 'c[1,7,-1.41504]' in binary section
Warning: unknown variable 'c[1,7,-1.0]' in binary section
Warning: unknown variable 'c[1,8,0.0]' in binary section
Warning: unknown variable 'c[1,8,-3.0]' in binary section
Warning: unknown variable 'c[1,8,-2.0]' in binary section
Warning: unknown variable 'c[1,8,-1.41504]' in binary section
Warning: unknown variable 'c[1,8,-1.0]' in binary section
Warning: unknown variable 'c[1,9,0.0]' in binary section
Warning: unknown variable 'c[1,9,-3.0]' in binary section
Warning: unknown variable 'c[1,9,-2.0]' in binary section
Warning: unknown variable 'c[1,9,-1.41504]' in binary section
Warning: unknown variable 'c[1,9,-1.0]' in binary section
Warning: unknown variable 'c[1,10,0.0]' in binary section
Warning: unknown variable 'c[1,10,-3.0]' in binary section
Warning: unknown variable 'c[1,10,-2.0]' in binary section
Warning: unknown variable 'c[1,10,-1.41504]' in binary section
Warning: unknown variable 'c[1,10,-1.0]' in binary section
Warning: unknown variable 'c[1,11,0.0]' in binary section
Warning: unknown variable 'c[1,11,-3.0]' in binary section
Warning: unknown variable 'c[1,11,-2.0]' in binary section
Warning: unknown variable 'c[1,11,-1.41504]' in binary section
Warning: unknown variable 'c[1,11,-1.0]' in binary section
Warning: unknown variable 'c[1,12,0.0]' in binary section
Warning: unknown variable 'c[1,12,-3.0]' in binary section
Warning: unknown variable 'c[1,12,-2.0]' in binary section
Warning: unknown variable 'c[1,12,-1.41504]' in binary section
Warning: unknown variable 'c[1,12,-1.0]' in binary section
Warning: unknown variable 'c[1,13,0.0]' in binary section
Warning: unknown variable 'c[1,13,-3.0]' in binary section
Warning: unknown variable 'c[1,13,-2.0]' in binary section
Warning: unknown variable 'c[1,13,-1.41504]' in binary section
Warning: unknown variable 'c[1,13,-1.0]' in binary section
Warning: unknown variable 'c[1,14,0.0]' in binary section
Warning: unknown variable 'c[1,14,-3.0]' in binary section
Warning: unknown variable 'c[1,14,-2.0]' in binary section
Warning: unknown variable 'c[1,14,-1.41504]' in binary section
Warning: unknown variable 'c[1,14,-1.0]' in binary section
Warning: unknown variable 'c[1,15,0.0]' in binary section
Warning: unknown variable 'c[1,15,-3.0]' in binary section
Warning: unknown variable 'c[1,15,-2.0]' in binary section
Warning: unknown variable 'c[1,15,-1.41504]' in binary section
Warning: unknown variable 'c[1,15,-1.0]' in binary section
Warning: unknown variable 'c[2,0,0.0]' in binary section
Warning: unknown variable 'c[2,0,-3.0]' in binary section
Warning: unknown variable 'c[2,0,-2.0]' in binary section
Warning: unknown variable 'c[2,0,-1.41504]' in binary section
Warning: unknown variable 'c[2,0,-1.0]' in binary section
Warning: unknown variable 'c[2,1,0.0]' in binary section
Warning: unknown variable 'c[2,1,-3.0]' in binary section
Warning: unknown variable 'c[2,1,-2.0]' in binary section
Warning: unknown variable 'c[2,1,-1.41504]' in binary section
Warning: unknown variable 'c[2,1,-1.0]' in binary section
Warning: unknown variable 'c[2,2,0.0]' in binary section
Warning: unknown variable 'c[2,2,-3.0]' in binary section
Warning: unknown variable 'c[2,2,-2.0]' in binary section
Warning: unknown variable 'c[2,2,-1.41504]' in binary section
Warning: unknown variable 'c[2,2,-1.0]' in binary section
Warning: unknown variable 'c[2,3,0.0]' in binary section
Warning: unknown variable 'c[2,3,-3.0]' in binary section
Warning: unknown variable 'c[2,3,-2.0]' in binary section
Warning: unknown variable 'c[2,3,-1.41504]' in binary section
Warning: unknown variable 'c[2,3,-1.0]' in binary section
Warning: unknown variable 'c[2,4,0.0]' in binary section
Warning: unknown variable 'c[2,4,-3.0]' in binary section
Warning: unknown variable 'c[2,4,-2.0]' in binary section
Warning: unknown variable 'c[2,4,-1.41504]' in binary section
Warning: unknown variable 'c[2,4,-1.0]' in binary section
Warning: unknown variable 'c[2,5,0.0]' in binary section
Warning: unknown variable 'c[2,5,-3.0]' in binary section
Warning: unknown variable 'c[2,5,-2.0]' in binary section
Warning: unknown variable 'c[2,5,-1.41504]' in binary section
Warning: unknown variable 'c[2,5,-1.0]' in binary section
Warning: unknown variable 'c[2,6,0.0]' in binary section
Warning: unknown variable 'c[2,6,-3.0]' in binary section
Warning: unknown variable 'c[2,6,-2.0]' in binary section
Warning: unknown variable 'c[2,6,-1.41504]' in binary section
Warning: unknown variable 'c[2,6,-1.0]' in binary section
Warning: unknown variable 'c[2,7,0.0]' in binary section
Warning: unknown variable 'c[2,7,-3.0]' in binary section
Warning: unknown variable 'c[2,7,-2.0]' in binary section
Warning: unknown variable 'c[2,7,-1.41504]' in binary section
Warning: unknown variable 'c[2,7,-1.0]' in binary section
Warning: unknown variable 'c[2,8,0.0]' in binary section
Warning: unknown variable 'c[2,8,-3.0]' in binary section
Warning: unknown variable 'c[2,8,-2.0]' in binary section
Warning: unknown variable 'c[2,8,-1.41504]' in binary section
Warning: unknown variable 'c[2,8,-1.0]' in binary section
Warning: unknown variable 'c[2,9,0.0]' in binary section
Warning: unknown variable 'c[2,9,-3.0]' in binary section
Warning: unknown variable 'c[2,9,-2.0]' in binary section
Warning: unknown variable 'c[2,9,-1.41504]' in binary section
Warning: unknown variable 'c[2,9,-1.0]' in binary section
Warning: unknown variable 'c[2,10,0.0]' in binary section
Warning: unknown variable 'c[2,10,-3.0]' in binary section
Warning: unknown variable 'c[2,10,-2.0]' in binary section
Warning: unknown variable 'c[2,10,-1.41504]' in binary section
Warning: unknown variable 'c[2,10,-1.0]' in binary section
Warning: unknown variable 'c[2,11,0.0]' in binary section
Warning: unknown variable 'c[2,11,-3.0]' in binary section
Warning: unknown variable 'c[2,11,-2.0]' in binary section
Warning: unknown variable 'c[2,11,-1.41504]' in binary section
Warning: unknown variable 'c[2,11,-1.0]' in binary section
Warning: unknown variable 'c[2,12,0.0]' in binary section
Warning: unknown variable 'c[2,12,-3.0]' in binary section
Warning: unknown variable 'c[2,12,-2.0]' in binary section
Warning: unknown variable 'c[2,12,-1.41504]' in binary section
Warning: unknown variable 'c[2,12,-1.0]' in binary section
Warning: unknown variable 'c[2,13,0.0]' in binary section
Warning: unknown variable 'c[2,13,-3.0]' in binary section
Warning: unknown variable 'c[2,13,-2.0]' in binary section
Warning: unknown variable 'c[2,13,-1.41504]' in binary section
Warning: unknown variable 'c[2,13,-1.0]' in binary section
Warning: unknown variable 'c[2,14,0.0]' in binary section
Warning: unknown variable 'c[2,14,-3.0]' in binary section
Warning: unknown variable 'c[2,14,-2.0]' in binary section
Warning: unknown variable 'c[2,14,-1.41504]' in binary section
Warning: unknown variable 'c[2,14,-1.0]' in binary section
Warning: unknown variable 'c[2,15,0.0]' in binary section
Warning: unknown variable 'c[2,15,-3.0]' in binary section
Warning: unknown variable 'c[2,15,-2.0]' in binary section
Warning: unknown variable 'c[2,15,-1.41504]' in binary section
Warning: unknown variable 'c[2,15,-1.0]' in binary section
Warning: unknown variable 'c[3,0,0.0]' in binary section
Warning: unknown variable 'c[3,0,-3.0]' in binary section
Warning: unknown variable 'c[3,0,-2.0]' in binary section
Warning: unknown variable 'c[3,0,-1.41504]' in binary section
Warning: unknown variable 'c[3,0,-1.0]' in binary section
Warning: unknown variable 'c[3,1,0.0]' in binary section
Warning: unknown variable 'c[3,1,-3.0]' in binary section
Warning: unknown variable 'c[3,1,-2.0]' in binary section
Warning: unknown variable 'c[3,1,-1.41504]' in binary section
Warning: unknown variable 'c[3,1,-1.0]' in binary section
Warning: unknown variable 'c[3,2,0.0]' in binary section
Warning: unknown variable 'c[3,2,-3.0]' in binary section
Warning: unknown variable 'c[3,2,-2.0]' in binary section
Warning: unknown variable 'c[3,2,-1.41504]' in binary section
Warning: unknown variable 'c[3,2,-1.0]' in binary section
Warning: unknown variable 'c[3,3,0.0]' in binary section
Warning: unknown variable 'c[3,3,-3.0]' in binary section
Warning: unknown variable 'c[3,3,-2.0]' in binary section
Warning: unknown variable 'c[3,3,-1.41504]' in binary section
Warning: unknown variable 'c[3,3,-1.0]' in binary section
Warning: unknown variable 'c[3,4,0.0]' in binary section
Warning: unknown variable 'c[3,4,-3.0]' in binary section
Warning: unknown variable 'c[3,4,-2.0]' in binary section
Warning: unknown variable 'c[3,4,-1.41504]' in binary section
Warning: unknown variable 'c[3,4,-1.0]' in binary section
Warning: unknown variable 'c[3,5,0.0]' in binary section
Warning: unknown variable 'c[3,5,-3.0]' in binary section
Warning: unknown variable 'c[3,5,-2.0]' in binary section
Warning: unknown variable 'c[3,5,-1.41504]' in binary section
Warning: unknown variable 'c[3,5,-1.0]' in binary section
Warning: unknown variable 'c[3,6,0.0]' in binary section
Warning: unknown variable 'c[3,6,-3.0]' in binary section
Warning: unknown variable 'c[3,6,-2.0]' in binary section
Warning: unknown variable 'c[3,6,-1.41504]' in binary section
Warning: unknown variable 'c[3,6,-1.0]' in binary section
Warning: unknown variable 'c[3,7,0.0]' in binary section
Warning: unknown variable 'c[3,7,-3.0]' in binary section
Warning: unknown variable 'c[3,7,-2.0]' in binary section
Warning: unknown variable 'c[3,7,-1.41504]' in binary section
Warning: unknown variable 'c[3,7,-1.0]' in binary section
Warning: unknown variable 'c[3,8,0.0]' in binary section
Warning: unknown variable 'c[3,8,-3.0]' in binary section
Warning: unknown variable 'c[3,8,-2.0]' in binary section
Warning: unknown variable 'c[3,8,-1.41504]' in binary section
Warning: unknown variable 'c[3,8,-1.0]' in binary section
Warning: unknown variable 'c[3,9,0.0]' in binary section
Warning: unknown variable 'c[3,9,-3.0]' in binary section
Warning: unknown variable 'c[3,9,-2.0]' in binary section
Warning: unknown variable 'c[3,9,-1.41504]' in binary section
Warning: unknown variable 'c[3,9,-1.0]' in binary section
Warning: unknown variable 'c[3,10,0.0]' in binary section
Warning: unknown variable 'c[3,10,-3.0]' in binary section
Warning: unknown variable 'c[3,10,-2.0]' in binary section
Warning: unknown variable 'c[3,10,-1.41504]' in binary section
Warning: unknown variable 'c[3,10,-1.0]' in binary section
Warning: unknown variable 'c[3,11,0.0]' in binary section
Warning: unknown variable 'c[3,11,-3.0]' in binary section
Warning: unknown variable 'c[3,11,-2.0]' in binary section
Warning: unknown variable 'c[3,11,-1.41504]' in binary section
Warning: unknown variable 'c[3,11,-1.0]' in binary section
Warning: unknown variable 'c[3,12,0.0]' in binary section
Warning: unknown variable 'c[3,12,-3.0]' in binary section
Warning: unknown variable 'c[3,12,-2.0]' in binary section
Warning: unknown variable 'c[3,12,-1.41504]' in binary section
Warning: unknown variable 'c[3,12,-1.0]' in binary section
Warning: unknown variable 'c[3,13,0.0]' in binary section
Warning: unknown variable 'c[3,13,-3.0]' in binary section
Warning: unknown variable 'c[3,13,-2.0]' in binary section
Warning: unknown variable 'c[3,13,-1.41504]' in binary section
Warning: unknown variable 'c[3,13,-1.0]' in binary section
Warning: unknown variable 'c[3,14,0.0]' in binary section
Warning: unknown variable 'c[3,14,-3.0]' in binary section
Warning: unknown variable 'c[3,14,-2.0]' in binary section
Warning: unknown variable 'c[3,14,-1.41504]' in binary section
Warning: unknown variable 'c[3,14,-1.0]' in binary section
Warning: unknown variable 'c[3,15,0.0]' in binary section
Warning: unknown variable 'c[3,15,-3.0]' in binary section
Warning: unknown variable 'c[3,15,-2.0]' in binary section
Warning: unknown variable 'c[3,15,-1.41504]' in binary section
Warning: unknown variable 'c[3,15,-1.0]' in binary section
Warning: unknown variable 'c[4,0,0.0]' in binary section
Warning: unknown variable 'c[4,0,-3.0]' in binary section
Warning: unknown variable 'c[4,0,-2.0]' in binary section
Warning: unknown variable 'c[4,0,-1.41504]' in binary section
Warning: unknown variable 'c[4,0,-1.0]' in binary section
Warning: unknown variable 'c[4,1,0.0]' in binary section
Warning: unknown variable 'c[4,1,-3.0]' in binary section
Warning: unknown variable 'c[4,1,-2.0]' in binary section
Warning: unknown variable 'c[4,1,-1.41504]' in binary section
Warning: unknown variable 'c[4,1,-1.0]' in binary section
Warning: unknown variable 'c[4,2,0.0]' in binary section
Warning: unknown variable 'c[4,2,-3.0]' in binary section
Warning: unknown variable 'c[4,2,-2.0]' in binary section
Warning: unknown variable 'c[4,2,-1.41504]' in binary section
Warning: unknown variable 'c[4,2,-1.0]' in binary section
Warning: unknown variable 'c[4,3,0.0]' in binary section
Warning: unknown variable 'c[4,3,-3.0]' in binary section
Warning: unknown variable 'c[4,3,-2.0]' in binary section
Warning: unknown variable 'c[4,3,-1.41504]' in binary section
Warning: unknown variable 'c[4,3,-1.0]' in binary section
Warning: unknown variable 'c[4,4,0.0]' in binary section
Warning: unknown variable 'c[4,4,-3.0]' in binary section
Warning: unknown variable 'c[4,4,-2.0]' in binary section
Warning: unknown variable 'c[4,4,-1.41504]' in binary section
Warning: unknown variable 'c[4,4,-1.0]' in binary section
Warning: unknown variable 'c[4,5,0.0]' in binary section
Warning: unknown variable 'c[4,5,-3.0]' in binary section
Warning: unknown variable 'c[4,5,-2.0]' in binary section
Warning: unknown variable 'c[4,5,-1.41504]' in binary section
Warning: unknown variable 'c[4,5,-1.0]' in binary section
Warning: unknown variable 'c[4,6,0.0]' in binary section
Warning: unknown variable 'c[4,6,-3.0]' in binary section
Warning: unknown variable 'c[4,6,-2.0]' in binary section
Warning: unknown variable 'c[4,6,-1.41504]' in binary section
Warning: unknown variable 'c[4,6,-1.0]' in binary section
Warning: unknown variable 'c[4,7,0.0]' in binary section
Warning: unknown variable 'c[4,7,-3.0]' in binary section
Warning: unknown variable 'c[4,7,-2.0]' in binary section
Warning: unknown variable 'c[4,7,-1.41504]' in binary section
Warning: unknown variable 'c[4,7,-1.0]' in binary section
Warning: unknown variable 'c[4,8,0.0]' in binary section
Warning: unknown variable 'c[4,8,-3.0]' in binary section
Warning: unknown variable 'c[4,8,-2.0]' in binary section
Warning: unknown variable 'c[4,8,-1.41504]' in binary section
Warning: unknown variable 'c[4,8,-1.0]' in binary section
Warning: unknown variable 'c[4,9,0.0]' in binary section
Warning: unknown variable 'c[4,9,-3.0]' in binary section
Warning: unknown variable 'c[4,9,-2.0]' in binary section
Warning: unknown variable 'c[4,9,-1.41504]' in binary section
Warning: unknown variable 'c[4,9,-1.0]' in binary section
Warning: unknown variable 'c[4,10,0.0]' in binary section
Warning: unknown variable 'c[4,10,-3.0]' in binary section
Warning: unknown variable 'c[4,10,-2.0]' in binary section
Warning: unknown variable 'c[4,10,-1.41504]' in binary section
Warning: unknown variable 'c[4,10,-1.0]' in binary section
Warning: unknown variable 'c[4,11,0.0]' in binary section
Warning: unknown variable 'c[4,11,-3.0]' in binary section
Warning: unknown variable 'c[4,11,-2.0]' in binary section
Warning: unknown variable 'c[4,11,-1.41504]' in binary section
Warning: unknown variable 'c[4,11,-1.0]' in binary section
Warning: unknown variable 'c[4,12,0.0]' in binary section
Warning: unknown variable 'c[4,12,-3.0]' in binary section
Warning: unknown variable 'c[4,12,-2.0]' in binary section
Warning: unknown variable 'c[4,12,-1.41504]' in binary section
Warning: unknown variable 'c[4,12,-1.0]' in binary section
Warning: unknown variable 'c[4,13,0.0]' in binary section
Warning: unknown variable 'c[4,13,-3.0]' in binary section
Warning: unknown variable 'c[4,13,-2.0]' in binary section
Warning: unknown variable 'c[4,13,-1.41504]' in binary section
Warning: unknown variable 'c[4,13,-1.0]' in binary section
Warning: unknown variable 'c[4,14,0.0]' in binary section
Warning: unknown variable 'c[4,14,-3.0]' in binary section
Warning: unknown variable 'c[4,14,-2.0]' in binary section
Warning: unknown variable 'c[4,14,-1.41504]' in binary section
Warning: unknown variable 'c[4,14,-1.0]' in binary section
Warning: unknown variable 'c[4,15,0.0]' in binary section
Warning: unknown variable 'c[4,15,-3.0]' in binary section
Warning: unknown variable 'c[4,15,-2.0]' in binary section
Warning: unknown variable 'c[4,15,-1.41504]' in binary section
Warning: unknown variable 'c[4,15,-1.0]' in binary section
Read LP format model from file gift_fixed_key.lp
Reading time = 0.58 seconds
: 13 rows, 1040 columns, 41 nonzeros

Using Gurobi shared library /opt/gurobi1300/linux64/lib/libgurobi.so.13.0.0

CPU model: Intel(R) Xeon(R) w3-2423, instruction set [SSE2|AVX|AVX2|AVX512]
Thread count: 6 physical cores, 12 logical processors, using up to 12 threads

Optimize a model with 13 rows, 1040 columns and 41 nonzeros (Min)
Model fingerprint: 0xec47b765
Model has 0 linear objective coefficients
Variable types: 0 continuous, 1040 integer (1040 binary)
Coefficient statistics:
  Matrix range     [1e+00, 5e+02]
  Objective range  [0e+00, 0e+00]
  Bounds range     [1e+00, 1e+00]
  RHS range        [1e+00, 5e+02]
Presolve removed 4 rows and 1035 columns
Presolve time: 0.00s

Explored 0 nodes (0 simplex iterations) in 0.01 seconds (0.00 work units)
Thread count was 1 (of 12 available processors)

Solution count 0

Model is infeasible
Best objective -, best bound -, gap -

Gurobi 13.0.0 (linux64, gurobi_cl) logging started Thu Nov 20 13:28:40 2025

Set parameter Username
Set parameter LicenseID to value 2740214
Set parameter LogFile to value "gurobi.log"
Using license file /home/ROCQ/cosmiq/qtan/gurobi.lic
Academic license - for non-commercial use only - expires 2026-11-17

Gurobi Optimizer version 13.0.0 build v13.0.0rc1 (linux64 - "Ubuntu 24.04.3 LTS")
Copyright (c) 2025, Gurobi Optimization, LLC

Warning: unknown variable 'm[0,0,0]' in binary section
Warning: unknown variable 'm[0,0,1]' in binary section
Warning: unknown variable 'm[0,0,2]' in binary section
Warning: unknown variable 'm[0,0,3]' in binary section
Warning: unknown variable 'm[0,0,7]' in binary section
Warning: unknown variable 'm[0,0,8]' in binary section
Warning: unknown variable 'm[0,0,9]' in binary section
Warning: unknown variable 'm[0,0,10]' in binary section
Warning: unknown variable 'm[0,0,11]' in binary section
Warning: unknown variable 'm[0,0,12]' in binary section
Warning: unknown variable 'm[0,0,13]' in binary section
Warning: unknown variable 'm[0,0,14]' in binary section
Warning: unknown variable 'm[0,0,15]' in binary section
Warning: unknown variable 'm[0,0,16]' in binary section
Warning: unknown variable 'm[0,0,17]' in binary section
Warning: unknown variable 'm[0,0,18]' in binary section
Warning: unknown variable 'm[0,0,19]' in binary section
Warning: unknown variable 'm[0,0,20]' in binary section
Warning: unknown variable 'm[0,0,21]' in binary section
Warning: unknown variable 'm[0,0,22]' in binary section
Warning: unknown variable 'm[0,0,23]' in binary section
Warning: unknown variable 'm[0,0,24]' in binary section
Warning: unknown variable 'm[0,0,25]' in binary section
Warning: unknown variable 'm[0,0,26]' in binary section
Warning: unknown variable 'm[0,0,27]' in binary section
Warning: unknown variable 'm[0,0,28]' in binary section
Warning: unknown variable 'm[0,0,29]' in binary section
Warning: unknown variable 'm[0,0,30]' in binary section
Warning: unknown variable 'm[0,0,31]' in binary section
Warning: unknown variable 'm[0,0,32]' in binary section
Warning: unknown variable 'm[0,0,33]' in binary section
Warning: unknown variable 'm[0,0,34]' in binary section
Warning: unknown variable 'm[0,0,35]' in binary section
Warning: unknown variable 'm[0,0,36]' in binary section
Warning: unknown variable 'm[0,0,37]' in binary section
Warning: unknown variable 'm[0,0,38]' in binary section
Warning: unknown variable 'm[0,0,39]' in binary section
Warning: unknown variable 'm[0,0,40]' in binary section
Warning: unknown variable 'm[0,0,41]' in binary section
Warning: unknown variable 'm[0,0,42]' in binary section
Warning: unknown variable 'm[0,0,43]' in binary section
Warning: unknown variable 'm[0,0,44]' in binary section
Warning: unknown variable 'm[0,0,45]' in binary section
Warning: unknown variable 'm[0,0,46]' in binary section
Warning: unknown variable 'm[0,0,47]' in binary section
Warning: unknown variable 'm[0,0,48]' in binary section
Warning: unknown variable 'm[0,0,49]' in binary section
Warning: unknown variable 'm[0,0,50]' in binary section
Warning: unknown variable 'm[0,0,51]' in binary section
Warning: unknown variable 'm[0,0,52]' in binary section
Warning: unknown variable 'm[0,0,53]' in binary section
Warning: unknown variable 'm[0,0,54]' in binary section
Warning: unknown variable 'm[0,0,55]' in binary section
Warning: unknown variable 'm[0,0,56]' in binary section
Warning: unknown variable 'm[0,0,57]' in binary section
Warning: unknown variable 'm[0,0,58]' in binary section
Warning: unknown variable 'm[0,0,59]' in binary section
Warning: unknown variable 'm[0,0,60]' in binary section
Warning: unknown variable 'm[0,0,61]' in binary section
Warning: unknown variable 'm[0,0,62]' in binary section
Warning: unknown variable 'm[0,0,63]' in binary section
Warning: unknown variable 'm[0,1,0]' in binary section
Warning: unknown variable 'm[0,1,1]' in binary section
Warning: unknown variable 'm[0,1,2]' in binary section
Warning: unknown variable 'm[0,1,3]' in binary section
Warning: unknown variable 'm[0,1,4]' in binary section
Warning: unknown variable 'm[0,1,5]' in binary section
Warning: unknown variable 'm[0,1,8]' in binary section
Warning: unknown variable 'm[0,1,9]' in binary section
Warning: unknown variable 'm[0,1,10]' in binary section
Warning: unknown variable 'm[0,1,11]' in binary section
Warning: unknown variable 'm[0,1,12]' in binary section
Warning: unknown variable 'm[0,1,13]' in binary section
Warning: unknown variable 'm[0,1,14]' in binary section
Warning: unknown variable 'm[0,1,15]' in binary section
Warning: unknown variable 'm[0,1,16]' in binary section
Warning: unknown variable 'm[0,1,17]' in binary section
Warning: unknown variable 'm[0,1,18]' in binary section
Warning: unknown variable 'm[0,1,19]' in binary section
Warning: unknown variable 'm[0,1,20]' in binary section
Warning: unknown variable 'm[0,1,21]' in binary section
Warning: unknown variable 'm[0,1,22]' in binary section
Warning: unknown variable 'm[0,1,23]' in binary section
Warning: unknown variable 'm[0,1,24]' in binary section
Warning: unknown variable 'm[0,1,25]' in binary section
Warning: unknown variable 'm[0,1,26]' in binary section
Warning: unknown variable 'm[0,1,27]' in binary section
Warning: unknown variable 'm[0,1,28]' in binary section
Warning: unknown variable 'm[0,1,29]' in binary section
Warning: unknown variable 'm[0,1,30]' in binary section
Warning: unknown variable 'm[0,1,31]' in binary section
Warning: unknown variable 'm[0,1,32]' in binary section
Warning: unknown variable 'm[0,1,33]' in binary section
Warning: unknown variable 'm[0,1,34]' in binary section
Warning: unknown variable 'm[0,1,35]' in binary section
Warning: unknown variable 'm[0,1,36]' in binary section
Warning: unknown variable 'm[0,1,37]' in binary section
Warning: unknown variable 'm[0,1,38]' in binary section
Warning: unknown variable 'm[0,1,39]' in binary section
Warning: unknown variable 'm[0,1,40]' in binary section
Warning: unknown variable 'm[0,1,41]' in binary section
Warning: unknown variable 'm[0,1,42]' in binary section
Warning: unknown variable 'm[0,1,43]' in binary section
Warning: unknown variable 'm[0,1,44]' in binary section
Warning: unknown variable 'm[0,1,45]' in binary section
Warning: unknown variable 'm[0,1,46]' in binary section
Warning: unknown variable 'm[0,1,47]' in binary section
Warning: unknown variable 'm[0,1,48]' in binary section
Warning: unknown variable 'm[0,1,49]' in binary section
Warning: unknown variable 'm[0,1,50]' in binary section
Warning: unknown variable 'm[0,1,51]' in binary section
Warning: unknown variable 'm[0,1,52]' in binary section
Warning: unknown variable 'm[0,1,53]' in binary section
Warning: unknown variable 'm[0,1,54]' in binary section
Warning: unknown variable 'm[0,1,55]' in binary section
Warning: unknown variable 'm[0,1,56]' in binary section
Warning: unknown variable 'm[0,1,57]' in binary section
Warning: unknown variable 'm[0,1,58]' in binary section
Warning: unknown variable 'm[0,1,59]' in binary section
Warning: unknown variable 'm[0,1,60]' in binary section
Warning: unknown variable 'm[0,1,61]' in binary section
Warning: unknown variable 'm[0,1,62]' in binary section
Warning: unknown variable 'm[0,1,63]' in binary section
Warning: unknown variable 'm[1,0,0]' in binary section
Warning: unknown variable 'm[1,0,1]' in binary section
Warning: unknown variable 'm[1,0,2]' in binary section
Warning: unknown variable 'm[1,0,3]' in binary section
Warning: unknown variable 'm[1,0,4]' in binary section
Warning: unknown variable 'm[1,0,5]' in binary section
Warning: unknown variable 'm[1,0,6]' in binary section
Warning: unknown variable 'm[1,0,7]' in binary section
Warning: unknown variable 'm[1,0,8]' in binary section
Warning: unknown variable 'm[1,0,9]' in binary section
Warning: unknown variable 'm[1,0,10]' in binary section
Warning: unknown variable 'm[1,0,11]' in binary section
Warning: unknown variable 'm[1,0,12]' in binary section
Warning: unknown variable 'm[1,0,13]' in binary section
Warning: unknown variable 'm[1,0,14]' in binary section
Warning: unknown variable 'm[1,0,15]' in binary section
Warning: unknown variable 'm[1,0,16]' in binary section
Warning: unknown variable 'm[1,0,17]' in binary section
Warning: unknown variable 'm[1,0,18]' in binary section
Warning: unknown variable 'm[1,0,19]' in binary section
Warning: unknown variable 'm[1,0,20]' in binary section
Warning: unknown variable 'm[1,0,21]' in binary section
Warning: unknown variable 'm[1,0,22]' in binary section
Warning: unknown variable 'm[1,0,23]' in binary section
Warning: unknown variable 'm[1,0,24]' in binary section
Warning: unknown variable 'm[1,0,25]' in binary section
Warning: unknown variable 'm[1,0,26]' in binary section
Warning: unknown variable 'm[1,0,27]' in binary section
Warning: unknown variable 'm[1,0,28]' in binary section
Warning: unknown variable 'm[1,0,29]' in binary section
Warning: unknown variable 'm[1,0,30]' in binary section
Warning: unknown variable 'm[1,0,31]' in binary section
Warning: unknown variable 'm[1,0,32]' in binary section
Warning: unknown variable 'm[1,0,33]' in binary section
Warning: unknown variable 'm[1,0,34]' in binary section
Warning: unknown variable 'm[1,0,35]' in binary section
Warning: unknown variable 'm[1,0,36]' in binary section
Warning: unknown variable 'm[1,0,37]' in binary section
Warning: unknown variable 'm[1,0,38]' in binary section
Warning: unknown variable 'm[1,0,39]' in binary section
Warning: unknown variable 'm[1,0,40]' in binary section
Warning: unknown variable 'm[1,0,41]' in binary section
Warning: unknown variable 'm[1,0,42]' in binary section
Warning: unknown variable 'm[1,0,43]' in binary section
Warning: unknown variable 'm[1,0,44]' in binary section
Warning: unknown variable 'm[1,0,45]' in binary section
Warning: unknown variable 'm[1,0,46]' in binary section
Warning: unknown variable 'm[1,0,47]' in binary section
Warning: unknown variable 'm[1,0,48]' in binary section
Warning: unknown variable 'm[1,0,49]' in binary section
Warning: unknown variable 'm[1,0,50]' in binary section
Warning: unknown variable 'm[1,0,51]' in binary section
Warning: unknown variable 'm[1,0,52]' in binary section
Warning: unknown variable 'm[1,0,53]' in binary section
Warning: unknown variable 'm[1,0,54]' in binary section
Warning: unknown variable 'm[1,0,55]' in binary section
Warning: unknown variable 'm[1,0,56]' in binary section
Warning: unknown variable 'm[1,0,57]' in binary section
Warning: unknown variable 'm[1,0,58]' in binary section
Warning: unknown variable 'm[1,0,59]' in binary section
Warning: unknown variable 'm[1,0,60]' in binary section
Warning: unknown variable 'm[1,0,61]' in binary section
Warning: unknown variable 'm[1,0,62]' in binary section
Warning: unknown variable 'm[1,0,63]' in binary section
Warning: unknown variable 'm[1,1,0]' in binary section
Warning: unknown variable 'm[1,1,1]' in binary section
Warning: unknown variable 'm[1,1,2]' in binary section
Warning: unknown variable 'm[1,1,3]' in binary section
Warning: unknown variable 'm[1,1,4]' in binary section
Warning: unknown variable 'm[1,1,5]' in binary section
Warning: unknown variable 'm[1,1,6]' in binary section
Warning: unknown variable 'm[1,1,7]' in binary section
Warning: unknown variable 'm[1,1,8]' in binary section
Warning: unknown variable 'm[1,1,9]' in binary section
Warning: unknown variable 'm[1,1,10]' in binary section
Warning: unknown variable 'm[1,1,11]' in binary section
Warning: unknown variable 'm[1,1,12]' in binary section
Warning: unknown variable 'm[1,1,13]' in binary section
Warning: unknown variable 'm[1,1,14]' in binary section
Warning: unknown variable 'm[1,1,15]' in binary section
Warning: unknown variable 'm[1,1,16]' in binary section
Warning: unknown variable 'm[1,1,17]' in binary section
Warning: unknown variable 'm[1,1,18]' in binary section
Warning: unknown variable 'm[1,1,19]' in binary section
Warning: unknown variable 'm[1,1,20]' in binary section
Warning: unknown variable 'm[1,1,21]' in binary section
Warning: unknown variable 'm[1,1,22]' in binary section
Warning: unknown variable 'm[1,1,23]' in binary section
Warning: unknown variable 'm[1,1,24]' in binary section
Warning: unknown variable 'm[1,1,25]' in binary section
Warning: unknown variable 'm[1,1,26]' in binary section
Warning: unknown variable 'm[1,1,27]' in binary section
Warning: unknown variable 'm[1,1,28]' in binary section
Warning: unknown variable 'm[1,1,29]' in binary section
Warning: unknown variable 'm[1,1,30]' in binary section
Warning: unknown variable 'm[1,1,31]' in binary section
Warning: unknown variable 'm[1,1,32]' in binary section
Warning: unknown variable 'm[1,1,33]' in binary section
Warning: unknown variable 'm[1,1,34]' in binary section
Warning: unknown variable 'm[1,1,35]' in binary section
Warning: unknown variable 'm[1,1,36]' in binary section
Warning: unknown variable 'm[1,1,37]' in binary section
Warning: unknown variable 'm[1,1,38]' in binary section
Warning: unknown variable 'm[1,1,39]' in binary section
Warning: unknown variable 'm[1,1,40]' in binary section
Warning: unknown variable 'm[1,1,41]' in binary section
Warning: unknown variable 'm[1,1,42]' in binary section
Warning: unknown variable 'm[1,1,43]' in binary section
Warning: unknown variable 'm[1,1,44]' in binary section
Warning: unknown variable 'm[1,1,45]' in binary section
Warning: unknown variable 'm[1,1,46]' in binary section
Warning: unknown variable 'm[1,1,47]' in binary section
Warning: unknown variable 'm[1,1,48]' in binary section
Warning: unknown variable 'm[1,1,49]' in binary section
Warning: unknown variable 'm[1,1,50]' in binary section
Warning: unknown variable 'm[1,1,51]' in binary section
Warning: unknown variable 'm[1,1,52]' in binary section
Warning: unknown variable 'm[1,1,53]' in binary section
Warning: unknown variable 'm[1,1,54]' in binary section
Warning: unknown variable 'm[1,1,55]' in binary section
Warning: unknown variable 'm[1,1,56]' in binary section
Warning: unknown variable 'm[1,1,57]' in binary section
Warning: unknown variable 'm[1,1,58]' in binary section
Warning: unknown variable 'm[1,1,59]' in binary section
Warning: unknown variable 'm[1,1,60]' in binary section
Warning: unknown variable 'm[1,1,61]' in binary section
Warning: unknown variable 'm[1,1,62]' in binary section
Warning: unknown variable 'm[1,1,63]' in binary section
Warning: unknown variable 'm[2,0,0]' in binary section
Warning: unknown variable 'm[2,0,1]' in binary section
Warning: unknown variable 'm[2,0,2]' in binary section
Warning: unknown variable 'm[2,0,3]' in binary section
Warning: unknown variable 'm[2,0,4]' in binary section
Warning: unknown variable 'm[2,0,5]' in binary section
Warning: unknown variable 'm[2,0,6]' in binary section
Warning: unknown variable 'm[2,0,7]' in binary section
Warning: unknown variable 'm[2,0,8]' in binary section
Warning: unknown variable 'm[2,0,9]' in binary section
Warning: unknown variable 'm[2,0,10]' in binary section
Warning: unknown variable 'm[2,0,11]' in binary section
Warning: unknown variable 'm[2,0,12]' in binary section
Warning: unknown variable 'm[2,0,13]' in binary section
Warning: unknown variable 'm[2,0,14]' in binary section
Warning: unknown variable 'm[2,0,15]' in binary section
Warning: unknown variable 'm[2,0,16]' in binary section
Warning: unknown variable 'm[2,0,17]' in binary section
Warning: unknown variable 'm[2,0,18]' in binary section
Warning: unknown variable 'm[2,0,19]' in binary section
Warning: unknown variable 'm[2,0,20]' in binary section
Warning: unknown variable 'm[2,0,21]' in binary section
Warning: unknown variable 'm[2,0,22]' in binary section
Warning: unknown variable 'm[2,0,23]' in binary section
Warning: unknown variable 'm[2,0,24]' in binary section
Warning: unknown variable 'm[2,0,25]' in binary section
Warning: unknown variable 'm[2,0,26]' in binary section
Warning: unknown variable 'm[2,0,27]' in binary section
Warning: unknown variable 'm[2,0,28]' in binary section
Warning: unknown variable 'm[2,0,29]' in binary section
Warning: unknown variable 'm[2,0,30]' in binary section
Warning: unknown variable 'm[2,0,31]' in binary section
Warning: unknown variable 'm[2,0,32]' in binary section
Warning: unknown variable 'm[2,0,33]' in binary section
Warning: unknown variable 'm[2,0,34]' in binary section
Warning: unknown variable 'm[2,0,35]' in binary section
Warning: unknown variable 'm[2,0,36]' in binary section
Warning: unknown variable 'm[2,0,37]' in binary section
Warning: unknown variable 'm[2,0,38]' in binary section
Warning: unknown variable 'm[2,0,39]' in binary section
Warning: unknown variable 'm[2,0,40]' in binary section
Warning: unknown variable 'm[2,0,41]' in binary section
Warning: unknown variable 'm[2,0,42]' in binary section
Warning: unknown variable 'm[2,0,43]' in binary section
Warning: unknown variable 'm[2,0,44]' in binary section
Warning: unknown variable 'm[2,0,45]' in binary section
Warning: unknown variable 'm[2,0,46]' in binary section
Warning: unknown variable 'm[2,0,47]' in binary section
Warning: unknown variable 'm[2,0,48]' in binary section
Warning: unknown variable 'm[2,0,49]' in binary section
Warning: unknown variable 'm[2,0,50]' in binary section
Warning: unknown variable 'm[2,0,51]' in binary section
Warning: unknown variable 'm[2,0,52]' in binary section
Warning: unknown variable 'm[2,0,53]' in binary section
Warning: unknown variable 'm[2,0,54]' in binary section
Warning: unknown variable 'm[2,0,55]' in binary section
Warning: unknown variable 'm[2,0,56]' in binary section
Warning: unknown variable 'm[2,0,57]' in binary section
Warning: unknown variable 'm[2,0,58]' in binary section
Warning: unknown variable 'm[2,0,59]' in binary section
Warning: unknown variable 'm[2,0,60]' in binary section
Warning: unknown variable 'm[2,0,61]' in binary section
Warning: unknown variable 'm[2,0,62]' in binary section
Warning: unknown variable 'm[2,0,63]' in binary section
Warning: unknown variable 'm[2,1,0]' in binary section
Warning: unknown variable 'm[2,1,1]' in binary section
Warning: unknown variable 'm[2,1,2]' in binary section
Warning: unknown variable 'm[2,1,3]' in binary section
Warning: unknown variable 'm[2,1,4]' in binary section
Warning: unknown variable 'm[2,1,5]' in binary section
Warning: unknown variable 'm[2,1,6]' in binary section
Warning: unknown variable 'm[2,1,7]' in binary section
Warning: unknown variable 'm[2,1,8]' in binary section
Warning: unknown variable 'm[2,1,9]' in binary section
Warning: unknown variable 'm[2,1,10]' in binary section
Warning: unknown variable 'm[2,1,11]' in binary section
Warning: unknown variable 'm[2,1,12]' in binary section
Warning: unknown variable 'm[2,1,13]' in binary section
Warning: unknown variable 'm[2,1,14]' in binary section
Warning: unknown variable 'm[2,1,15]' in binary section
Warning: unknown variable 'm[2,1,16]' in binary section
Warning: unknown variable 'm[2,1,17]' in binary section
Warning: unknown variable 'm[2,1,18]' in binary section
Warning: unknown variable 'm[2,1,19]' in binary section
Warning: unknown variable 'm[2,1,20]' in binary section
Warning: unknown variable 'm[2,1,21]' in binary section
Warning: unknown variable 'm[2,1,22]' in binary section
Warning: unknown variable 'm[2,1,23]' in binary section
Warning: unknown variable 'm[2,1,24]' in binary section
Warning: unknown variable 'm[2,1,25]' in binary section
Warning: unknown variable 'm[2,1,26]' in binary section
Warning: unknown variable 'm[2,1,27]' in binary section
Warning: unknown variable 'm[2,1,28]' in binary section
Warning: unknown variable 'm[2,1,29]' in binary section
Warning: unknown variable 'm[2,1,30]' in binary section
Warning: unknown variable 'm[2,1,31]' in binary section
Warning: unknown variable 'm[2,1,32]' in binary section
Warning: unknown variable 'm[2,1,33]' in binary section
Warning: unknown variable 'm[2,1,34]' in binary section
Warning: unknown variable 'm[2,1,35]' in binary section
Warning: unknown variable 'm[2,1,36]' in binary section
Warning: unknown variable 'm[2,1,37]' in binary section
Warning: unknown variable 'm[2,1,38]' in binary section
Warning: unknown variable 'm[2,1,39]' in binary section
Warning: unknown variable 'm[2,1,40]' in binary section
Warning: unknown variable 'm[2,1,41]' in binary section
Warning: unknown variable 'm[2,1,42]' in binary section
Warning: unknown variable 'm[2,1,43]' in binary section
Warning: unknown variable 'm[2,1,44]' in binary section
Warning: unknown variable 'm[2,1,45]' in binary section
Warning: unknown variable 'm[2,1,46]' in binary section
Warning: unknown variable 'm[2,1,47]' in binary section
Warning: unknown variable 'm[2,1,48]' in binary section
Warning: unknown variable 'm[2,1,49]' in binary section
Warning: unknown variable 'm[2,1,50]' in binary section
Warning: unknown variable 'm[2,1,51]' in binary section
Warning: unknown variable 'm[2,1,52]' in binary section
Warning: unknown variable 'm[2,1,53]' in binary section
Warning: unknown variable 'm[2,1,54]' in binary section
Warning: unknown variable 'm[2,1,55]' in binary section
Warning: unknown variable 'm[2,1,56]' in binary section
Warning: unknown variable 'm[2,1,57]' in binary section
Warning: unknown variable 'm[2,1,58]' in binary section
Warning: unknown variable 'm[2,1,59]' in binary section
Warning: unknown variable 'm[2,1,60]' in binary section
Warning: unknown variable 'm[2,1,61]' in binary section
Warning: unknown variable 'm[2,1,62]' in binary section
Warning: unknown variable 'm[2,1,63]' in binary section
Warning: unknown variable 'm[3,0,0]' in binary section
Warning: unknown variable 'm[3,0,1]' in binary section
Warning: unknown variable 'm[3,0,2]' in binary section
Warning: unknown variable 'm[3,0,3]' in binary section
Warning: unknown variable 'm[3,0,4]' in binary section
Warning: unknown variable 'm[3,0,5]' in binary section
Warning: unknown variable 'm[3,0,6]' in binary section
Warning: unknown variable 'm[3,0,7]' in binary section
Warning: unknown variable 'm[3,0,8]' in binary section
Warning: unknown variable 'm[3,0,9]' in binary section
Warning: unknown variable 'm[3,0,10]' in binary section
Warning: unknown variable 'm[3,0,11]' in binary section
Warning: unknown variable 'm[3,0,12]' in binary section
Warning: unknown variable 'm[3,0,13]' in binary section
Warning: unknown variable 'm[3,0,14]' in binary section
Warning: unknown variable 'm[3,0,15]' in binary section
Warning: unknown variable 'm[3,0,16]' in binary section
Warning: unknown variable 'm[3,0,17]' in binary section
Warning: unknown variable 'm[3,0,18]' in binary section
Warning: unknown variable 'm[3,0,19]' in binary section
Warning: unknown variable 'm[3,0,20]' in binary section
Warning: unknown variable 'm[3,0,21]' in binary section
Warning: unknown variable 'm[3,0,22]' in binary section
Warning: unknown variable 'm[3,0,23]' in binary section
Warning: unknown variable 'm[3,0,24]' in binary section
Warning: unknown variable 'm[3,0,25]' in binary section
Warning: unknown variable 'm[3,0,26]' in binary section
Warning: unknown variable 'm[3,0,27]' in binary section
Warning: unknown variable 'm[3,0,28]' in binary section
Warning: unknown variable 'm[3,0,29]' in binary section
Warning: unknown variable 'm[3,0,30]' in binary section
Warning: unknown variable 'm[3,0,31]' in binary section
Warning: unknown variable 'm[3,0,32]' in binary section
Warning: unknown variable 'm[3,0,33]' in binary section
Warning: unknown variable 'm[3,0,34]' in binary section
Warning: unknown variable 'm[3,0,35]' in binary section
Warning: unknown variable 'm[3,0,36]' in binary section
Warning: unknown variable 'm[3,0,37]' in binary section
Warning: unknown variable 'm[3,0,38]' in binary section
Warning: unknown variable 'm[3,0,39]' in binary section
Warning: unknown variable 'm[3,0,40]' in binary section
Warning: unknown variable 'm[3,0,41]' in binary section
Warning: unknown variable 'm[3,0,42]' in binary section
Warning: unknown variable 'm[3,0,43]' in binary section
Warning: unknown variable 'm[3,0,44]' in binary section
Warning: unknown variable 'm[3,0,45]' in binary section
Warning: unknown variable 'm[3,0,46]' in binary section
Warning: unknown variable 'm[3,0,47]' in binary section
Warning: unknown variable 'm[3,0,48]' in binary section
Warning: unknown variable 'm[3,0,49]' in binary section
Warning: unknown variable 'm[3,0,50]' in binary section
Warning: unknown variable 'm[3,0,51]' in binary section
Warning: unknown variable 'm[3,0,52]' in binary section
Warning: unknown variable 'm[3,0,53]' in binary section
Warning: unknown variable 'm[3,0,54]' in binary section
Warning: unknown variable 'm[3,0,55]' in binary section
Warning: unknown variable 'm[3,0,56]' in binary section
Warning: unknown variable 'm[3,0,57]' in binary section
Warning: unknown variable 'm[3,0,58]' in binary section
Warning: unknown variable 'm[3,0,59]' in binary section
Warning: unknown variable 'm[3,0,60]' in binary section
Warning: unknown variable 'm[3,0,61]' in binary section
Warning: unknown variable 'm[3,0,62]' in binary section
Warning: unknown variable 'm[3,0,63]' in binary section
Warning: unknown variable 'm[3,1,0]' in binary section
Warning: unknown variable 'm[3,1,1]' in binary section
Warning: unknown variable 'm[3,1,2]' in binary section
Warning: unknown variable 'm[3,1,3]' in binary section
Warning: unknown variable 'm[3,1,4]' in binary section
Warning: unknown variable 'm[3,1,5]' in binary section
Warning: unknown variable 'm[3,1,6]' in binary section
Warning: unknown variable 'm[3,1,7]' in binary section
Warning: unknown variable 'm[3,1,8]' in binary section
Warning: unknown variable 'm[3,1,9]' in binary section
Warning: unknown variable 'm[3,1,10]' in binary section
Warning: unknown variable 'm[3,1,11]' in binary section
Warning: unknown variable 'm[3,1,12]' in binary section
Warning: unknown variable 'm[3,1,13]' in binary section
Warning: unknown variable 'm[3,1,14]' in binary section
Warning: unknown variable 'm[3,1,15]' in binary section
Warning: unknown variable 'm[3,1,16]' in binary section
Warning: unknown variable 'm[3,1,17]' in binary section
Warning: unknown variable 'm[3,1,18]' in binary section
Warning: unknown variable 'm[3,1,19]' in binary section
Warning: unknown variable 'm[3,1,20]' in binary section
Warning: unknown variable 'm[3,1,21]' in binary section
Warning: unknown variable 'm[3,1,22]' in binary section
Warning: unknown variable 'm[3,1,23]' in binary section
Warning: unknown variable 'm[3,1,24]' in binary section
Warning: unknown variable 'm[3,1,25]' in binary section
Warning: unknown variable 'm[3,1,26]' in binary section
Warning: unknown variable 'm[3,1,27]' in binary section
Warning: unknown variable 'm[3,1,28]' in binary section
Warning: unknown variable 'm[3,1,29]' in binary section
Warning: unknown variable 'm[3,1,30]' in binary section
Warning: unknown variable 'm[3,1,31]' in binary section
Warning: unknown variable 'm[3,1,32]' in binary section
Warning: unknown variable 'm[3,1,33]' in binary section
Warning: unknown variable 'm[3,1,34]' in binary section
Warning: unknown variable 'm[3,1,35]' in binary section
Warning: unknown variable 'm[3,1,36]' in binary section
Warning: unknown variable 'm[3,1,37]' in binary section
Warning: unknown variable 'm[3,1,38]' in binary section
Warning: unknown variable 'm[3,1,39]' in binary section
Warning: unknown variable 'm[3,1,40]' in binary section
Warning: unknown variable 'm[3,1,41]' in binary section
Warning: unknown variable 'm[3,1,42]' in binary section
Warning: unknown variable 'm[3,1,43]' in binary section
Warning: unknown variable 'm[3,1,44]' in binary section
Warning: unknown variable 'm[3,1,45]' in binary section
Warning: unknown variable 'm[3,1,46]' in binary section
Warning: unknown variable 'm[3,1,47]' in binary section
Warning: unknown variable 'm[3,1,48]' in binary section
Warning: unknown variable 'm[3,1,49]' in binary section
Warning: unknown variable 'm[3,1,50]' in binary section
Warning: unknown variable 'm[3,1,51]' in binary section
Warning: unknown variable 'm[3,1,52]' in binary section
Warning: unknown variable 'm[3,1,53]' in binary section
Warning: unknown variable 'm[3,1,54]' in binary section
Warning: unknown variable 'm[3,1,55]' in binary section
Warning: unknown variable 'm[3,1,56]' in binary section
Warning: unknown variable 'm[3,1,57]' in binary section
Warning: unknown variable 'm[3,1,58]' in binary section
Warning: unknown variable 'm[3,1,59]' in binary section
Warning: unknown variable 'm[3,1,60]' in binary section
Warning: unknown variable 'm[3,1,61]' in binary section
Warning: unknown variable 'm[3,1,62]' in binary section
Warning: unknown variable 'm[3,1,63]' in binary section
Warning: unknown variable 'm[4,0,0]' in binary section
Warning: unknown variable 'm[4,0,1]' in binary section
Warning: unknown variable 'm[4,0,2]' in binary section
Warning: unknown variable 'm[4,0,3]' in binary section
Warning: unknown variable 'm[4,0,4]' in binary section
Warning: unknown variable 'm[4,0,5]' in binary section
Warning: unknown variable 'm[4,0,6]' in binary section
Warning: unknown variable 'm[4,0,7]' in binary section
Warning: unknown variable 'm[4,0,8]' in binary section
Warning: unknown variable 'm[4,0,9]' in binary section
Warning: unknown variable 'm[4,0,10]' in binary section
Warning: unknown variable 'm[4,0,11]' in binary section
Warning: unknown variable 'm[4,0,12]' in binary section
Warning: unknown variable 'm[4,0,13]' in binary section
Warning: unknown variable 'm[4,0,14]' in binary section
Warning: unknown variable 'm[4,0,15]' in binary section
Warning: unknown variable 'm[4,0,16]' in binary section
Warning: unknown variable 'm[4,0,17]' in binary section
Warning: unknown variable 'm[4,0,18]' in binary section
Warning: unknown variable 'm[4,0,19]' in binary section
Warning: unknown variable 'm[4,0,20]' in binary section
Warning: unknown variable 'm[4,0,21]' in binary section
Warning: unknown variable 'm[4,0,22]' in binary section
Warning: unknown variable 'm[4,0,23]' in binary section
Warning: unknown variable 'm[4,0,24]' in binary section
Warning: unknown variable 'm[4,0,25]' in binary section
Warning: unknown variable 'm[4,0,26]' in binary section
Warning: unknown variable 'm[4,0,27]' in binary section
Warning: unknown variable 'm[4,0,28]' in binary section
Warning: unknown variable 'm[4,0,29]' in binary section
Warning: unknown variable 'm[4,0,30]' in binary section
Warning: unknown variable 'm[4,0,31]' in binary section
Warning: unknown variable 'm[4,0,32]' in binary section
Warning: unknown variable 'm[4,0,33]' in binary section
Warning: unknown variable 'm[4,0,34]' in binary section
Warning: unknown variable 'm[4,0,35]' in binary section
Warning: unknown variable 'm[4,0,36]' in binary section
Warning: unknown variable 'm[4,0,37]' in binary section
Warning: unknown variable 'm[4,0,38]' in binary section
Warning: unknown variable 'm[4,0,39]' in binary section
Warning: unknown variable 'm[4,0,40]' in binary section
Warning: unknown variable 'm[4,0,41]' in binary section
Warning: unknown variable 'm[4,0,42]' in binary section
Warning: unknown variable 'm[4,0,43]' in binary section
Warning: unknown variable 'm[4,0,44]' in binary section
Warning: unknown variable 'm[4,0,45]' in binary section
Warning: unknown variable 'm[4,0,46]' in binary section
Warning: unknown variable 'm[4,0,47]' in binary section
Warning: unknown variable 'm[4,0,48]' in binary section
Warning: unknown variable 'm[4,0,49]' in binary section
Warning: unknown variable 'm[4,0,50]' in binary section
Warning: unknown variable 'm[4,0,51]' in binary section
Warning: unknown variable 'm[4,0,52]' in binary section
Warning: unknown variable 'm[4,0,53]' in binary section
Warning: unknown variable 'm[4,0,54]' in binary section
Warning: unknown variable 'm[4,0,55]' in binary section
Warning: unknown variable 'm[4,0,56]' in binary section
Warning: unknown variable 'm[4,0,57]' in binary section
Warning: unknown variable 'm[4,0,58]' in binary section
Warning: unknown variable 'm[4,0,59]' in binary section
Warning: unknown variable 'm[4,0,60]' in binary section
Warning: unknown variable 'm[4,0,61]' in binary section
Warning: unknown variable 'm[4,0,62]' in binary section
Warning: unknown variable 'm[4,0,63]' in binary section
Warning: unknown variable 'm[4,1,0]' in binary section
Warning: unknown variable 'm[4,1,1]' in binary section
Warning: unknown variable 'm[4,1,2]' in binary section
Warning: unknown variable 'm[4,1,3]' in binary section
Warning: unknown variable 'm[4,1,4]' in binary section
Warning: unknown variable 'm[4,1,5]' in binary section
Warning: unknown variable 'm[4,1,6]' in binary section
Warning: unknown variable 'm[4,1,7]' in binary section
Warning: unknown variable 'm[4,1,8]' in binary section
Warning: unknown variable 'm[4,1,9]' in binary section
Warning: unknown variable 'm[4,1,10]' in binary section
Warning: unknown variable 'm[4,1,11]' in binary section
Warning: unknown variable 'm[4,1,12]' in binary section
Warning: unknown variable 'm[4,1,13]' in binary section
Warning: unknown variable 'm[4,1,14]' in binary section
Warning: unknown variable 'm[4,1,15]' in binary section
Warning: unknown variable 'm[4,1,16]' in binary section
Warning: unknown variable 'm[4,1,17]' in binary section
Warning: unknown variable 'm[4,1,18]' in binary section
Warning: unknown variable 'm[4,1,19]' in binary section
Warning: unknown variable 'm[4,1,20]' in binary section
Warning: unknown variable 'm[4,1,21]' in binary section
Warning: unknown variable 'm[4,1,22]' in binary section
Warning: unknown variable 'm[4,1,23]' in binary section
Warning: unknown variable 'm[4,1,24]' in binary section
Warning: unknown variable 'm[4,1,25]' in binary section
Warning: unknown variable 'm[4,1,26]' in binary section
Warning: unknown variable 'm[4,1,27]' in binary section
Warning: unknown variable 'm[4,1,28]' in binary section
Warning: unknown variable 'm[4,1,29]' in binary section
Warning: unknown variable 'm[4,1,30]' in binary section
Warning: unknown variable 'm[4,1,31]' in binary section
Warning: unknown variable 'm[4,1,32]' in binary section
Warning: unknown variable 'm[4,1,33]' in binary section
Warning: unknown variable 'm[4,1,34]' in binary section
Warning: unknown variable 'm[4,1,35]' in binary section
Warning: unknown variable 'm[4,1,36]' in binary section
Warning: unknown variable 'm[4,1,37]' in binary section
Warning: unknown variable 'm[4,1,38]' in binary section
Warning: unknown variable 'm[4,1,39]' in binary section
Warning: unknown variable 'm[4,1,40]' in binary section
Warning: unknown variable 'm[4,1,41]' in binary section
Warning: unknown variable 'm[4,1,42]' in binary section
Warning: unknown variable 'm[4,1,43]' in binary section
Warning: unknown variable 'm[4,1,44]' in binary section
Warning: unknown variable 'm[4,1,45]' in binary section
Warning: unknown variable 'm[4,1,46]' in binary section
Warning: unknown variable 'm[4,1,47]' in binary section
Warning: unknown variable 'm[4,1,48]' in binary section
Warning: unknown variable 'm[4,1,49]' in binary section
Warning: unknown variable 'm[4,1,50]' in binary section
Warning: unknown variable 'm[4,1,51]' in binary section
Warning: unknown variable 'm[4,1,52]' in binary section
Warning: unknown variable 'm[4,1,53]' in binary section
Warning: unknown variable 'm[4,1,54]' in binary section
Warning: unknown variable 'm[4,1,55]' in binary section
Warning: unknown variable 'm[4,1,56]' in binary section
Warning: unknown variable 'm[4,1,57]' in binary section
Warning: unknown variable 'm[4,1,58]' in binary section
Warning: unknown variable 'm[4,1,59]' in binary section
Warning: unknown variable 'm[4,1,60]' in binary section
Warning: unknown variable 'm[4,1,61]' in binary section
Warning: unknown variable 'm[4,1,62]' in binary section
Warning: unknown variable 'm[4,1,63]' in binary section
Warning: unknown variable 'c[0,0,0.0]' in binary section
Warning: unknown variable 'c[0,0,-3.0]' in binary section
Warning: unknown variable 'c[0,0,-2.0]' in binary section
Warning: unknown variable 'c[0,0,-1.41504]' in binary section
Warning: unknown variable 'c[0,0,-1.0]' in binary section
Warning: unknown variable 'c[0,2,0.0]' in binary section
Warning: unknown variable 'c[0,2,-3.0]' in binary section
Warning: unknown variable 'c[0,2,-2.0]' in binary section
Warning: unknown variable 'c[0,2,-1.41504]' in binary section
Warning: unknown variable 'c[0,2,-1.0]' in binary section
Warning: unknown variable 'c[0,3,0.0]' in binary section
Warning: unknown variable 'c[0,3,-3.0]' in binary section
Warning: unknown variable 'c[0,3,-2.0]' in binary section
Warning: unknown variable 'c[0,3,-1.41504]' in binary section
Warning: unknown variable 'c[0,3,-1.0]' in binary section
Warning: unknown variable 'c[0,4,0.0]' in binary section
Warning: unknown variable 'c[0,4,-3.0]' in binary section
Warning: unknown variable 'c[0,4,-2.0]' in binary section
Warning: unknown variable 'c[0,4,-1.41504]' in binary section
Warning: unknown variable 'c[0,4,-1.0]' in binary section
Warning: unknown variable 'c[0,5,0.0]' in binary section
Warning: unknown variable 'c[0,5,-3.0]' in binary section
Warning: unknown variable 'c[0,5,-2.0]' in binary section
Warning: unknown variable 'c[0,5,-1.41504]' in binary section
Warning: unknown variable 'c[0,5,-1.0]' in binary section
Warning: unknown variable 'c[0,6,0.0]' in binary section
Warning: unknown variable 'c[0,6,-3.0]' in binary section
Warning: unknown variable 'c[0,6,-2.0]' in binary section
Warning: unknown variable 'c[0,6,-1.41504]' in binary section
Warning: unknown variable 'c[0,6,-1.0]' in binary section
Warning: unknown variable 'c[0,7,0.0]' in binary section
Warning: unknown variable 'c[0,7,-3.0]' in binary section
Warning: unknown variable 'c[0,7,-2.0]' in binary section
Warning: unknown variable 'c[0,7,-1.41504]' in binary section
Warning: unknown variable 'c[0,7,-1.0]' in binary section
Warning: unknown variable 'c[0,8,0.0]' in binary section
Warning: unknown variable 'c[0,8,-3.0]' in binary section
Warning: unknown variable 'c[0,8,-2.0]' in binary section
Warning: unknown variable 'c[0,8,-1.41504]' in binary section
Warning: unknown variable 'c[0,8,-1.0]' in binary section
Warning: unknown variable 'c[0,9,0.0]' in binary section
Warning: unknown variable 'c[0,9,-3.0]' in binary section
Warning: unknown variable 'c[0,9,-2.0]' in binary section
Warning: unknown variable 'c[0,9,-1.41504]' in binary section
Warning: unknown variable 'c[0,9,-1.0]' in binary section
Warning: unknown variable 'c[0,10,0.0]' in binary section
Warning: unknown variable 'c[0,10,-3.0]' in binary section
Warning: unknown variable 'c[0,10,-2.0]' in binary section
Warning: unknown variable 'c[0,10,-1.41504]' in binary section
Warning: unknown variable 'c[0,10,-1.0]' in binary section
Warning: unknown variable 'c[0,11,0.0]' in binary section
Warning: unknown variable 'c[0,11,-3.0]' in binary section
Warning: unknown variable 'c[0,11,-2.0]' in binary section
Warning: unknown variable 'c[0,11,-1.41504]' in binary section
Warning: unknown variable 'c[0,11,-1.0]' in binary section
Warning: unknown variable 'c[0,12,0.0]' in binary section
Warning: unknown variable 'c[0,12,-3.0]' in binary section
Warning: unknown variable 'c[0,12,-2.0]' in binary section
Warning: unknown variable 'c[0,12,-1.41504]' in binary section
Warning: unknown variable 'c[0,12,-1.0]' in binary section
Warning: unknown variable 'c[0,13,0.0]' in binary section
Warning: unknown variable 'c[0,13,-3.0]' in binary section
Warning: unknown variable 'c[0,13,-2.0]' in binary section
Warning: unknown variable 'c[0,13,-1.41504]' in binary section
Warning: unknown variable 'c[0,13,-1.0]' in binary section
Warning: unknown variable 'c[0,14,0.0]' in binary section
Warning: unknown variable 'c[0,14,-3.0]' in binary section
Warning: unknown variable 'c[0,14,-2.0]' in binary section
Warning: unknown variable 'c[0,14,-1.41504]' in binary section
Warning: unknown variable 'c[0,14,-1.0]' in binary section
Warning: unknown variable 'c[0,15,0.0]' in binary section
Warning: unknown variable 'c[0,15,-3.0]' in binary section
Warning: unknown variable 'c[0,15,-2.0]' in binary section
Warning: unknown variable 'c[0,15,-1.41504]' in binary section
Warning: unknown variable 'c[0,15,-1.0]' in binary section
Warning: unknown variable 'c[1,0,0.0]' in binary section
Warning: unknown variable 'c[1,0,-3.0]' in binary section
Warning: unknown variable 'c[1,0,-2.0]' in binary section
Warning: unknown variable 'c[1,0,-1.41504]' in binary section
Warning: unknown variable 'c[1,0,-1.0]' in binary section
Warning: unknown variable 'c[1,1,0.0]' in binary section
Warning: unknown variable 'c[1,1,-3.0]' in binary section
Warning: unknown variable 'c[1,1,-2.0]' in binary section
Warning: unknown variable 'c[1,1,-1.41504]' in binary section
Warning: unknown variable 'c[1,1,-1.0]' in binary section
Warning: unknown variable 'c[1,2,0.0]' in binary section
Warning: unknown variable 'c[1,2,-3.0]' in binary section
Warning: unknown variable 'c[1,2,-2.0]' in binary section
Warning: unknown variable 'c[1,2,-1.41504]' in binary section
Warning: unknown variable 'c[1,2,-1.0]' in binary section
Warning: unknown variable 'c[1,3,0.0]' in binary section
Warning: unknown variable 'c[1,3,-3.0]' in binary section
Warning: unknown variable 'c[1,3,-2.0]' in binary section
Warning: unknown variable 'c[1,3,-1.41504]' in binary section
Warning: unknown variable 'c[1,3,-1.0]' in binary section
Warning: unknown variable 'c[1,4,0.0]' in binary section
Warning: unknown variable 'c[1,4,-3.0]' in binary section
Warning: unknown variable 'c[1,4,-2.0]' in binary section
Warning: unknown variable 'c[1,4,-1.41504]' in binary section
Warning: unknown variable 'c[1,4,-1.0]' in binary section
Warning: unknown variable 'c[1,5,0.0]' in binary section
Warning: unknown variable 'c[1,5,-3.0]' in binary section
Warning: unknown variable 'c[1,5,-2.0]' in binary section
Warning: unknown variable 'c[1,5,-1.41504]' in binary section
Warning: unknown variable 'c[1,5,-1.0]' in binary section
Warning: unknown variable 'c[1,6,0.0]' in binary section
Warning: unknown variable 'c[1,6,-3.0]' in binary section
Warning: unknown variable 'c[1,6,-2.0]' in binary section
Warning: unknown variable 'c[1,6,-1.41504]' in binary section
Warning: unknown variable 'c[1,6,-1.0]' in binary section
Warning: unknown variable 'c[1,7,0.0]' in binary section
Warning: unknown variable 'c[1,7,-3.0]' in binary section
Warning: unknown variable 'c[1,7,-2.0]' in binary section
Warning: unknown variable 'c[1,7,-1.41504]' in binary section
Warning: unknown variable 'c[1,7,-1.0]' in binary section
Warning: unknown variable 'c[1,8,0.0]' in binary section
Warning: unknown variable 'c[1,8,-3.0]' in binary section
Warning: unknown variable 'c[1,8,-2.0]' in binary section
Warning: unknown variable 'c[1,8,-1.41504]' in binary section
Warning: unknown variable 'c[1,8,-1.0]' in binary section
Warning: unknown variable 'c[1,9,0.0]' in binary section
Warning: unknown variable 'c[1,9,-3.0]' in binary section
Warning: unknown variable 'c[1,9,-2.0]' in binary section
Warning: unknown variable 'c[1,9,-1.41504]' in binary section
Warning: unknown variable 'c[1,9,-1.0]' in binary section
Warning: unknown variable 'c[1,10,0.0]' in binary section
Warning: unknown variable 'c[1,10,-3.0]' in binary section
Warning: unknown variable 'c[1,10,-2.0]' in binary section
Warning: unknown variable 'c[1,10,-1.41504]' in binary section
Warning: unknown variable 'c[1,10,-1.0]' in binary section
Warning: unknown variable 'c[1,11,0.0]' in binary section
Warning: unknown variable 'c[1,11,-3.0]' in binary section
Warning: unknown variable 'c[1,11,-2.0]' in binary section
Warning: unknown variable 'c[1,11,-1.41504]' in binary section
Warning: unknown variable 'c[1,11,-1.0]' in binary section
Warning: unknown variable 'c[1,12,0.0]' in binary section
Warning: unknown variable 'c[1,12,-3.0]' in binary section
Warning: unknown variable 'c[1,12,-2.0]' in binary section
Warning: unknown variable 'c[1,12,-1.41504]' in binary section
Warning: unknown variable 'c[1,12,-1.0]' in binary section
Warning: unknown variable 'c[1,13,0.0]' in binary section
Warning: unknown variable 'c[1,13,-3.0]' in binary section
Warning: unknown variable 'c[1,13,-2.0]' in binary section
Warning: unknown variable 'c[1,13,-1.41504]' in binary section
Warning: unknown variable 'c[1,13,-1.0]' in binary section
Warning: unknown variable 'c[1,14,0.0]' in binary section
Warning: unknown variable 'c[1,14,-3.0]' in binary section
Warning: unknown variable 'c[1,14,-2.0]' in binary section
Warning: unknown variable 'c[1,14,-1.41504]' in binary section
Warning: unknown variable 'c[1,14,-1.0]' in binary section
Warning: unknown variable 'c[1,15,0.0]' in binary section
Warning: unknown variable 'c[1,15,-3.0]' in binary section
Warning: unknown variable 'c[1,15,-2.0]' in binary section
Warning: unknown variable 'c[1,15,-1.41504]' in binary section
Warning: unknown variable 'c[1,15,-1.0]' in binary section
Warning: unknown variable 'c[2,0,0.0]' in binary section
Warning: unknown variable 'c[2,0,-3.0]' in binary section
Warning: unknown variable 'c[2,0,-2.0]' in binary section
Warning: unknown variable 'c[2,0,-1.41504]' in binary section
Warning: unknown variable 'c[2,0,-1.0]' in binary section
Warning: unknown variable 'c[2,1,0.0]' in binary section
Warning: unknown variable 'c[2,1,-3.0]' in binary section
Warning: unknown variable 'c[2,1,-2.0]' in binary section
Warning: unknown variable 'c[2,1,-1.41504]' in binary section
Warning: unknown variable 'c[2,1,-1.0]' in binary section
Warning: unknown variable 'c[2,2,0.0]' in binary section
Warning: unknown variable 'c[2,2,-3.0]' in binary section
Warning: unknown variable 'c[2,2,-2.0]' in binary section
Warning: unknown variable 'c[2,2,-1.41504]' in binary section
Warning: unknown variable 'c[2,2,-1.0]' in binary section
Warning: unknown variable 'c[2,3,0.0]' in binary section
Warning: unknown variable 'c[2,3,-3.0]' in binary section
Warning: unknown variable 'c[2,3,-2.0]' in binary section
Warning: unknown variable 'c[2,3,-1.41504]' in binary section
Warning: unknown variable 'c[2,3,-1.0]' in binary section
Warning: unknown variable 'c[2,4,0.0]' in binary section
Warning: unknown variable 'c[2,4,-3.0]' in binary section
Warning: unknown variable 'c[2,4,-2.0]' in binary section
Warning: unknown variable 'c[2,4,-1.41504]' in binary section
Warning: unknown variable 'c[2,4,-1.0]' in binary section
Warning: unknown variable 'c[2,5,0.0]' in binary section
Warning: unknown variable 'c[2,5,-3.0]' in binary section
Warning: unknown variable 'c[2,5,-2.0]' in binary section
Warning: unknown variable 'c[2,5,-1.41504]' in binary section
Warning: unknown variable 'c[2,5,-1.0]' in binary section
Warning: unknown variable 'c[2,6,0.0]' in binary section
Warning: unknown variable 'c[2,6,-3.0]' in binary section
Warning: unknown variable 'c[2,6,-2.0]' in binary section
Warning: unknown variable 'c[2,6,-1.41504]' in binary section
Warning: unknown variable 'c[2,6,-1.0]' in binary section
Warning: unknown variable 'c[2,7,0.0]' in binary section
Warning: unknown variable 'c[2,7,-3.0]' in binary section
Warning: unknown variable 'c[2,7,-2.0]' in binary section
Warning: unknown variable 'c[2,7,-1.41504]' in binary section
Warning: unknown variable 'c[2,7,-1.0]' in binary section
Warning: unknown variable 'c[2,8,0.0]' in binary section
Warning: unknown variable 'c[2,8,-3.0]' in binary section
Warning: unknown variable 'c[2,8,-2.0]' in binary section
Warning: unknown variable 'c[2,8,-1.41504]' in binary section
Warning: unknown variable 'c[2,8,-1.0]' in binary section
Warning: unknown variable 'c[2,9,0.0]' in binary section
Warning: unknown variable 'c[2,9,-3.0]' in binary section
Warning: unknown variable 'c[2,9,-2.0]' in binary section
Warning: unknown variable 'c[2,9,-1.41504]' in binary section
Warning: unknown variable 'c[2,9,-1.0]' in binary section
Warning: unknown variable 'c[2,10,0.0]' in binary section
Warning: unknown variable 'c[2,10,-3.0]' in binary section
Warning: unknown variable 'c[2,10,-2.0]' in binary section
Warning: unknown variable 'c[2,10,-1.41504]' in binary section
Warning: unknown variable 'c[2,10,-1.0]' in binary section
Warning: unknown variable 'c[2,11,0.0]' in binary section
Warning: unknown variable 'c[2,11,-3.0]' in binary section
Warning: unknown variable 'c[2,11,-2.0]' in binary section
Warning: unknown variable 'c[2,11,-1.41504]' in binary section
Warning: unknown variable 'c[2,11,-1.0]' in binary section
Warning: unknown variable 'c[2,12,0.0]' in binary section
Warning: unknown variable 'c[2,12,-3.0]' in binary section
Warning: unknown variable 'c[2,12,-2.0]' in binary section
Warning: unknown variable 'c[2,12,-1.41504]' in binary section
Warning: unknown variable 'c[2,12,-1.0]' in binary section
Warning: unknown variable 'c[2,13,0.0]' in binary section
Warning: unknown variable 'c[2,13,-3.0]' in binary section
Warning: unknown variable 'c[2,13,-2.0]' in binary section
Warning: unknown variable 'c[2,13,-1.41504]' in binary section
Warning: unknown variable 'c[2,13,-1.0]' in binary section
Warning: unknown variable 'c[2,14,0.0]' in binary section
Warning: unknown variable 'c[2,14,-3.0]' in binary section
Warning: unknown variable 'c[2,14,-2.0]' in binary section
Warning: unknown variable 'c[2,14,-1.41504]' in binary section
Warning: unknown variable 'c[2,14,-1.0]' in binary section
Warning: unknown variable 'c[2,15,0.0]' in binary section
Warning: unknown variable 'c[2,15,-3.0]' in binary section
Warning: unknown variable 'c[2,15,-2.0]' in binary section
Warning: unknown variable 'c[2,15,-1.41504]' in binary section
Warning: unknown variable 'c[2,15,-1.0]' in binary section
Warning: unknown variable 'c[3,0,0.0]' in binary section
Warning: unknown variable 'c[3,0,-3.0]' in binary section
Warning: unknown variable 'c[3,0,-2.0]' in binary section
Warning: unknown variable 'c[3,0,-1.41504]' in binary section
Warning: unknown variable 'c[3,0,-1.0]' in binary section
Warning: unknown variable 'c[3,1,0.0]' in binary section
Warning: unknown variable 'c[3,1,-3.0]' in binary section
Warning: unknown variable 'c[3,1,-2.0]' in binary section
Warning: unknown variable 'c[3,1,-1.41504]' in binary section
Warning: unknown variable 'c[3,1,-1.0]' in binary section
Warning: unknown variable 'c[3,2,0.0]' in binary section
Warning: unknown variable 'c[3,2,-3.0]' in binary section
Warning: unknown variable 'c[3,2,-2.0]' in binary section
Warning: unknown variable 'c[3,2,-1.41504]' in binary section
Warning: unknown variable 'c[3,2,-1.0]' in binary section
Warning: unknown variable 'c[3,3,0.0]' in binary section
Warning: unknown variable 'c[3,3,-3.0]' in binary section
Warning: unknown variable 'c[3,3,-2.0]' in binary section
Warning: unknown variable 'c[3,3,-1.41504]' in binary section
Warning: unknown variable 'c[3,3,-1.0]' in binary section
Warning: unknown variable 'c[3,4,0.0]' in binary section
Warning: unknown variable 'c[3,4,-3.0]' in binary section
Warning: unknown variable 'c[3,4,-2.0]' in binary section
Warning: unknown variable 'c[3,4,-1.41504]' in binary section
Warning: unknown variable 'c[3,4,-1.0]' in binary section
Warning: unknown variable 'c[3,5,0.0]' in binary section
Warning: unknown variable 'c[3,5,-3.0]' in binary section
Warning: unknown variable 'c[3,5,-2.0]' in binary section
Warning: unknown variable 'c[3,5,-1.41504]' in binary section
Warning: unknown variable 'c[3,5,-1.0]' in binary section
Warning: unknown variable 'c[3,6,0.0]' in binary section
Warning: unknown variable 'c[3,6,-3.0]' in binary section
Warning: unknown variable 'c[3,6,-2.0]' in binary section
Warning: unknown variable 'c[3,6,-1.41504]' in binary section
Warning: unknown variable 'c[3,6,-1.0]' in binary section
Warning: unknown variable 'c[3,7,0.0]' in binary section
Warning: unknown variable 'c[3,7,-3.0]' in binary section
Warning: unknown variable 'c[3,7,-2.0]' in binary section
Warning: unknown variable 'c[3,7,-1.41504]' in binary section
Warning: unknown variable 'c[3,7,-1.0]' in binary section
Warning: unknown variable 'c[3,8,0.0]' in binary section
Warning: unknown variable 'c[3,8,-3.0]' in binary section
Warning: unknown variable 'c[3,8,-2.0]' in binary section
Warning: unknown variable 'c[3,8,-1.41504]' in binary section
Warning: unknown variable 'c[3,8,-1.0]' in binary section
Warning: unknown variable 'c[3,9,0.0]' in binary section
Warning: unknown variable 'c[3,9,-3.0]' in binary section
Warning: unknown variable 'c[3,9,-2.0]' in binary section
Warning: unknown variable 'c[3,9,-1.41504]' in binary section
Warning: unknown variable 'c[3,9,-1.0]' in binary section
Warning: unknown variable 'c[3,10,0.0]' in binary section
Warning: unknown variable 'c[3,10,-3.0]' in binary section
Warning: unknown variable 'c[3,10,-2.0]' in binary section
Warning: unknown variable 'c[3,10,-1.41504]' in binary section
Warning: unknown variable 'c[3,10,-1.0]' in binary section
Warning: unknown variable 'c[3,11,0.0]' in binary section
Warning: unknown variable 'c[3,11,-3.0]' in binary section
Warning: unknown variable 'c[3,11,-2.0]' in binary section
Warning: unknown variable 'c[3,11,-1.41504]' in binary section
Warning: unknown variable 'c[3,11,-1.0]' in binary section
Warning: unknown variable 'c[3,12,0.0]' in binary section
Warning: unknown variable 'c[3,12,-3.0]' in binary section
Warning: unknown variable 'c[3,12,-2.0]' in binary section
Warning: unknown variable 'c[3,12,-1.41504]' in binary section
Warning: unknown variable 'c[3,12,-1.0]' in binary section
Warning: unknown variable 'c[3,13,0.0]' in binary section
Warning: unknown variable 'c[3,13,-3.0]' in binary section
Warning: unknown variable 'c[3,13,-2.0]' in binary section
Warning: unknown variable 'c[3,13,-1.41504]' in binary section
Warning: unknown variable 'c[3,13,-1.0]' in binary section
Warning: unknown variable 'c[3,14,0.0]' in binary section
Warning: unknown variable 'c[3,14,-3.0]' in binary section
Warning: unknown variable 'c[3,14,-2.0]' in binary section
Warning: unknown variable 'c[3,14,-1.41504]' in binary section
Warning: unknown variable 'c[3,14,-1.0]' in binary section
Warning: unknown variable 'c[3,15,0.0]' in binary section
Warning: unknown variable 'c[3,15,-3.0]' in binary section
Warning: unknown variable 'c[3,15,-2.0]' in binary section
Warning: unknown variable 'c[3,15,-1.41504]' in binary section
Warning: unknown variable 'c[3,15,-1.0]' in binary section
Warning: unknown variable 'c[4,0,0.0]' in binary section
Warning: unknown variable 'c[4,0,-3.0]' in binary section
Warning: unknown variable 'c[4,0,-2.0]' in binary section
Warning: unknown variable 'c[4,0,-1.41504]' in binary section
Warning: unknown variable 'c[4,0,-1.0]' in binary section
Warning: unknown variable 'c[4,1,0.0]' in binary section
Warning: unknown variable 'c[4,1,-3.0]' in binary section
Warning: unknown variable 'c[4,1,-2.0]' in binary section
Warning: unknown variable 'c[4,1,-1.41504]' in binary section
Warning: unknown variable 'c[4,1,-1.0]' in binary section
Warning: unknown variable 'c[4,2,0.0]' in binary section
Warning: unknown variable 'c[4,2,-3.0]' in binary section
Warning: unknown variable 'c[4,2,-2.0]' in binary section
Warning: unknown variable 'c[4,2,-1.41504]' in binary section
Warning: unknown variable 'c[4,2,-1.0]' in binary section
Warning: unknown variable 'c[4,3,0.0]' in binary section
Warning: unknown variable 'c[4,3,-3.0]' in binary section
Warning: unknown variable 'c[4,3,-2.0]' in binary section
Warning: unknown variable 'c[4,3,-1.41504]' in binary section
Warning: unknown variable 'c[4,3,-1.0]' in binary section
Warning: unknown variable 'c[4,4,0.0]' in binary section
Warning: unknown variable 'c[4,4,-3.0]' in binary section
Warning: unknown variable 'c[4,4,-2.0]' in binary section
Warning: unknown variable 'c[4,4,-1.41504]' in binary section
Warning: unknown variable 'c[4,4,-1.0]' in binary section
Warning: unknown variable 'c[4,5,0.0]' in binary section
Warning: unknown variable 'c[4,5,-3.0]' in binary section
Warning: unknown variable 'c[4,5,-2.0]' in binary section
Warning: unknown variable 'c[4,5,-1.41504]' in binary section
Warning: unknown variable 'c[4,5,-1.0]' in binary section
Warning: unknown variable 'c[4,6,0.0]' in binary section
Warning: unknown variable 'c[4,6,-3.0]' in binary section
Warning: unknown variable 'c[4,6,-2.0]' in binary section
Warning: unknown variable 'c[4,6,-1.41504]' in binary section
Warning: unknown variable 'c[4,6,-1.0]' in binary section
Warning: unknown variable 'c[4,7,0.0]' in binary section
Warning: unknown variable 'c[4,7,-3.0]' in binary section
Warning: unknown variable 'c[4,7,-2.0]' in binary section
Warning: unknown variable 'c[4,7,-1.41504]' in binary section
Warning: unknown variable 'c[4,7,-1.0]' in binary section
Warning: unknown variable 'c[4,8,0.0]' in binary section
Warning: unknown variable 'c[4,8,-3.0]' in binary section
Warning: unknown variable 'c[4,8,-2.0]' in binary section
Warning: unknown variable 'c[4,8,-1.41504]' in binary section
Warning: unknown variable 'c[4,8,-1.0]' in binary section
Warning: unknown variable 'c[4,9,0.0]' in binary section
Warning: unknown variable 'c[4,9,-3.0]' in binary section
Warning: unknown variable 'c[4,9,-2.0]' in binary section
Warning: unknown variable 'c[4,9,-1.41504]' in binary section
Warning: unknown variable 'c[4,9,-1.0]' in binary section
Warning: unknown variable 'c[4,10,0.0]' in binary section
Warning: unknown variable 'c[4,10,-3.0]' in binary section
Warning: unknown variable 'c[4,10,-2.0]' in binary section
Warning: unknown variable 'c[4,10,-1.41504]' in binary section
Warning: unknown variable 'c[4,10,-1.0]' in binary section
Warning: unknown variable 'c[4,11,0.0]' in binary section
Warning: unknown variable 'c[4,11,-3.0]' in binary section
Warning: unknown variable 'c[4,11,-2.0]' in binary section
Warning: unknown variable 'c[4,11,-1.41504]' in binary section
Warning: unknown variable 'c[4,11,-1.0]' in binary section
Warning: unknown variable 'c[4,12,0.0]' in binary section
Warning: unknown variable 'c[4,12,-3.0]' in binary section
Warning: unknown variable 'c[4,12,-2.0]' in binary section
Warning: unknown variable 'c[4,12,-1.41504]' in binary section
Warning: unknown variable 'c[4,12,-1.0]' in binary section
Warning: unknown variable 'c[4,13,0.0]' in binary section
Warning: unknown variable 'c[4,13,-3.0]' in binary section
Warning: unknown variable 'c[4,13,-2.0]' in binary section
Warning: unknown variable 'c[4,13,-1.41504]' in binary section
Warning: unknown variable 'c[4,13,-1.0]' in binary section
Warning: unknown variable 'c[4,14,0.0]' in binary section
Warning: unknown variable 'c[4,14,-3.0]' in binary section
Warning: unknown variable 'c[4,14,-2.0]' in binary section
Warning: unknown variable 'c[4,14,-1.41504]' in binary section
Warning: unknown variable 'c[4,14,-1.0]' in binary section
Warning: unknown variable 'c[4,15,0.0]' in binary section
Warning: unknown variable 'c[4,15,-3.0]' in binary section
Warning: unknown variable 'c[4,15,-2.0]' in binary section
Warning: unknown variable 'c[4,15,-1.41504]' in binary section
Warning: unknown variable 'c[4,15,-1.0]' in binary section
Read LP format model from file gift_fixed_key.lp
Reading time = 0.56 seconds
: 13 rows, 1040 columns, 41 nonzeros

Using Gurobi shared library /opt/gurobi1300/linux64/lib/libgurobi.so.13.0.0

CPU model: Intel(R) Xeon(R) w3-2423, instruction set [SSE2|AVX|AVX2|AVX512]
Thread count: 6 physical cores, 12 logical processors, using up to 12 threads

Optimize a model with 13 rows, 1040 columns and 41 nonzeros (Min)
Model fingerprint: 0xec47b765
Model has 0 linear objective coefficients
Variable types: 0 continuous, 1040 integer (1040 binary)
Coefficient statistics:
  Matrix range     [1e+00, 5e+02]
  Objective range  [0e+00, 0e+00]
  Bounds range     [1e+00, 1e+00]
  RHS range        [1e+00, 5e+02]
Presolve removed 4 rows and 1035 columns
Presolve time: 0.00s

Explored 0 nodes (0 simplex iterations) in 0.01 seconds (0.00 work units)
Thread count was 1 (of 12 available processors)

Solution count 0

Model is infeasible
Best objective -, best bound -, gap -

Gurobi 13.0.0 (linux64, gurobi_cl) logging started Thu Nov 20 13:29:12 2025

Set parameter Username
Set parameter LicenseID to value 2740214
Set parameter LogFile to value "gurobi.log"
Using license file /home/ROCQ/cosmiq/qtan/gurobi.lic
Academic license - for non-commercial use only - expires 2026-11-17

Gurobi Optimizer version 13.0.0 build v13.0.0rc1 (linux64 - "Ubuntu 24.04.3 LTS")
Copyright (c) 2025, Gurobi Optimization, LLC

Warning: unknown variable 'm[0,0,0]' in binary section
Warning: unknown variable 'm[0,0,1]' in binary section
Warning: unknown variable 'm[0,0,2]' in binary section
Warning: unknown variable 'm[0,0,3]' in binary section
Warning: unknown variable 'm[0,0,7]' in binary section
Warning: unknown variable 'm[0,0,8]' in binary section
Warning: unknown variable 'm[0,0,9]' in binary section
Warning: unknown variable 'm[0,0,10]' in binary section
Warning: unknown variable 'm[0,0,11]' in binary section
Warning: unknown variable 'm[0,0,12]' in binary section
Warning: unknown variable 'm[0,0,13]' in binary section
Warning: unknown variable 'm[0,0,14]' in binary section
Warning: unknown variable 'm[0,0,15]' in binary section
Warning: unknown variable 'm[0,0,16]' in binary section
Warning: unknown variable 'm[0,0,17]' in binary section
Warning: unknown variable 'm[0,0,18]' in binary section
Warning: unknown variable 'm[0,0,19]' in binary section
Warning: unknown variable 'm[0,0,20]' in binary section
Warning: unknown variable 'm[0,0,21]' in binary section
Warning: unknown variable 'm[0,0,22]' in binary section
Warning: unknown variable 'm[0,0,23]' in binary section
Warning: unknown variable 'm[0,0,24]' in binary section
Warning: unknown variable 'm[0,0,25]' in binary section
Warning: unknown variable 'm[0,0,26]' in binary section
Warning: unknown variable 'm[0,0,27]' in binary section
Warning: unknown variable 'm[0,0,28]' in binary section
Warning: unknown variable 'm[0,0,29]' in binary section
Warning: unknown variable 'm[0,0,30]' in binary section
Warning: unknown variable 'm[0,0,31]' in binary section
Warning: unknown variable 'm[0,0,32]' in binary section
Warning: unknown variable 'm[0,0,33]' in binary section
Warning: unknown variable 'm[0,0,34]' in binary section
Warning: unknown variable 'm[0,0,35]' in binary section
Warning: unknown variable 'm[0,0,36]' in binary section
Warning: unknown variable 'm[0,0,37]' in binary section
Warning: unknown variable 'm[0,0,38]' in binary section
Warning: unknown variable 'm[0,0,39]' in binary section
Warning: unknown variable 'm[0,0,40]' in binary section
Warning: unknown variable 'm[0,0,41]' in binary section
Warning: unknown variable 'm[0,0,42]' in binary section
Warning: unknown variable 'm[0,0,43]' in binary section
Warning: unknown variable 'm[0,0,44]' in binary section
Warning: unknown variable 'm[0,0,45]' in binary section
Warning: unknown variable 'm[0,0,46]' in binary section
Warning: unknown variable 'm[0,0,47]' in binary section
Warning: unknown variable 'm[0,0,48]' in binary section
Warning: unknown variable 'm[0,0,49]' in binary section
Warning: unknown variable 'm[0,0,50]' in binary section
Warning: unknown variable 'm[0,0,51]' in binary section
Warning: unknown variable 'm[0,0,52]' in binary section
Warning: unknown variable 'm[0,0,53]' in binary section
Warning: unknown variable 'm[0,0,54]' in binary section
Warning: unknown variable 'm[0,0,55]' in binary section
Warning: unknown variable 'm[0,0,56]' in binary section
Warning: unknown variable 'm[0,0,57]' in binary section
Warning: unknown variable 'm[0,0,58]' in binary section
Warning: unknown variable 'm[0,0,59]' in binary section
Warning: unknown variable 'm[0,0,60]' in binary section
Warning: unknown variable 'm[0,0,61]' in binary section
Warning: unknown variable 'm[0,0,62]' in binary section
Warning: unknown variable 'm[0,0,63]' in binary section
Warning: unknown variable 'm[0,1,0]' in binary section
Warning: unknown variable 'm[0,1,1]' in binary section
Warning: unknown variable 'm[0,1,2]' in binary section
Warning: unknown variable 'm[0,1,3]' in binary section
Warning: unknown variable 'm[0,1,4]' in binary section
Warning: unknown variable 'm[0,1,5]' in binary section
Warning: unknown variable 'm[0,1,8]' in binary section
Warning: unknown variable 'm[0,1,9]' in binary section
Warning: unknown variable 'm[0,1,10]' in binary section
Warning: unknown variable 'm[0,1,11]' in binary section
Warning: unknown variable 'm[0,1,12]' in binary section
Warning: unknown variable 'm[0,1,13]' in binary section
Warning: unknown variable 'm[0,1,14]' in binary section
Warning: unknown variable 'm[0,1,15]' in binary section
Warning: unknown variable 'm[0,1,16]' in binary section
Warning: unknown variable 'm[0,1,17]' in binary section
Warning: unknown variable 'm[0,1,18]' in binary section
Warning: unknown variable 'm[0,1,19]' in binary section
Warning: unknown variable 'm[0,1,20]' in binary section
Warning: unknown variable 'm[0,1,21]' in binary section
Warning: unknown variable 'm[0,1,22]' in binary section
Warning: unknown variable 'm[0,1,23]' in binary section
Warning: unknown variable 'm[0,1,24]' in binary section
Warning: unknown variable 'm[0,1,25]' in binary section
Warning: unknown variable 'm[0,1,26]' in binary section
Warning: unknown variable 'm[0,1,27]' in binary section
Warning: unknown variable 'm[0,1,28]' in binary section
Warning: unknown variable 'm[0,1,29]' in binary section
Warning: unknown variable 'm[0,1,30]' in binary section
Warning: unknown variable 'm[0,1,31]' in binary section
Warning: unknown variable 'm[0,1,32]' in binary section
Warning: unknown variable 'm[0,1,33]' in binary section
Warning: unknown variable 'm[0,1,34]' in binary section
Warning: unknown variable 'm[0,1,35]' in binary section
Warning: unknown variable 'm[0,1,36]' in binary section
Warning: unknown variable 'm[0,1,37]' in binary section
Warning: unknown variable 'm[0,1,38]' in binary section
Warning: unknown variable 'm[0,1,39]' in binary section
Warning: unknown variable 'm[0,1,40]' in binary section
Warning: unknown variable 'm[0,1,41]' in binary section
Warning: unknown variable 'm[0,1,42]' in binary section
Warning: unknown variable 'm[0,1,43]' in binary section
Warning: unknown variable 'm[0,1,44]' in binary section
Warning: unknown variable 'm[0,1,45]' in binary section
Warning: unknown variable 'm[0,1,46]' in binary section
Warning: unknown variable 'm[0,1,47]' in binary section
Warning: unknown variable 'm[0,1,48]' in binary section
Warning: unknown variable 'm[0,1,49]' in binary section
Warning: unknown variable 'm[0,1,50]' in binary section
Warning: unknown variable 'm[0,1,51]' in binary section
Warning: unknown variable 'm[0,1,52]' in binary section
Warning: unknown variable 'm[0,1,53]' in binary section
Warning: unknown variable 'm[0,1,54]' in binary section
Warning: unknown variable 'm[0,1,55]' in binary section
Warning: unknown variable 'm[0,1,56]' in binary section
Warning: unknown variable 'm[0,1,57]' in binary section
Warning: unknown variable 'm[0,1,58]' in binary section
Warning: unknown variable 'm[0,1,59]' in binary section
Warning: unknown variable 'm[0,1,60]' in binary section
Warning: unknown variable 'm[0,1,61]' in binary section
Warning: unknown variable 'm[0,1,62]' in binary section
Warning: unknown variable 'm[0,1,63]' in binary section
Warning: unknown variable 'c[0,0,0.0]' in binary section
Warning: unknown variable 'c[0,0,-3.0]' in binary section
Warning: unknown variable 'c[0,0,-2.0]' in binary section
Warning: unknown variable 'c[0,0,-1.41504]' in binary section
Warning: unknown variable 'c[0,0,-1.0]' in binary section
Warning: unknown variable 'c[0,2,0.0]' in binary section
Warning: unknown variable 'c[0,2,-3.0]' in binary section
Warning: unknown variable 'c[0,2,-2.0]' in binary section
Warning: unknown variable 'c[0,2,-1.41504]' in binary section
Warning: unknown variable 'c[0,2,-1.0]' in binary section
Warning: unknown variable 'c[0,3,0.0]' in binary section
Warning: unknown variable 'c[0,3,-3.0]' in binary section
Warning: unknown variable 'c[0,3,-2.0]' in binary section
Warning: unknown variable 'c[0,3,-1.41504]' in binary section
Warning: unknown variable 'c[0,3,-1.0]' in binary section
Warning: unknown variable 'c[0,4,0.0]' in binary section
Warning: unknown variable 'c[0,4,-3.0]' in binary section
Warning: unknown variable 'c[0,4,-2.0]' in binary section
Warning: unknown variable 'c[0,4,-1.41504]' in binary section
Warning: unknown variable 'c[0,4,-1.0]' in binary section
Warning: unknown variable 'c[0,5,0.0]' in binary section
Warning: unknown variable 'c[0,5,-3.0]' in binary section
Warning: unknown variable 'c[0,5,-2.0]' in binary section
Warning: unknown variable 'c[0,5,-1.41504]' in binary section
Warning: unknown variable 'c[0,5,-1.0]' in binary section
Warning: unknown variable 'c[0,6,0.0]' in binary section
Warning: unknown variable 'c[0,6,-3.0]' in binary section
Warning: unknown variable 'c[0,6,-2.0]' in binary section
Warning: unknown variable 'c[0,6,-1.41504]' in binary section
Warning: unknown variable 'c[0,6,-1.0]' in binary section
Warning: unknown variable 'c[0,7,0.0]' in binary section
Warning: unknown variable 'c[0,7,-3.0]' in binary section
Warning: unknown variable 'c[0,7,-2.0]' in binary section
Warning: unknown variable 'c[0,7,-1.41504]' in binary section
Warning: unknown variable 'c[0,7,-1.0]' in binary section
Warning: unknown variable 'c[0,8,0.0]' in binary section
Warning: unknown variable 'c[0,8,-3.0]' in binary section
Warning: unknown variable 'c[0,8,-2.0]' in binary section
Warning: unknown variable 'c[0,8,-1.41504]' in binary section
Warning: unknown variable 'c[0,8,-1.0]' in binary section
Warning: unknown variable 'c[0,9,0.0]' in binary section
Warning: unknown variable 'c[0,9,-3.0]' in binary section
Warning: unknown variable 'c[0,9,-2.0]' in binary section
Warning: unknown variable 'c[0,9,-1.41504]' in binary section
Warning: unknown variable 'c[0,9,-1.0]' in binary section
Warning: unknown variable 'c[0,10,0.0]' in binary section
Warning: unknown variable 'c[0,10,-3.0]' in binary section
Warning: unknown variable 'c[0,10,-2.0]' in binary section
Warning: unknown variable 'c[0,10,-1.41504]' in binary section
Warning: unknown variable 'c[0,10,-1.0]' in binary section
Warning: unknown variable 'c[0,11,0.0]' in binary section
Warning: unknown variable 'c[0,11,-3.0]' in binary section
Warning: unknown variable 'c[0,11,-2.0]' in binary section
Warning: unknown variable 'c[0,11,-1.41504]' in binary section
Warning: unknown variable 'c[0,11,-1.0]' in binary section
Warning: unknown variable 'c[0,12,0.0]' in binary section
Warning: unknown variable 'c[0,12,-3.0]' in binary section
Warning: unknown variable 'c[0,12,-2.0]' in binary section
Warning: unknown variable 'c[0,12,-1.41504]' in binary section
Warning: unknown variable 'c[0,12,-1.0]' in binary section
Warning: unknown variable 'c[0,13,0.0]' in binary section
Warning: unknown variable 'c[0,13,-3.0]' in binary section
Warning: unknown variable 'c[0,13,-2.0]' in binary section
Warning: unknown variable 'c[0,13,-1.41504]' in binary section
Warning: unknown variable 'c[0,13,-1.0]' in binary section
Warning: unknown variable 'c[0,14,0.0]' in binary section
Warning: unknown variable 'c[0,14,-3.0]' in binary section
Warning: unknown variable 'c[0,14,-2.0]' in binary section
Warning: unknown variable 'c[0,14,-1.41504]' in binary section
Warning: unknown variable 'c[0,14,-1.0]' in binary section
Warning: unknown variable 'c[0,15,0.0]' in binary section
Warning: unknown variable 'c[0,15,-3.0]' in binary section
Warning: unknown variable 'c[0,15,-2.0]' in binary section
Warning: unknown variable 'c[0,15,-1.41504]' in binary section
Warning: unknown variable 'c[0,15,-1.0]' in binary section
Read LP format model from file gift_fixed_key.lp
Reading time = 0.11 seconds
: 13 rows, 208 columns, 41 nonzeros

Using Gurobi shared library /opt/gurobi1300/linux64/lib/libgurobi.so.13.0.0

CPU model: Intel(R) Xeon(R) w3-2423, instruction set [SSE2|AVX|AVX2|AVX512]
Thread count: 6 physical cores, 12 logical processors, using up to 12 threads

Optimize a model with 13 rows, 208 columns and 41 nonzeros (Min)
Model fingerprint: 0x85ebdaa8
Model has 0 linear objective coefficients
Variable types: 0 continuous, 208 integer (208 binary)
Coefficient statistics:
  Matrix range     [1e+00, 5e+02]
  Objective range  [0e+00, 0e+00]
  Bounds range     [1e+00, 1e+00]
  RHS range        [1e+00, 5e+02]
Presolve removed 4 rows and 203 columns
Presolve time: 0.00s

Explored 0 nodes (0 simplex iterations) in 0.01 seconds (0.00 work units)
Thread count was 1 (of 12 available processors)

Solution count 0

Model is infeasible
Best objective -, best bound -, gap -

Gurobi 13.0.0 (linux64, gurobi_cl) logging started Thu Nov 20 13:30:21 2025

Set parameter Username
Set parameter LicenseID to value 2740214
Set parameter LogFile to value "gurobi.log"
Using license file /home/ROCQ/cosmiq/qtan/gurobi.lic
Academic license - for non-commercial use only - expires 2026-11-17

Gurobi Optimizer version 13.0.0 build v13.0.0rc1 (linux64 - "Ubuntu 24.04.3 LTS")
Copyright (c) 2025, Gurobi Optimization, LLC

Warning: unknown variable 'm[0,0,0]' in binary section
Warning: unknown variable 'm[0,0,1]' in binary section
Warning: unknown variable 'm[0,0,2]' in binary section
Warning: unknown variable 'm[0,0,3]' in binary section
Warning: unknown variable 'm[0,0,7]' in binary section
Warning: unknown variable 'm[0,0,8]' in binary section
Warning: unknown variable 'm[0,0,9]' in binary section
Warning: unknown variable 'm[0,0,10]' in binary section
Warning: unknown variable 'm[0,0,11]' in binary section
Warning: unknown variable 'm[0,0,12]' in binary section
Warning: unknown variable 'm[0,0,13]' in binary section
Warning: unknown variable 'm[0,0,14]' in binary section
Warning: unknown variable 'm[0,0,15]' in binary section
Warning: unknown variable 'm[0,0,16]' in binary section
Warning: unknown variable 'm[0,0,17]' in binary section
Warning: unknown variable 'm[0,0,18]' in binary section
Warning: unknown variable 'm[0,0,19]' in binary section
Warning: unknown variable 'm[0,0,20]' in binary section
Warning: unknown variable 'm[0,0,21]' in binary section
Warning: unknown variable 'm[0,0,22]' in binary section
Warning: unknown variable 'm[0,0,23]' in binary section
Warning: unknown variable 'm[0,0,24]' in binary section
Warning: unknown variable 'm[0,0,25]' in binary section
Warning: unknown variable 'm[0,0,26]' in binary section
Warning: unknown variable 'm[0,0,27]' in binary section
Warning: unknown variable 'm[0,0,28]' in binary section
Warning: unknown variable 'm[0,0,29]' in binary section
Warning: unknown variable 'm[0,0,30]' in binary section
Warning: unknown variable 'm[0,0,31]' in binary section
Warning: unknown variable 'm[0,0,32]' in binary section
Warning: unknown variable 'm[0,0,33]' in binary section
Warning: unknown variable 'm[0,0,34]' in binary section
Warning: unknown variable 'm[0,0,35]' in binary section
Warning: unknown variable 'm[0,0,36]' in binary section
Warning: unknown variable 'm[0,0,37]' in binary section
Warning: unknown variable 'm[0,0,38]' in binary section
Warning: unknown variable 'm[0,0,39]' in binary section
Warning: unknown variable 'm[0,0,40]' in binary section
Warning: unknown variable 'm[0,0,41]' in binary section
Warning: unknown variable 'm[0,0,42]' in binary section
Warning: unknown variable 'm[0,0,43]' in binary section
Warning: unknown variable 'm[0,0,44]' in binary section
Warning: unknown variable 'm[0,0,45]' in binary section
Warning: unknown variable 'm[0,0,46]' in binary section
Warning: unknown variable 'm[0,0,47]' in binary section
Warning: unknown variable 'm[0,0,48]' in binary section
Warning: unknown variable 'm[0,0,49]' in binary section
Warning: unknown variable 'm[0,0,50]' in binary section
Warning: unknown variable 'm[0,0,51]' in binary section
Warning: unknown variable 'm[0,0,52]' in binary section
Warning: unknown variable 'm[0,0,53]' in binary section
Warning: unknown variable 'm[0,0,54]' in binary section
Warning: unknown variable 'm[0,0,55]' in binary section
Warning: unknown variable 'm[0,0,56]' in binary section
Warning: unknown variable 'm[0,0,57]' in binary section
Warning: unknown variable 'm[0,0,58]' in binary section
Warning: unknown variable 'm[0,0,59]' in binary section
Warning: unknown variable 'm[0,0,60]' in binary section
Warning: unknown variable 'm[0,0,61]' in binary section
Warning: unknown variable 'm[0,0,62]' in binary section
Warning: unknown variable 'm[0,0,63]' in binary section
Warning: unknown variable 'm[0,1,0]' in binary section
Warning: unknown variable 'm[0,1,1]' in binary section
Warning: unknown variable 'm[0,1,2]' in binary section
Warning: unknown variable 'm[0,1,3]' in binary section
Warning: unknown variable 'm[0,1,4]' in binary section
Warning: unknown variable 'm[0,1,5]' in binary section
Warning: unknown variable 'm[0,1,8]' in binary section
Warning: unknown variable 'm[0,1,9]' in binary section
Warning: unknown variable 'm[0,1,10]' in binary section
Warning: unknown variable 'm[0,1,11]' in binary section
Warning: unknown variable 'm[0,1,12]' in binary section
Warning: unknown variable 'm[0,1,13]' in binary section
Warning: unknown variable 'm[0,1,14]' in binary section
Warning: unknown variable 'm[0,1,15]' in binary section
Warning: unknown variable 'm[0,1,16]' in binary section
Warning: unknown variable 'm[0,1,17]' in binary section
Warning: unknown variable 'm[0,1,18]' in binary section
Warning: unknown variable 'm[0,1,19]' in binary section
Warning: unknown variable 'm[0,1,20]' in binary section
Warning: unknown variable 'm[0,1,21]' in binary section
Warning: unknown variable 'm[0,1,22]' in binary section
Warning: unknown variable 'm[0,1,23]' in binary section
Warning: unknown variable 'm[0,1,24]' in binary section
Warning: unknown variable 'm[0,1,25]' in binary section
Warning: unknown variable 'm[0,1,26]' in binary section
Warning: unknown variable 'm[0,1,27]' in binary section
Warning: unknown variable 'm[0,1,28]' in binary section
Warning: unknown variable 'm[0,1,29]' in binary section
Warning: unknown variable 'm[0,1,30]' in binary section
Warning: unknown variable 'm[0,1,31]' in binary section
Warning: unknown variable 'm[0,1,32]' in binary section
Warning: unknown variable 'm[0,1,33]' in binary section
Warning: unknown variable 'm[0,1,34]' in binary section
Warning: unknown variable 'm[0,1,35]' in binary section
Warning: unknown variable 'm[0,1,36]' in binary section
Warning: unknown variable 'm[0,1,37]' in binary section
Warning: unknown variable 'm[0,1,38]' in binary section
Warning: unknown variable 'm[0,1,39]' in binary section
Warning: unknown variable 'm[0,1,40]' in binary section
Warning: unknown variable 'm[0,1,41]' in binary section
Warning: unknown variable 'm[0,1,42]' in binary section
Warning: unknown variable 'm[0,1,43]' in binary section
Warning: unknown variable 'm[0,1,44]' in binary section
Warning: unknown variable 'm[0,1,45]' in binary section
Warning: unknown variable 'm[0,1,46]' in binary section
Warning: unknown variable 'm[0,1,47]' in binary section
Warning: unknown variable 'm[0,1,48]' in binary section
Warning: unknown variable 'm[0,1,49]' in binary section
Warning: unknown variable 'm[0,1,50]' in binary section
Warning: unknown variable 'm[0,1,51]' in binary section
Warning: unknown variable 'm[0,1,52]' in binary section
Warning: unknown variable 'm[0,1,53]' in binary section
Warning: unknown variable 'm[0,1,54]' in binary section
Warning: unknown variable 'm[0,1,55]' in binary section
Warning: unknown variable 'm[0,1,56]' in binary section
Warning: unknown variable 'm[0,1,57]' in binary section
Warning: unknown variable 'm[0,1,58]' in binary section
Warning: unknown variable 'm[0,1,59]' in binary section
Warning: unknown variable 'm[0,1,60]' in binary section
Warning: unknown variable 'm[0,1,61]' in binary section
Warning: unknown variable 'm[0,1,62]' in binary section
Warning: unknown variable 'm[0,1,63]' in binary section
Warning: unknown variable 'c[0,0,0.0]' in binary section
Warning: unknown variable 'c[0,0,-3.0]' in binary section
Warning: unknown variable 'c[0,0,-2.0]' in binary section
Warning: unknown variable 'c[0,0,-1.41504]' in binary section
Warning: unknown variable 'c[0,0,-1.0]' in binary section
Warning: unknown variable 'c[0,1,0.0]' in binary section
Warning: unknown variable 'c[0,1,-3.0]' in binary section
Warning: unknown variable 'c[0,1,-2.0]' in binary section
Warning: unknown variable 'c[0,1,-1.41504]' in binary section
Warning: unknown variable 'c[0,1,-1.0]' in binary section
Warning: unknown variable 'c[0,2,0.0]' in binary section
Warning: unknown variable 'c[0,2,-3.0]' in binary section
Warning: unknown variable 'c[0,2,-2.0]' in binary section
Warning: unknown variable 'c[0,2,-1.41504]' in binary section
Warning: unknown variable 'c[0,2,-1.0]' in binary section
Warning: unknown variable 'c[0,3,0.0]' in binary section
Warning: unknown variable 'c[0,3,-3.0]' in binary section
Warning: unknown variable 'c[0,3,-2.0]' in binary section
Warning: unknown variable 'c[0,3,-1.41504]' in binary section
Warning: unknown variable 'c[0,3,-1.0]' in binary section
Warning: unknown variable 'c[0,4,0.0]' in binary section
Warning: unknown variable 'c[0,4,-3.0]' in binary section
Warning: unknown variable 'c[0,4,-2.0]' in binary section
Warning: unknown variable 'c[0,4,-1.41504]' in binary section
Warning: unknown variable 'c[0,4,-1.0]' in binary section
Warning: unknown variable 'c[0,5,0.0]' in binary section
Warning: unknown variable 'c[0,5,-3.0]' in binary section
Warning: unknown variable 'c[0,5,-2.0]' in binary section
Warning: unknown variable 'c[0,5,-1.41504]' in binary section
Warning: unknown variable 'c[0,5,-1.0]' in binary section
Warning: unknown variable 'c[0,6,0.0]' in binary section
Warning: unknown variable 'c[0,6,-3.0]' in binary section
Warning: unknown variable 'c[0,6,-2.0]' in binary section
Warning: unknown variable 'c[0,6,-1.41504]' in binary section
Warning: unknown variable 'c[0,6,-1.0]' in binary section
Warning: unknown variable 'c[0,7,0.0]' in binary section
Warning: unknown variable 'c[0,7,-3.0]' in binary section
Warning: unknown variable 'c[0,7,-2.0]' in binary section
Warning: unknown variable 'c[0,7,-1.41504]' in binary section
Warning: unknown variable 'c[0,7,-1.0]' in binary section
Warning: unknown variable 'c[0,8,0.0]' in binary section
Warning: unknown variable 'c[0,8,-3.0]' in binary section
Warning: unknown variable 'c[0,8,-2.0]' in binary section
Warning: unknown variable 'c[0,8,-1.41504]' in binary section
Warning: unknown variable 'c[0,8,-1.0]' in binary section
Warning: unknown variable 'c[0,9,0.0]' in binary section
Warning: unknown variable 'c[0,9,-3.0]' in binary section
Warning: unknown variable 'c[0,9,-2.0]' in binary section
Warning: unknown variable 'c[0,9,-1.41504]' in binary section
Warning: unknown variable 'c[0,9,-1.0]' in binary section
Warning: unknown variable 'c[0,10,0.0]' in binary section
Warning: unknown variable 'c[0,10,-3.0]' in binary section
Warning: unknown variable 'c[0,10,-2.0]' in binary section
Warning: unknown variable 'c[0,10,-1.41504]' in binary section
Warning: unknown variable 'c[0,10,-1.0]' in binary section
Warning: unknown variable 'c[0,11,0.0]' in binary section
Warning: unknown variable 'c[0,11,-3.0]' in binary section
Warning: unknown variable 'c[0,11,-2.0]' in binary section
Warning: unknown variable 'c[0,11,-1.41504]' in binary section
Warning: unknown variable 'c[0,11,-1.0]' in binary section
Warning: unknown variable 'c[0,12,0.0]' in binary section
Warning: unknown variable 'c[0,12,-3.0]' in binary section
Warning: unknown variable 'c[0,12,-2.0]' in binary section
Warning: unknown variable 'c[0,12,-1.41504]' in binary section
Warning: unknown variable 'c[0,12,-1.0]' in binary section
Warning: unknown variable 'c[0,13,0.0]' in binary section
Warning: unknown variable 'c[0,13,-3.0]' in binary section
Warning: unknown variable 'c[0,13,-2.0]' in binary section
Warning: unknown variable 'c[0,13,-1.41504]' in binary section
Warning: unknown variable 'c[0,13,-1.0]' in binary section
Warning: unknown variable 'c[0,14,0.0]' in binary section
Warning: unknown variable 'c[0,14,-3.0]' in binary section
Warning: unknown variable 'c[0,14,-2.0]' in binary section
Warning: unknown variable 'c[0,14,-1.41504]' in binary section
Warning: unknown variable 'c[0,14,-1.0]' in binary section
Warning: unknown variable 'c[0,15,0.0]' in binary section
Warning: unknown variable 'c[0,15,-3.0]' in binary section
Warning: unknown variable 'c[0,15,-2.0]' in binary section
Warning: unknown variable 'c[0,15,-1.41504]' in binary section
Warning: unknown variable 'c[0,15,-1.0]' in binary section
Read LP format model from file gift_fixed_key.lp
Reading time = 0.14 seconds
: 9 rows, 209 columns, 33 nonzeros

Using Gurobi shared library /opt/gurobi1300/linux64/lib/libgurobi.so.13.0.0

CPU model: Intel(R) Xeon(R) w3-2423, instruction set [SSE2|AVX|AVX2|AVX512]
Thread count: 6 physical cores, 12 logical processors, using up to 12 threads

Optimize a model with 9 rows, 209 columns and 33 nonzeros (Min)
Model fingerprint: 0x31848b7d
Model has 0 linear objective coefficients
Variable types: 1 continuous, 208 integer (208 binary)
Coefficient statistics:
  Matrix range     [1e+00, 5e+02]
  Objective range  [0e+00, 0e+00]
  Bounds range     [1e+00, 1e+00]
  RHS range        [1e+00, 5e+02]
Presolve removed 0 rows and 203 columns
Presolve time: 0.00s

Explored 0 nodes (0 simplex iterations) in 0.01 seconds (0.00 work units)
Thread count was 1 (of 12 available processors)

Solution count 0

Model is infeasible
Best objective -, best bound -, gap -

Gurobi 13.0.0 (linux64, gurobi_cl) logging started Thu Nov 20 13:30:30 2025

Set parameter Username
Set parameter LicenseID to value 2740214
Set parameter LogFile to value "gurobi.log"
Using license file /home/ROCQ/cosmiq/qtan/gurobi.lic
Academic license - for non-commercial use only - expires 2026-11-17

Gurobi Optimizer version 13.0.0 build v13.0.0rc1 (linux64 - "Ubuntu 24.04.3 LTS")
Copyright (c) 2025, Gurobi Optimization, LLC

Warning: unknown variable 'm[0,0,0]' in binary section
Warning: unknown variable 'm[0,0,1]' in binary section
Warning: unknown variable 'm[0,0,2]' in binary section
Warning: unknown variable 'm[0,0,3]' in binary section
Warning: unknown variable 'm[0,0,7]' in binary section
Warning: unknown variable 'm[0,0,8]' in binary section
Warning: unknown variable 'm[0,0,9]' in binary section
Warning: unknown variable 'm[0,0,10]' in binary section
Warning: unknown variable 'm[0,0,11]' in binary section
Warning: unknown variable 'm[0,0,12]' in binary section
Warning: unknown variable 'm[0,0,13]' in binary section
Warning: unknown variable 'm[0,0,14]' in binary section
Warning: unknown variable 'm[0,0,15]' in binary section
Warning: unknown variable 'm[0,0,16]' in binary section
Warning: unknown variable 'm[0,0,17]' in binary section
Warning: unknown variable 'm[0,0,18]' in binary section
Warning: unknown variable 'm[0,0,19]' in binary section
Warning: unknown variable 'm[0,0,20]' in binary section
Warning: unknown variable 'm[0,0,21]' in binary section
Warning: unknown variable 'm[0,0,22]' in binary section
Warning: unknown variable 'm[0,0,23]' in binary section
Warning: unknown variable 'm[0,0,24]' in binary section
Warning: unknown variable 'm[0,0,25]' in binary section
Warning: unknown variable 'm[0,0,26]' in binary section
Warning: unknown variable 'm[0,0,27]' in binary section
Warning: unknown variable 'm[0,0,28]' in binary section
Warning: unknown variable 'm[0,0,29]' in binary section
Warning: unknown variable 'm[0,0,30]' in binary section
Warning: unknown variable 'm[0,0,31]' in binary section
Warning: unknown variable 'm[0,0,32]' in binary section
Warning: unknown variable 'm[0,0,33]' in binary section
Warning: unknown variable 'm[0,0,34]' in binary section
Warning: unknown variable 'm[0,0,35]' in binary section
Warning: unknown variable 'm[0,0,36]' in binary section
Warning: unknown variable 'm[0,0,37]' in binary section
Warning: unknown variable 'm[0,0,38]' in binary section
Warning: unknown variable 'm[0,0,39]' in binary section
Warning: unknown variable 'm[0,0,40]' in binary section
Warning: unknown variable 'm[0,0,41]' in binary section
Warning: unknown variable 'm[0,0,42]' in binary section
Warning: unknown variable 'm[0,0,43]' in binary section
Warning: unknown variable 'm[0,0,44]' in binary section
Warning: unknown variable 'm[0,0,45]' in binary section
Warning: unknown variable 'm[0,0,46]' in binary section
Warning: unknown variable 'm[0,0,47]' in binary section
Warning: unknown variable 'm[0,0,48]' in binary section
Warning: unknown variable 'm[0,0,49]' in binary section
Warning: unknown variable 'm[0,0,50]' in binary section
Warning: unknown variable 'm[0,0,51]' in binary section
Warning: unknown variable 'm[0,0,52]' in binary section
Warning: unknown variable 'm[0,0,53]' in binary section
Warning: unknown variable 'm[0,0,54]' in binary section
Warning: unknown variable 'm[0,0,55]' in binary section
Warning: unknown variable 'm[0,0,56]' in binary section
Warning: unknown variable 'm[0,0,57]' in binary section
Warning: unknown variable 'm[0,0,58]' in binary section
Warning: unknown variable 'm[0,0,59]' in binary section
Warning: unknown variable 'm[0,0,60]' in binary section
Warning: unknown variable 'm[0,0,61]' in binary section
Warning: unknown variable 'm[0,0,62]' in binary section
Warning: unknown variable 'm[0,0,63]' in binary section
Warning: unknown variable 'm[0,1,0]' in binary section
Warning: unknown variable 'm[0,1,1]' in binary section
Warning: unknown variable 'm[0,1,2]' in binary section
Warning: unknown variable 'm[0,1,3]' in binary section
Warning: unknown variable 'm[0,1,4]' in binary section
Warning: unknown variable 'm[0,1,5]' in binary section
Warning: unknown variable 'm[0,1,8]' in binary section
Warning: unknown variable 'm[0,1,9]' in binary section
Warning: unknown variable 'm[0,1,10]' in binary section
Warning: unknown variable 'm[0,1,11]' in binary section
Warning: unknown variable 'm[0,1,12]' in binary section
Warning: unknown variable 'm[0,1,13]' in binary section
Warning: unknown variable 'm[0,1,14]' in binary section
Warning: unknown variable 'm[0,1,15]' in binary section
Warning: unknown variable 'm[0,1,16]' in binary section
Warning: unknown variable 'm[0,1,17]' in binary section
Warning: unknown variable 'm[0,1,18]' in binary section
Warning: unknown variable 'm[0,1,19]' in binary section
Warning: unknown variable 'm[0,1,20]' in binary section
Warning: unknown variable 'm[0,1,21]' in binary section
Warning: unknown variable 'm[0,1,22]' in binary section
Warning: unknown variable 'm[0,1,23]' in binary section
Warning: unknown variable 'm[0,1,24]' in binary section
Warning: unknown variable 'm[0,1,25]' in binary section
Warning: unknown variable 'm[0,1,26]' in binary section
Warning: unknown variable 'm[0,1,27]' in binary section
Warning: unknown variable 'm[0,1,28]' in binary section
Warning: unknown variable 'm[0,1,29]' in binary section
Warning: unknown variable 'm[0,1,30]' in binary section
Warning: unknown variable 'm[0,1,31]' in binary section
Warning: unknown variable 'm[0,1,32]' in binary section
Warning: unknown variable 'm[0,1,33]' in binary section
Warning: unknown variable 'm[0,1,34]' in binary section
Warning: unknown variable 'm[0,1,35]' in binary section
Warning: unknown variable 'm[0,1,36]' in binary section
Warning: unknown variable 'm[0,1,37]' in binary section
Warning: unknown variable 'm[0,1,38]' in binary section
Warning: unknown variable 'm[0,1,39]' in binary section
Warning: unknown variable 'm[0,1,40]' in binary section
Warning: unknown variable 'm[0,1,41]' in binary section
Warning: unknown variable 'm[0,1,42]' in binary section
Warning: unknown variable 'm[0,1,43]' in binary section
Warning: unknown variable 'm[0,1,44]' in binary section
Warning: unknown variable 'm[0,1,45]' in binary section
Warning: unknown variable 'm[0,1,46]' in binary section
Warning: unknown variable 'm[0,1,47]' in binary section
Warning: unknown variable 'm[0,1,48]' in binary section
Warning: unknown variable 'm[0,1,49]' in binary section
Warning: unknown variable 'm[0,1,50]' in binary section
Warning: unknown variable 'm[0,1,51]' in binary section
Warning: unknown variable 'm[0,1,52]' in binary section
Warning: unknown variable 'm[0,1,53]' in binary section
Warning: unknown variable 'm[0,1,54]' in binary section
Warning: unknown variable 'm[0,1,55]' in binary section
Warning: unknown variable 'm[0,1,56]' in binary section
Warning: unknown variable 'm[0,1,57]' in binary section
Warning: unknown variable 'm[0,1,58]' in binary section
Warning: unknown variable 'm[0,1,59]' in binary section
Warning: unknown variable 'm[0,1,60]' in binary section
Warning: unknown variable 'm[0,1,61]' in binary section
Warning: unknown variable 'm[0,1,62]' in binary section
Warning: unknown variable 'm[0,1,63]' in binary section
Warning: unknown variable 'c[0,0,0.0]' in binary section
Warning: unknown variable 'c[0,0,-3.0]' in binary section
Warning: unknown variable 'c[0,0,-2.0]' in binary section
Warning: unknown variable 'c[0,0,-1.41504]' in binary section
Warning: unknown variable 'c[0,0,-1.0]' in binary section
Warning: unknown variable 'c[0,1,0.0]' in binary section
Warning: unknown variable 'c[0,1,-3.0]' in binary section
Warning: unknown variable 'c[0,1,-2.0]' in binary section
Warning: unknown variable 'c[0,1,-1.41504]' in binary section
Warning: unknown variable 'c[0,1,-1.0]' in binary section
Warning: unknown variable 'c[0,2,0.0]' in binary section
Warning: unknown variable 'c[0,2,-3.0]' in binary section
Warning: unknown variable 'c[0,2,-2.0]' in binary section
Warning: unknown variable 'c[0,2,-1.41504]' in binary section
Warning: unknown variable 'c[0,2,-1.0]' in binary section
Warning: unknown variable 'c[0,3,0.0]' in binary section
Warning: unknown variable 'c[0,3,-3.0]' in binary section
Warning: unknown variable 'c[0,3,-2.0]' in binary section
Warning: unknown variable 'c[0,3,-1.41504]' in binary section
Warning: unknown variable 'c[0,3,-1.0]' in binary section
Warning: unknown variable 'c[0,4,0.0]' in binary section
Warning: unknown variable 'c[0,4,-3.0]' in binary section
Warning: unknown variable 'c[0,4,-2.0]' in binary section
Warning: unknown variable 'c[0,4,-1.41504]' in binary section
Warning: unknown variable 'c[0,4,-1.0]' in binary section
Warning: unknown variable 'c[0,5,0.0]' in binary section
Warning: unknown variable 'c[0,5,-3.0]' in binary section
Warning: unknown variable 'c[0,5,-2.0]' in binary section
Warning: unknown variable 'c[0,5,-1.41504]' in binary section
Warning: unknown variable 'c[0,5,-1.0]' in binary section
Warning: unknown variable 'c[0,6,0.0]' in binary section
Warning: unknown variable 'c[0,6,-3.0]' in binary section
Warning: unknown variable 'c[0,6,-2.0]' in binary section
Warning: unknown variable 'c[0,6,-1.41504]' in binary section
Warning: unknown variable 'c[0,6,-1.0]' in binary section
Warning: unknown variable 'c[0,7,0.0]' in binary section
Warning: unknown variable 'c[0,7,-3.0]' in binary section
Warning: unknown variable 'c[0,7,-2.0]' in binary section
Warning: unknown variable 'c[0,7,-1.41504]' in binary section
Warning: unknown variable 'c[0,7,-1.0]' in binary section
Warning: unknown variable 'c[0,8,0.0]' in binary section
Warning: unknown variable 'c[0,8,-3.0]' in binary section
Warning: unknown variable 'c[0,8,-2.0]' in binary section
Warning: unknown variable 'c[0,8,-1.41504]' in binary section
Warning: unknown variable 'c[0,8,-1.0]' in binary section
Warning: unknown variable 'c[0,9,0.0]' in binary section
Warning: unknown variable 'c[0,9,-3.0]' in binary section
Warning: unknown variable 'c[0,9,-2.0]' in binary section
Warning: unknown variable 'c[0,9,-1.41504]' in binary section
Warning: unknown variable 'c[0,9,-1.0]' in binary section
Warning: unknown variable 'c[0,10,0.0]' in binary section
Warning: unknown variable 'c[0,10,-3.0]' in binary section
Warning: unknown variable 'c[0,10,-2.0]' in binary section
Warning: unknown variable 'c[0,10,-1.41504]' in binary section
Warning: unknown variable 'c[0,10,-1.0]' in binary section
Warning: unknown variable 'c[0,11,0.0]' in binary section
Warning: unknown variable 'c[0,11,-3.0]' in binary section
Warning: unknown variable 'c[0,11,-2.0]' in binary section
Warning: unknown variable 'c[0,11,-1.41504]' in binary section
Warning: unknown variable 'c[0,11,-1.0]' in binary section
Warning: unknown variable 'c[0,12,0.0]' in binary section
Warning: unknown variable 'c[0,12,-3.0]' in binary section
Warning: unknown variable 'c[0,12,-2.0]' in binary section
Warning: unknown variable 'c[0,12,-1.41504]' in binary section
Warning: unknown variable 'c[0,12,-1.0]' in binary section
Warning: unknown variable 'c[0,13,0.0]' in binary section
Warning: unknown variable 'c[0,13,-3.0]' in binary section
Warning: unknown variable 'c[0,13,-2.0]' in binary section
Warning: unknown variable 'c[0,13,-1.41504]' in binary section
Warning: unknown variable 'c[0,13,-1.0]' in binary section
Warning: unknown variable 'c[0,14,0.0]' in binary section
Warning: unknown variable 'c[0,14,-3.0]' in binary section
Warning: unknown variable 'c[0,14,-2.0]' in binary section
Warning: unknown variable 'c[0,14,-1.41504]' in binary section
Warning: unknown variable 'c[0,14,-1.0]' in binary section
Warning: unknown variable 'c[0,15,0.0]' in binary section
Warning: unknown variable 'c[0,15,-3.0]' in binary section
Warning: unknown variable 'c[0,15,-2.0]' in binary section
Warning: unknown variable 'c[0,15,-1.41504]' in binary section
Warning: unknown variable 'c[0,15,-1.0]' in binary section
Read LP format model from file gift_fixed_key.lp
Reading time = 0.13 seconds
: 9 rows, 209 columns, 33 nonzeros

Using Gurobi shared library /opt/gurobi1300/linux64/lib/libgurobi.so.13.0.0

CPU model: Intel(R) Xeon(R) w3-2423, instruction set [SSE2|AVX|AVX2|AVX512]
Thread count: 6 physical cores, 12 logical processors, using up to 12 threads

Optimize a model with 9 rows, 209 columns and 33 nonzeros (Min)
Model fingerprint: 0x15164d1b
Model has 0 linear objective coefficients
Variable types: 0 continuous, 209 integer (209 binary)
Coefficient statistics:
  Matrix range     [1e+00, 5e+02]
  Objective range  [0e+00, 0e+00]
  Bounds range     [1e+00, 1e+00]
  RHS range        [1e+00, 5e+02]
Presolve removed 0 rows and 203 columns
Presolve time: 0.00s

Explored 0 nodes (0 simplex iterations) in 0.01 seconds (0.00 work units)
Thread count was 1 (of 12 available processors)

Solution count 0

Model is infeasible
Best objective -, best bound -, gap -

Gurobi 13.0.0 (linux64, gurobi_cl) logging started Fri Nov 21 15:27:28 2025

Set parameter Username
Set parameter LicenseID to value 2740214
Set parameter LogFile to value "gurobi.log"
Using license file /home/ROCQ/cosmiq/qtan/gurobi.lic
Academic license - for non-commercial use only - expires 2026-11-17

Gurobi Optimizer version 13.0.0 build v13.0.0rc1 (linux64 - "Ubuntu 24.04.3 LTS")
Copyright (c) 2025, Gurobi Optimization, LLC

Read LP format model from file gift_fixed_key.lp
Reading time = 0.00 seconds
: 1704 rows, 832 columns, 8088 nonzeros

Using Gurobi shared library /opt/gurobi1300/linux64/lib/libgurobi.so.13.0.0

CPU model: Intel(R) Xeon(R) w3-2423, instruction set [SSE2|AVX|AVX2|AVX512]
Thread count: 6 physical cores, 12 logical processors, using up to 12 threads

Optimize a model with 1704 rows, 832 columns and 8088 nonzeros (Min)
Model fingerprint: 0x34f553c1
Model has 0 linear objective coefficients
Variable types: 0 continuous, 832 integer (832 binary)
Coefficient statistics:
  Matrix range     [1e+00, 5e+02]
  Objective range  [0e+00, 0e+00]
  Bounds range     [1e+00, 1e+00]
  RHS range        [1e+00, 5e+02]
Found heuristic solution: objective 0.0000000

Explored 0 nodes (0 simplex iterations) in 0.01 seconds (0.00 work units)
Thread count was 1 (of 12 available processors)

Solution count 1: 0 

Optimal solution found (tolerance 1.00e-04)
Best objective 0.000000000000e+00, best bound 0.000000000000e+00, gap 0.0000%
