   0    0    0    0  |    0    0    0    0  |    0    0    0    0  |    0    0    0    0  |    0    0    0    0  |    0    0    0    0  |    0    0    0    0  |    0    0    0    0  |    0    0    0    0  |    0    0    0    0  |    0    0    0    0  |    0    0    0    0  |    0    0    0    0  |    0    0    0    0  |    0    0    0    0  |    0    0    0    0  |    0    0    0    0  |    0    0    0    0  |    0    0    0    0  |    0    0    0    0  |    0    0    0    0  |    0    0    0    0  |    0    0    0    0  |    0    0    0    0  |    0    0    0    0  |    0    0    0    0  |    0    0    0    0  |    0    0    0    0  | 
   0    0    0    0  |    0    0    0    0  |    0    0    0    0  |    0    0    0    0  |    0    0    0    0  |    0    0    0    0  |    0    0    0    0  |    0    0    0    0  |    0    0    0    0  |    0    0    0    0  |    0    0    0    0  |    0    0    0    0  |    0    0    0    0  |    0    0    0    0  |    0    0    0    0  |    0    0    0    0  |    0    0    0    0  |    0    0    0    0  |    0    0    0    0  |    0    0    0    0  |    0    0    0    0  |    0    0    0    0  |    0    0    0    0  |    0    0    0    0  |    0    0    0    0  |    0    0    0    0  |    0    0    0    0  |    0    0    0    0  | 
   0    0    0    0  |    0    0    0    0  |    0    0    0    0  |    0    0    0    0  |    0    0    0    0  |    0    0    0    0  |    0    0    0    0  |    0    0    0    0  |    0    0    0    0  |    0    0    0    0  |    0    0    0    0  |    0    0    0    0  |    0    0    0    0  |    0    0    0    0  |    0    0    0    0  |    0    0    0    0  |    0    0    0    0  |    0    0    0    0  |    0    0    0    0  |    0    0    0    0  |    0    0    0    0  |    0    0    0    0  |    0    0    0    0  |    0    0    0    0  |    0    0    0    0  |    0    0    0    0  |    0    0    0    0  |    0    0    0    0  | 
   0    0    0    0  |    0    0    0    0  |    0    0    0    0  |    0    0    0    0  |    0    0    0    0  |    0    0    0    0  |    0    0    0    0  |    0    0    0    0  |    0    0    0    0  |    0    0    0    0  |    0    0    0    0  |    0    0    0    0  |    0    0    0    0  |    0    0    0    0  |    0    0    0    0  |    0    0    0    0  |    0    0    0    0  |    0    0    0    0  |    0    0    0    0  |    0    0    0    0  |    0    0    0    0  |    0    0    0    0  |    0    0    0    0  |    0    0    0    0  |    0    0    0    0  |    0    0    0    0  |    0    0    0    0  |    0    0    0    0  | 
------------------------
   0    0    0    0  |    0    0    0    0  |    0    0    0    0  |    0    0    0    0  |    0    0    0    0  |    0    0    0    0  |    0    0    0    0  |    0    0    0    0  |    0    0    0    0  |    0    0    0    0  |    0    0    0    0  |    0    0    0    0  |    0    0    0    0  |    0    0    0    0  |    0    0    0    0  |    0    0    0    0  |    0    0    0    0  |    0    0    0    0  |    0    0    0    0  |    0    0    0    0  |    0    0  0x4  0x8  |    0    0  0x2  0x1  |    0    0    0  0x3  |    0    0    0    0  |    0    0    0    0  |    0    0    0    0  |    0    0    0    0  |    0    0    0    0  | 
   0    0    0    0  |    0    0    0    0  |    0    0    0    0  |    0    0    0    0  |    0    0    0    0  |    0    0    0    0  |    0    0    0    0  |    0    0    0    0  |    0    0    0    0  |    0    0    0    0  |    0    0    0    0  |    0    0    0    0  |    0    0    0    0  |    0    0    0    0  |    0    0    0    0  |    0    0    0    0  |    0    0    0    0  |    0    0    0    0  |    0    0    0    0  |    0    0  0xc    0  |    0    0    0    0  |    0    0    0    0  |    0    0    0    0  |    0    0    0    0  |    0    0    0    0  |    0    0    0    0  |    0    0    0    0  |    0    0    0    0  | 
   0    0    0    0  |    0    0    0    0  |    0    0    0    0  |    0    0    0    0  |    0    0    0    0  |    0    0    0    0  |    0    0    0    0  |    0    0    0    0  |    0    0    0    0  |    0    0    0    0  |    0    0    0    0  |    0    0    0    0  |    0    0    0    0  |    0    0    0    0  |    0    0    0    0  |    0    0    0    0  |    0    0    0    0  |    0    0    0    0  |    0    0    0    0  |    0    0    0    0  |    0    0    0    0  |    0    0    0    0  |    0    0    0    0  |    0    0    0    0  |    0    0    0    0  |    0    0    0    0  |    0    0    0    0  |    0    0    0    0  | 
   0    0    0    0  |    0    0    0    0  |    0    0    0    0  |    0    0    0    0  |    0    0    0    0  |    0    0    0    0  |    0    0    0    0  |    0    0    0    0  |    0    0    0    0  |    0    0    0    0  |    0    0    0    0  |    0    0    0    0  |    0    0    0    0  |    0    0    0    0  |    0    0    0    0  |    0    0    0    0  |    0    0    0    0  |    0    0    0    0  |    0    0    0    0  |    0    0    0    0  |    0    0    0    0  |    0    0    0    0  |    0    0    0    0  |    0    0    0    0  |    0    0    0    0  |    0    0    0    0  |    0    0    0    0  |    0    0    0    0  | 
------------------------
   0    0    0    0  |    0    0    0    0  |    0    0    0    0  |    0    0    0    0  |    0    0    0    0  |    0    0    0    0  |    0    0    0    0  |    0    0    0    0  |    0    0    0    0  |    0    0    0    0  |    0    0    0    0  |    0    0    0    0  |    0    0    0    0  |    0    0    0    0  |    0    0    0    0  |    0    0    0    0  |    0    0    0    0  |    0    0    0    0  |    0    0  0x8    0  |    0    0  0x3    0  |    0    0  0x1  0x2  |    0    0    0    0  |    0    0    0    0  |    0    0    0    0  |    0    0    0    0  |    0    0    0    0  |    0    0    0    0  |    0    0    0    0  | 
   0    0    0    0  |    0    0    0    0  |    0    0    0    0  |    0    0    0    0  |    0    0    0    0  |    0    0    0    0  |    0    0    0    0  |    0    0    0    0  |    0    0    0    0  |    0    0    0    0  |    0    0    0    0  |    0    0    0    0  |    0    0    0    0  |    0    0    0    0  |    0    0    0    0  |    0    0    0    0  |    0    0    0    0  |    0  0x8    0    0  |    0    0    0    0  |    0    0    0    0  |    0    0    0    0  |    0    0    0    0  |    0    0    0    0  |    0    0    0    0  |    0    0    0    0  |    0    0    0    0  |    0    0    0    0  |    0    0    0    0  | 
   0    0    0    0  |    0    0    0    0  |    0    0    0    0  |    0    0    0    0  |    0    0    0    0  |    0    0    0    0  |    0    0    0    0  |    0    0    0    0  |    0    0    0    0  |    0    0    0    0  |    0    0    0    0  |    0    0    0    0  |    0    0    0    0  |    0    0    0    0  |    0    0    0    0  |    0    0    0    0  |    0    0    0    0  |    0    0    0    0  |    0    0    0    0  |    0    0    0    0  |    0    0    0    0  |    0    0    0    0  |    0    0    0    0  |    0    0    0    0  |    0    0    0    0  |    0    0    0    0  |    0    0    0    0  |    0    0    0    0  | 
   0    0    0    0  |    0    0    0    0  |    0    0    0    0  |    0    0    0    0  |    0    0    0    0  |    0    0    0    0  |    0    0    0    0  |    0    0    0    0  |    0    0    0    0  |    0    0    0    0  |    0    0    0    0  |    0    0    0    0  |    0    0    0    0  |    0    0    0    0  |    0    0    0    0  |    0    0    0    0  |    0    0    0    0  |    0    0    0    0  |    0    0    0    0  |    0    0    0    0  |    0    0    0    0  |    0    0    0    0  |    0    0    0    0  |    0    0    0    0  |    0    0    0    0  |    0    0    0    0  |    0    0    0    0  |    0    0    0    0  | 
------------------------
   0    0    0    0  |    0    0    0    0  |    0    0    0    0  |    0    0    0    0  |    0    0    0    0  |    0    0    0    0  |    0    0    0    0  |    0    0    0    0  |    0    0    0    0  |    0    0    0    0  |    0    0    0    0  |    0    0    0    0  |    0    0    0    0  |    0    0    0    0  |    0    0    0    0  |    0    0    0    0  |    0    0    0    0  |    0    0    0    0  |    0    0  0x8    0  |    0    0  0x3    0  |    0    0  0x5  0xa  |    0    0  0x2  0x1  |    0    0    0  0x3  |    0    0    0    0  |    0    0    0    0  |    0    0    0    0  |    0    0    0    0  |    0    0    0    0  | 
   0    0    0    0  |    0    0    0    0  |    0    0    0    0  |    0    0    0    0  |    0    0    0    0  |    0    0    0    0  |    0    0    0    0  |    0    0    0    0  |    0    0    0    0  |    0    0    0    0  |    0    0    0    0  |    0    0    0    0  |    0    0    0    0  |    0    0    0    0  |    0    0    0    0  |    0    0    0    0  |    0    0    0    0  |    0  0x8    0    0  |    0    0    0    0  |    0    0  0xc    0  |    0    0    0    0  |    0    0    0    0  |    0    0    0    0  |    0    0    0    0  |    0    0    0    0  |    0    0    0    0  |    0    0    0    0  |    0    0    0    0  | 
   0    0    0    0  |    0    0    0    0  |    0    0    0    0  |    0    0    0    0  |    0    0    0    0  |    0    0    0    0  |    0    0    0    0  |    0    0    0    0  |    0    0    0    0  |    0    0    0    0  |    0    0    0    0  |    0    0    0    0  |    0    0    0    0  |    0    0    0    0  |    0    0    0    0  |    0    0    0    0  |    0    0    0    0  |    0    0    0    0  |    0    0    0    0  |    0    0    0    0  |    0    0    0    0  |    0    0    0    0  |    0    0    0    0  |    0    0    0    0  |    0    0    0    0  |    0    0    0    0  |    0    0    0    0  |    0    0    0    0  | 
   0    0    0    0  |    0    0    0    0  |    0    0    0    0  |    0    0    0    0  |    0    0    0    0  |    0    0    0    0  |    0    0    0    0  |    0    0    0    0  |    0    0    0    0  |    0    0    0    0  |    0    0    0    0  |    0    0    0    0  |    0    0    0    0  |    0    0    0    0  |    0    0    0    0  |    0    0    0    0  |    0    0    0    0  |    0    0    0    0  |    0    0    0    0  |    0    0    0    0  |    0    0    0    0  |    0    0    0    0  |    0    0    0    0  |    0    0    0    0  |    0    0    0    0  |    0    0    0    0  |    0    0    0    0  |    0    0    0    0  | 
------------------------
   0    0    0    0  |    0    0    0    0  |    0    0    0    0  |    0    0    0    0  |    0    0    0    0  |    0    0    0    0  |    0    0    0    0  |    0    0    0    0  |    0    0    0    0  |    0    0    0    0  |    0    0    0    0  |    0    0    0    0  |    0    0    0    0  |    0    0    0    0  |    0    0    0    0  |    0    0    0    0  |    0    0    0    0  |    0    0    0    0  |    0    0    0    0  |    0    0    0    0  |    0    0    0    0  |    0    0    0    0  |    0    0    0    0  |    0    0    0    0  |    0    0    0    0  |    0    0    0    0  |    0    0    0    0  |    0    0    0    0  | 
   0    0    0    0  |    0    0    0    0  |    0    0    0    0  |    0    0    0    0  |    0    0    0    0  |    0    0    0    0  |    0    0    0    0  |    0    0    0    0  |    0    0    0    0  |    0    0    0    0  |    0    0    0    0  |    0    0    0    0  |    0    0    0    0  |    0    0    0    0  |    0    0    0    0  |    0    0    0    0  |    0    0    0    0  |    0    0    0    0  |    0    0    0    0  |    0    0    0    0  |    0    0    0    0  |    0    0    0    0  |    0    0    0    0  |    0    0    0    0  |    0    0    0    0  |    0    0    0    0  |    0    0    0    0  |    0    0    0    0  | 
   0    0    0    0  |    0    0    0    0  |    0    0    0    0  |    0    0    0    0  |    0    0  0x8    0  |    0    0    0    0  |    0    0    0    0  |    0    0    0    0  |    0    0    0    0  |    0    0    0    0  |    0    0    0    0  |    0    0    0    0  |    0    0    0    0  |    0    0    0    0  |    0    0    0    0  |    0    0    0    0  |    0    0    0    0  |    0    0    0    0  |    0    0    0    0  |    0    0    0    0  |    0    0    0    0  |    0    0    0    0  |    0    0    0    0  |    0    0    0    0  |    0    0    0    0  |    0    0    0    0  |    0    0    0    0  |    0    0    0    0  | 
   0    0    0    0  |    0  0x1    0    0  |    0  0x1    0    0  |    0  0x8    0    0  |    0    0    0    0  |    0    0    0    0  |    0    0    0    0  |    0    0    0    0  |    0    0    0    0  |    0    0    0    0  |    0    0    0    0  |    0    0    0    0  |    0    0    0    0  |    0    0    0    0  |    0    0    0    0  |    0    0    0    0  |    0    0    0    0  |    0    0    0    0  |    0    0    0    0  |    0    0    0    0  |    0    0    0    0  |    0    0    0    0  |    0    0    0    0  |    0    0    0    0  |    0    0    0    0  |    0    0    0    0  |    0    0    0    0  |    0    0    0    0  | 
------------------------
   0    0    0    0  |    0    0    0    0  |    0    0    0    0  |    0    0    0    0  |    0    0    0    0  |    0    0    0    0  |    0    0    0    0  |    0    0    0    0  |    0    0    0    0  |    0    0    0    0  |    0    0    0    0  |    0    0  0x1    0  |    0    0  0x1    0  |    0    0  0x8    0  |    0    0    0    0  |    0    0    0    0  |    0    0    0    0  |    0    0    0    0  |    0    0    0    0  |    0    0    0    0  |    0    0    0    0  |    0    0    0    0  |    0    0    0    0  |    0    0    0    0  |    0    0    0    0  |    0    0    0    0  |    0    0    0    0  |    0    0    0    0  | 
   0    0    0    0  |    0    0    0    0  |    0    0    0    0  |    0    0    0    0  |    0    0    0    0  |    0    0    0    0  |    0    0    0    0  |    0    0    0    0  |    0    0    0    0  |    0    0    0    0  |    0    0    0    0  |    0    0    0    0  |    0    0    0    0  |    0    0    0    0  |    0    0    0    0  |    0    0    0    0  |    0    0    0    0  |    0    0    0    0  |    0    0    0    0  |    0    0    0    0  |    0    0    0    0  |    0    0    0    0  |    0    0    0    0  |    0    0    0    0  |    0    0    0    0  |    0    0    0    0  |    0    0    0    0  |    0    0    0    0  | 
   0    0    0    0  |    0    0    0    0  |    0    0    0    0  |    0    0    0    0  |    0    0    0    0  |    0    0    0    0  |    0    0    0    0  |    0    0    0    0  |    0    0    0    0  |    0    0    0    0  |    0    0    0    0  |    0    0    0    0  |    0    0    0    0  |    0    0    0    0  |    0    0    0    0  |    0    0    0    0  |    0    0    0    0  |    0    0    0    0  |    0    0    0    0  |    0    0    0    0  |    0    0    0    0  |    0    0    0    0  |    0    0    0    0  |    0    0    0    0  |    0    0    0    0  |    0    0    0    0  |    0    0    0    0  |    0    0    0    0  | 
   0    0    0    0  |    0    0    0    0  |    0    0    0    0  |    0    0    0    0  |    0    0    0    0  |    0    0    0    0  |    0    0    0    0  |    0    0    0    0  |    0    0    0    0  |    0    0    0    0  |    0    0    0    0  |    0    0    0    0  |    0    0    0    0  |    0    0    0    0  |    0    0    0  0x8  |    0    0    0    0  |    0    0    0    0  |    0    0    0    0  |    0    0    0    0  |    0    0    0    0  |    0    0    0    0  |    0    0    0    0  |    0    0    0    0  |    0    0    0    0  |    0    0    0    0  |    0    0    0    0  |    0    0    0    0  |    0    0    0    0  | 
------------------------
   0    0    0    0  |    0    0    0    0  |    0    0    0    0  |    0    0    0    0  |    0    0    0    0  |    0    0    0    0  |    0    0    0    0  |    0    0    0    0  |    0    0    0    0  |    0    0    0    0  |    0    0    0    0  |    0    0    0    0  |    0    0    0    0  |    0    0    0    0  |    0    0    0    0  |    0    0    0    0  |    0    0    0    0  |    0    0    0    0  |    0    0    0    0  |    0    0    0    0  |    0    0    0    0  |    0    0    0    0  |    0    0    0    0  |    0    0    0    0  |    0    0    0    0  |    0    0    0    0  |    0    0    0    0  |    0    0    0    0  | 
   0    0    0    0  |    0    0    0    0  |    0    0    0    0  |    0    0    0    0  |    0    0    0    0  |    0    0    0    0  |    0    0    0    0  |    0    0    0    0  |    0    0    0    0  |    0    0    0    0  |    0    0    0    0  |    0    0    0    0  |    0    0    0    0  |    0    0    0    0  |    0    0    0    0  |    0    0    0    0  |    0    0    0    0  |    0    0    0    0  |    0    0    0    0  |    0    0    0    0  |    0    0    0    0  |    0    0    0    0  |    0    0    0    0  |    0    0    0    0  |    0    0    0    0  |    0    0    0    0  |    0    0    0    0  |    0    0    0    0  | 
   0    0    0    0  |    0    0    0    0  |    0    0    0    0  |    0    0    0    0  |    0    0    0    0  |    0    0    0    0  |    0    0    0  0x8  |    0    0    0    0  |    0    0    0    0  |    0    0    0    0  |    0    0    0    0  |    0    0    0    0  |    0    0    0    0  |    0    0    0    0  |    0    0    0    0  |    0    0    0    0  |    0    0    0    0  |    0    0    0    0  |    0    0    0    0  |    0    0    0    0  |    0    0    0    0  |    0    0    0    0  |    0    0    0    0  |    0    0    0    0  |    0    0    0    0  |    0    0    0    0  |    0    0    0    0  |    0    0    0    0  | 
   0    0    0    0  |    0    0    0    0  |    0    0    0    0  |    0    0  0x1    0  |    0    0  0x1    0  |    0    0  0x8    0  |    0    0    0    0  |    0    0    0    0  |    0    0    0    0  |    0    0    0    0  |    0    0    0    0  |    0    0    0    0  |    0    0    0    0  |    0    0    0    0  |    0    0    0    0  |    0    0    0    0  |    0    0    0    0  |    0    0    0    0  |    0    0    0    0  |    0    0    0    0  |    0    0    0    0  |    0    0    0    0  |    0    0    0    0  |    0    0    0    0  |    0    0    0    0  |    0    0    0    0  |    0    0    0    0  |    0    0    0    0  | 
------------------------
   0    0    0    0  |    0    0    0    0  |    0    0    0    0  |    0    0    0    0  |    0    0    0    0  |    0    0    0    0  |    0    0    0    0  |    0    0    0    0  |    0    0    0    0  |    0    0    0    0  |    0    0    0    0  |    0    0    0    0  |    0    0    0    0  |    0    0    0    0  |    0    0    0    0  |    0    0    0    0  |    0    0    0    0  |    0    0    0    0  |    0    0    0    0  |    0    0    0    0  |    0    0    0    0  |    0    0    0    0  |    0    0    0    0  |    0    0    0    0  |    0    0    0    0  |    0    0    0    0  |    0    0    0    0  |    0    0    0    0  | 
   0    0    0    0  |    0    0    0    0  |    0    0    0    0  |    0    0    0    0  |    0    0    0    0  |    0    0    0    0  |    0    0    0    0  |    0    0    0    0  |    0    0    0    0  |    0    0    0    0  |    0    0    0    0  |    0    0    0    0  |    0    0    0    0  |    0    0    0    0  |    0    0    0    0  |    0    0    0    0  |    0    0    0    0  |    0    0    0    0  |    0    0    0    0  |    0    0    0    0  |    0    0    0    0  |    0    0    0    0  |    0    0    0    0  |    0    0    0    0  |    0    0    0    0  |    0    0    0    0  |    0    0    0    0  |    0    0    0    0  | 
   0    0    0    0  |    0    0    0    0  |    0    0    0    0  |    0    0    0    0  |    0    0    0    0  |    0    0    0    0  |    0    0    0    0  |    0    0    0    0  |    0    0    0    0  |    0    0    0    0  |    0    0    0    0  |    0    0    0    0  |    0    0    0    0  |    0    0    0    0  |    0    0    0    0  |    0    0    0    0  |    0    0    0    0  |    0    0    0    0  |    0    0    0    0  |    0    0    0    0  |    0    0    0    0  |    0    0    0    0  |    0    0    0    0  |    0    0    0    0  |    0    0    0    0  |    0    0    0    0  |    0    0    0    0  |    0    0    0    0  | 
   0    0    0    0  |    0    0    0    0  |    0    0    0    0  |    0    0    0    0  |    0    0    0    0  |    0    0    0  0x1  |    0    0    0  0x1  |    0    0    0  0x8  |  0x8    0    0    0  |    0    0    0    0  |    0    0    0    0  |    0    0    0    0  |    0    0    0    0  |    0    0    0    0  |    0    0    0    0  |    0    0    0    0  |    0    0    0    0  |    0    0    0    0  |    0    0    0    0  |    0    0    0    0  |    0    0    0    0  |    0    0    0    0  |    0    0    0    0  |    0    0    0    0  |    0    0    0    0  |    0    0    0    0  |    0    0    0    0  |    0    0    0    0  | 
------------------------
   0    0    0    0  |    0    0    0    0  |    0    0    0    0  |    0    0    0    0  |    0    0    0    0  |    0    0    0    0  |    0    0    0    0  |    0    0    0    0  |    0    0    0    0  |    0  0x1    0    0  |    0  0x1    0    0  |    0  0x8    0    0  |    0    0    0    0  |    0    0    0    0  |    0    0    0    0  |    0    0    0    0  |    0    0    0    0  |    0    0    0    0  |    0    0    0    0  |    0    0    0    0  |    0    0    0    0  |    0    0    0    0  |    0    0    0    0  |    0    0    0    0  |    0    0    0    0  |    0    0    0    0  |    0    0    0    0  |    0    0    0    0  | 
   0    0    0    0  |    0    0    0    0  |    0    0    0    0  |    0    0    0    0  |    0    0    0    0  |    0    0    0    0  |    0    0    0    0  |    0    0    0    0  |    0    0    0    0  |    0    0    0    0  |    0    0    0    0  |    0    0    0    0  |    0    0    0    0  |    0    0    0    0  |    0    0    0    0  |    0    0    0    0  |    0    0    0    0  |    0    0    0    0  |    0    0    0    0  |    0    0    0    0  |    0    0    0    0  |    0    0    0    0  |    0    0    0    0  |    0    0    0    0  |    0    0    0    0  |    0    0    0    0  |    0    0    0    0  |    0    0    0    0  | 
   0    0    0    0  |    0    0    0    0  |    0    0    0    0  |    0    0    0    0  |    0    0    0    0  |    0    0    0    0  |    0    0    0    0  |    0    0    0    0  |    0    0    0    0  |    0    0    0    0  |    0    0    0    0  |    0    0    0    0  |    0    0    0    0  |    0    0    0    0  |    0    0    0    0  |    0    0    0    0  |    0    0    0    0  |    0    0    0    0  |    0    0    0    0  |    0    0    0    0  |    0    0    0    0  |    0    0    0    0  |    0    0    0    0  |    0    0    0    0  |    0    0    0    0  |    0    0    0    0  |    0    0    0    0  |    0    0    0    0  | 
   0    0    0    0  |    0    0    0    0  |    0    0    0    0  |    0    0    0    0  |    0    0    0    0  |    0    0    0    0  |    0    0    0    0  |    0    0    0    0  |    0    0    0    0  |    0    0    0    0  |    0    0    0    0  |    0    0    0    0  |    0    0  0x8    0  |    0    0    0    0  |    0    0    0    0  |    0    0    0    0  |    0    0    0    0  |    0    0    0    0  |    0    0    0    0  |    0    0    0    0  |    0    0    0    0  |    0    0    0    0  |    0    0    0    0  |    0    0    0    0  |    0    0    0    0  |    0    0    0    0  |    0    0    0    0  |    0    0    0    0  | 
------------------------
   0    0    0    0  |    0    0    0    0  |    0    0    0    0  |    0    0    0    0  |    0    0    0    0  |    0    0    0    0  |    0    0    0    0  |    0    0    0    0  |    0    0    0    0  |    0    0    0    0  |    0    0    0    0  |    0    0    0    0  |    0    0    0    0  |    0    0    0    0  |    0    0    0    0  |    0    0    0    0  |    0  0x8    0    0  |    0  0x3    0    0  |    0  0x1  0xa    0  |    0    0  0x3    0  |    0    0  0x1  0x2  |    0    0    0    0  |    0    0    0    0  |    0    0    0    0  |    0    0    0    0  |    0    0    0    0  |    0    0    0    0  |    0    0    0    0  | 
   0    0    0    0  |    0    0    0    0  |    0    0    0    0  |    0    0    0    0  |    0    0    0    0  |    0    0    0    0  |    0    0    0    0  |    0    0    0    0  |    0    0    0    0  |    0    0    0    0  |    0    0    0    0  |    0    0    0    0  |    0    0    0    0  |    0    0    0    0  |    0    0    0    0  |  0x8    0    0    0  |    0    0    0    0  |    0  0x8    0    0  |    0    0    0    0  |    0    0    0    0  |    0    0    0    0  |    0    0    0    0  |    0    0    0    0  |    0    0    0    0  |    0    0    0    0  |    0    0    0    0  |    0    0    0    0  |    0    0    0    0  | 
   0    0    0    0  |    0    0    0    0  |    0    0    0    0  |    0    0    0    0  |    0    0    0    0  |    0    0    0    0  |    0    0    0    0  |    0    0    0    0  |    0    0    0    0  |    0    0    0    0  |    0    0    0    0  |    0    0    0    0  |    0    0    0    0  |    0    0    0    0  |    0    0    0    0  |    0    0    0    0  |    0    0    0    0  |    0    0    0    0  |    0    0    0    0  |    0    0    0    0  |    0    0    0    0  |    0    0    0    0  |    0    0    0    0  |    0    0    0    0  |    0    0    0    0  |    0    0    0    0  |    0    0    0    0  |    0    0    0    0  | 
   0    0    0    0  |    0    0    0    0  |    0    0    0    0  |    0    0    0    0  |    0    0    0    0  |    0    0    0    0  |    0    0    0    0  |    0    0    0    0  |    0    0    0    0  |    0    0    0    0  |    0    0    0    0  |    0    0    0    0  |    0    0    0    0  |    0    0    0    0  |    0    0    0    0  |    0    0    0    0  |    0    0    0    0  |    0    0    0    0  |    0    0    0    0  |    0    0    0    0  |    0    0    0    0  |    0    0    0    0  |    0    0    0    0  |    0    0    0    0  |    0    0    0    0  |    0    0    0    0  |    0    0    0    0  |    0    0    0    0  | 
------------------------
   0    0    0    0  |    0    0    0    0  |    0    0    0    0  |    0    0    0    0  |    0    0    0    0  |    0    0    0    0  |    0    0    0    0  |    0    0    0    0  |    0    0    0    0  |    0    0    0    0  |    0    0    0    0  |    0    0    0    0  |    0    0    0    0  |    0    0    0    0  |    0    0    0    0  |    0    0    0    0  |    0    0    0    0  |    0    0    0    0  |    0  0x8    0    0  |    0    0    0    0  |    0    0    0    0  |    0    0    0    0  |    0    0    0    0  |    0    0    0    0  |    0    0    0    0  |    0    0    0    0  |    0    0    0    0  |    0    0    0    0  | 
   0    0    0    0  |    0    0    0    0  |    0    0    0    0  |    0    0    0    0  |    0    0    0    0  |    0    0    0    0  |    0    0    0    0  |    0    0    0    0  |    0    0    0    0  |    0    0    0    0  |    0    0    0    0  |    0    0    0    0  |    0    0    0    0  |    0    0    0    0  |    0    0    0    0  |  0x1    0    0    0  |  0x1    0    0    0  |  0x8    0    0    0  |    0    0    0    0  |    0    0    0    0  |    0    0    0    0  |    0    0    0    0  |    0    0    0    0  |    0    0    0    0  |    0    0    0    0  |    0    0    0    0  |    0    0    0    0  |    0    0    0    0  | 
   0    0    0    0  |    0    0    0    0  |    0    0    0    0  |    0    0    0    0  |    0    0    0    0  |    0    0    0    0  |    0    0    0    0  |    0    0    0    0  |    0    0    0    0  |    0    0    0    0  |    0    0    0    0  |    0    0    0    0  |    0    0    0    0  |    0    0    0    0  |    0    0    0    0  |    0    0    0    0  |    0    0    0    0  |    0    0    0    0  |    0    0    0    0  |    0    0    0    0  |    0    0    0    0  |    0    0    0    0  |    0    0    0    0  |    0    0    0    0  |    0    0    0    0  |    0    0    0    0  |    0    0    0    0  |    0    0    0    0  | 
   0    0    0    0  |    0    0    0    0  |    0    0    0    0  |    0    0    0    0  |    0    0    0    0  |    0    0    0    0  |    0    0    0    0  |    0    0    0    0  |    0    0    0    0  |    0    0    0    0  |    0    0    0    0  |    0    0    0    0  |    0    0    0    0  |    0    0    0    0  |    0    0    0    0  |    0    0    0    0  |    0    0    0    0  |    0    0    0    0  |    0    0    0    0  |    0    0    0    0  |    0    0    0    0  |    0    0    0    0  |    0    0    0    0  |    0    0    0    0  |    0    0    0    0  |    0    0    0    0  |    0    0    0    0  |    0    0    0    0  | 
------------------------
   0    0    0    0  |    0    0    0    0  |    0    0    0    0  |    0    0    0    0  |    0    0    0    0  |    0    0    0    0  |    0    0    0    0  |    0    0    0    0  |    0    0    0    0  |    0    0    0    0  |    0    0    0    0  |    0    0    0    0  |    0    0    0    0  |    0    0    0  0x1  |    0    0    0  0x1  |    0    0    0  0x8  |  0x8    0    0    0  |    0    0    0    0  |    0    0    0    0  |    0    0    0    0  |    0    0    0    0  |    0    0    0    0  |    0    0    0    0  |    0    0    0    0  |    0    0    0    0  |    0    0    0    0  |    0    0    0    0  |    0    0    0    0  | 
   0    0    0    0  |    0    0    0    0  |    0    0    0    0  |    0    0    0    0  |    0    0    0    0  |    0    0    0    0  |    0    0    0    0  |    0    0    0    0  |    0    0    0    0  |    0    0    0    0  |    0    0    0    0  |    0    0    0    0  |    0    0    0    0  |    0    0    0    0  |    0    0    0    0  |    0    0    0    0  |    0    0    0    0  |    0    0    0    0  |    0    0    0    0  |    0    0    0    0  |    0    0    0    0  |    0    0    0    0  |    0    0    0    0  |    0    0    0    0  |    0    0    0    0  |    0    0    0    0  |    0    0    0    0  |    0    0    0    0  | 
   0    0    0    0  |    0    0    0    0  |    0    0    0    0  |    0    0    0    0  |    0    0    0    0  |    0    0    0    0  |    0    0    0    0  |    0    0    0    0  |    0    0    0    0  |    0    0    0    0  |    0    0    0    0  |    0    0    0    0  |    0    0    0    0  |    0    0    0    0  |    0    0    0    0  |    0    0    0    0  |    0    0    0    0  |    0    0    0    0  |    0    0    0    0  |    0    0    0    0  |    0    0    0    0  |    0    0    0    0  |    0    0    0    0  |    0    0    0    0  |    0    0    0    0  |    0    0    0    0  |    0    0    0    0  |    0    0    0    0  | 
   0    0    0    0  |    0    0    0    0  |    0    0    0    0  |    0    0    0    0  |    0    0    0    0  |    0    0    0    0  |    0    0    0    0  |    0    0    0    0  |    0    0    0    0  |    0    0    0    0  |    0    0    0    0  |    0    0    0    0  |    0    0    0    0  |    0    0    0    0  |    0    0    0    0  |    0    0    0    0  |    0    0    0    0  |    0    0    0    0  |    0    0    0    0  |    0    0    0    0  |    0    0    0    0  |    0    0    0    0  |    0    0    0    0  |    0    0    0    0  |    0    0    0    0  |    0    0    0    0  |    0    0    0    0  |    0    0    0    0  | 
------------------------
   0    0    0    0  |    0    0    0    0  |    0    0    0    0  |    0    0    0    0  |    0    0    0    0  |    0    0    0    0  |    0    0    0    0  |    0    0    0    0  |    0    0    0    0  |    0    0    0    0  |    0    0    0    0  |    0    0    0    0  |    0    0    0    0  |    0    0    0    0  |    0    0    0    0  |    0    0    0    0  |    0    0    0    0  |    0    0    0    0  |    0    0    0    0  |    0    0    0    0  |    0    0  0x8    0  |    0    0    0    0  |    0    0    0    0  |    0    0    0    0  |    0    0    0    0  |    0    0    0    0  |    0    0    0    0  |    0    0    0    0  | 
   0    0    0    0  |    0    0    0    0  |    0    0    0    0  |    0    0    0    0  |    0    0    0    0  |    0    0    0    0  |    0    0    0    0  |    0    0    0    0  |    0    0    0    0  |    0    0    0    0  |    0    0    0    0  |    0    0    0    0  |    0    0    0    0  |    0    0    0    0  |    0    0    0    0  |    0    0    0    0  |    0    0    0    0  |    0  0x1    0    0  |    0  0x1    0    0  |    0  0x8    0    0  |    0    0    0    0  |    0    0    0    0  |    0    0    0    0  |    0    0    0    0  |    0    0    0    0  |    0    0    0    0  |    0    0    0    0  |    0    0    0    0  | 
   0    0    0    0  |    0    0    0    0  |    0    0    0    0  |    0    0    0    0  |    0    0    0    0  |    0    0    0    0  |    0    0    0    0  |    0    0    0    0  |    0    0    0    0  |    0    0    0    0  |    0    0    0    0  |    0    0    0    0  |    0    0    0    0  |    0    0    0    0  |    0    0    0    0  |    0    0    0    0  |    0    0    0    0  |    0    0    0    0  |    0    0    0    0  |    0    0    0    0  |    0    0    0    0  |    0    0    0    0  |    0    0    0    0  |    0    0    0    0  |    0    0    0    0  |    0    0    0    0  |    0    0    0    0  |    0    0    0    0  | 
   0    0    0    0  |    0    0    0    0  |    0    0    0    0  |    0    0    0    0  |    0    0    0    0  |    0    0    0    0  |    0    0    0    0  |    0    0    0    0  |    0    0    0    0  |    0    0    0    0  |    0    0    0    0  |    0    0    0    0  |    0    0    0    0  |    0    0    0    0  |    0    0    0    0  |    0    0    0    0  |    0    0    0    0  |    0    0    0    0  |    0    0    0    0  |    0    0    0    0  |    0    0    0    0  |    0    0    0    0  |    0    0    0    0  |    0    0    0    0  |    0    0    0    0  |    0    0    0    0  |    0    0    0    0  |    0    0    0    0  | 
------------------------
   0    0    0    0  |    0    0    0    0  |    0    0    0    0  |    0    0    0    0  |    0    0    0    0  |    0    0    0    0  |    0    0    0    0  |    0    0    0    0  |    0    0    0    0  |    0    0    0    0  |    0    0    0    0  |    0    0    0    0  |    0    0    0    0  |    0    0    0  0x1  |    0    0    0  0x1  |    0    0    0  0x8  |  0x8    0    0    0  |    0    0    0    0  |    0    0    0    0  |    0    0    0    0  |    0    0  0x4  0x8  |    0    0  0x2  0x1  |    0    0    0  0x3  |    0    0    0    0  |    0    0    0    0  |    0    0    0    0  |    0    0    0    0  |    0    0    0    0  | 
   0    0    0    0  |    0    0    0    0  |    0    0    0    0  |    0    0    0    0  |    0    0    0    0  |    0    0    0    0  |    0    0    0    0  |    0    0    0    0  |    0    0    0    0  |    0    0    0    0  |    0    0    0    0  |    0    0    0    0  |    0    0    0    0  |    0    0    0    0  |    0    0    0    0  |    0    0    0    0  |    0    0    0    0  |    0    0    0    0  |    0    0    0    0  |    0    0  0xc    0  |    0    0    0    0  |    0    0    0    0  |    0    0    0    0  |    0    0    0    0  |    0    0    0    0  |    0    0    0    0  |    0    0    0    0  |    0    0    0    0  | 
   0    0    0    0  |    0    0    0    0  |    0    0    0    0  |    0    0    0    0  |    0    0    0    0  |    0    0    0    0  |    0    0    0    0  |    0    0    0    0  |    0    0    0    0  |    0    0    0    0  |    0    0    0    0  |    0    0    0    0  |    0    0    0    0  |    0    0    0    0  |    0    0    0    0  |    0    0    0    0  |    0    0    0    0  |    0    0    0    0  |    0    0    0    0  |    0    0    0    0  |    0    0    0    0  |    0    0    0    0  |    0    0    0    0  |    0    0    0    0  |    0    0    0    0  |    0    0    0    0  |    0    0    0    0  |    0    0    0    0  | 
   0    0    0    0  |    0    0    0    0  |    0    0    0    0  |    0    0    0    0  |    0    0    0    0  |    0    0    0    0  |    0    0    0    0  |    0    0    0    0  |    0    0    0    0  |    0    0    0    0  |    0    0    0    0  |    0    0    0    0  |    0    0    0    0  |    0    0    0    0  |    0    0    0    0  |    0    0    0    0  |    0    0    0    0  |    0    0    0    0  |    0    0    0    0  |    0    0    0    0  |    0    0    0    0  |    0    0    0    0  |    0    0    0    0  |    0    0    0    0  |    0    0    0    0  |    0    0    0    0  |    0    0    0    0  |    0    0    0    0  | 
------------------------
   0    0    0    0  |    0    0    0    0  |    0    0    0    0  |    0    0    0    0  |    0    0    0    0  |    0    0    0    0  |    0    0    0    0  |    0    0    0    0  |    0    0    0    0  |    0    0    0    0  |    0    0    0    0  |    0    0    0    0  |    0    0    0    0  |    0    0    0    0  |    0    0    0    0  |    0    0    0    0  |    0    0    0    0  |    0    0    0    0  |    0    0    0    0  |    0    0    0    0  |    0    0  0x4  0x8  |    0    0  0x2  0x1  |    0    0    0  0x3  |    0    0    0    0  |    0    0    0    0  |    0    0    0    0  |    0    0    0    0  |    0    0    0    0  | 
   0    0    0    0  |    0    0    0    0  |    0    0    0    0  |    0    0    0    0  |    0    0    0    0  |    0    0    0    0  |    0    0    0    0  |    0    0    0    0  |    0    0    0    0  |    0    0    0    0  |    0    0    0    0  |    0    0    0    0  |    0    0    0    0  |    0    0    0    0  |    0    0    0    0  |    0    0    0    0  |    0    0    0    0  |    0    0    0    0  |    0    0    0    0  |    0    0  0xc    0  |    0    0    0    0  |    0    0    0    0  |    0    0    0    0  |    0    0    0    0  |    0    0    0    0  |    0    0    0    0  |    0    0    0    0  |    0    0    0    0  | 
   0    0    0    0  |    0    0    0    0  |    0    0    0    0  |    0    0    0    0  |    0    0    0    0  |    0    0    0    0  |    0    0    0    0  |    0    0    0    0  |    0    0    0    0  |    0    0    0    0  |    0    0    0    0  |    0    0    0    0  |    0    0    0    0  |    0    0    0    0  |    0    0    0    0  |    0    0    0    0  |    0    0    0    0  |    0    0    0    0  |    0    0    0    0  |    0    0    0    0  |    0    0    0    0  |    0    0    0    0  |    0    0    0    0  |    0    0    0    0  |    0    0    0    0  |    0    0    0    0  |    0    0    0    0  |    0    0    0    0  | 
   0    0    0    0  |    0    0    0    0  |    0    0    0    0  |    0    0    0    0  |    0    0    0    0  |    0    0    0  0x1  |    0    0    0  0x1  |    0    0    0  0x8  |  0x8    0    0    0  |    0    0    0    0  |    0    0    0    0  |    0    0    0    0  |    0    0    0    0  |    0    0    0    0  |    0    0    0    0  |    0    0    0    0  |    0    0    0    0  |    0    0    0    0  |    0    0    0    0  |    0    0    0    0  |    0    0    0    0  |    0    0    0    0  |    0    0    0    0  |    0    0    0    0  |    0    0    0    0  |    0    0    0    0  |    0    0    0    0  |    0    0    0    0  | 
------------------------
   0    0    0    0  |    0    0    0    0  |    0    0    0    0  |    0    0    0    0  |    0    0    0    0  |    0    0    0    0  |    0    0    0    0  |  0x1    0    0    0  |  0x1    0    0    0  |  0x8    0    0    0  |    0    0    0    0  |    0    0    0    0  |    0    0    0    0  |    0    0    0    0  |    0    0    0    0  |    0    0    0    0  |    0    0    0    0  |    0    0    0    0  |    0    0    0    0  |    0    0    0    0  |    0    0    0    0  |    0    0    0    0  |    0    0    0    0  |    0    0    0    0  |    0    0    0    0  |    0    0    0    0  |    0    0    0    0  |    0    0    0    0  | 
   0    0    0    0  |    0    0    0    0  |    0    0    0    0  |    0    0    0    0  |    0    0    0    0  |    0    0    0    0  |    0    0    0    0  |    0    0    0    0  |    0    0    0    0  |    0    0    0    0  |    0    0    0    0  |    0    0    0    0  |    0    0    0    0  |    0    0    0    0  |    0    0    0    0  |    0    0    0    0  |    0    0    0    0  |    0    0    0    0  |    0    0    0    0  |    0    0    0    0  |    0    0    0    0  |    0    0    0    0  |    0    0    0    0  |    0    0    0    0  |    0    0    0    0  |    0    0    0    0  |    0    0    0    0  |    0    0    0    0  | 
   0    0    0    0  |    0    0    0    0  |    0    0    0    0  |    0    0    0    0  |    0    0    0    0  |    0    0    0    0  |    0    0    0    0  |    0    0    0    0  |    0    0    0    0  |    0    0    0    0  |    0    0    0    0  |    0    0    0    0  |    0    0    0    0  |    0    0    0    0  |    0    0    0    0  |    0    0    0    0  |    0    0    0    0  |    0    0    0    0  |    0    0    0    0  |    0    0    0    0  |    0    0    0    0  |    0    0    0    0  |    0    0    0    0  |    0    0    0    0  |    0    0    0    0  |    0    0    0    0  |    0    0    0    0  |    0    0    0    0  | 
   0    0    0    0  |    0    0    0    0  |    0    0    0    0  |    0    0    0    0  |    0    0    0    0  |    0    0    0    0  |    0    0    0    0  |    0    0    0    0  |    0    0    0    0  |    0    0    0    0  |    0  0x8    0    0  |    0    0    0    0  |    0    0    0    0  |    0    0    0    0  |    0    0    0    0  |    0    0    0    0  |    0    0    0    0  |    0    0    0    0  |    0    0    0    0  |    0    0    0    0  |    0    0    0    0  |    0    0    0    0  |    0    0    0    0  |    0    0    0    0  |    0    0    0    0  |    0    0    0    0  |    0    0    0    0  |    0    0    0    0  | 
------------------------
   0    0    0    0  |    0    0    0    0  |    0    0    0    0  |    0    0    0    0  |    0    0    0    0  |    0    0    0    0  |    0    0    0    0  |    0    0    0    0  |    0    0    0    0  |    0    0    0    0  |    0    0    0    0  |    0    0    0    0  |    0    0    0    0  |    0    0    0    0  |    0    0    0    0  |    0    0    0    0  |    0    0    0    0  |    0    0    0    0  |    0    0    0    0  |    0    0    0    0  |    0    0    0    0  |    0    0    0    0  |    0    0    0  0x8  |    0    0    0    0  |    0    0    0    0  |    0    0    0    0  |    0    0    0    0  |    0    0    0    0  | 
   0    0    0    0  |    0    0    0    0  |    0    0    0    0  |    0    0    0    0  |    0    0    0    0  |    0    0    0    0  |    0    0    0    0  |    0    0    0    0  |    0    0    0    0  |    0    0    0    0  |    0    0    0    0  |    0    0    0    0  |    0    0    0    0  |    0    0    0    0  |    0    0    0    0  |    0    0    0    0  |    0    0    0    0  |    0    0    0    0  |    0    0    0    0  |    0    0  0x1    0  |    0    0  0x1    0  |    0    0  0x8    0  |    0    0    0    0  |    0    0    0    0  |    0    0    0    0  |    0    0    0    0  |    0    0    0    0  |    0    0    0    0  | 
   0    0    0    0  |    0    0    0    0  |    0    0    0    0  |    0    0    0    0  |    0    0    0    0  |    0    0    0    0  |    0    0    0    0  |    0    0    0    0  |    0    0    0    0  |    0    0    0    0  |    0    0    0    0  |    0    0    0    0  |    0    0    0    0  |    0    0    0    0  |    0    0    0    0  |    0    0    0    0  |    0    0    0    0  |    0    0    0    0  |    0    0    0    0  |    0    0    0    0  |    0    0    0    0  |    0    0    0    0  |    0    0    0    0  |    0    0    0    0  |    0    0    0    0  |    0    0    0    0  |    0    0    0    0  |    0    0    0    0  | 
   0    0    0    0  |    0    0    0    0  |    0    0    0    0  |    0    0    0    0  |    0    0    0    0  |    0    0    0    0  |    0    0    0    0  |    0    0    0    0  |    0    0    0    0  |    0    0    0    0  |    0    0    0    0  |    0    0    0    0  |    0    0    0    0  |    0    0    0    0  |    0    0    0    0  |    0    0    0    0  |    0    0    0    0  |    0    0    0    0  |    0    0    0    0  |    0    0    0    0  |    0    0    0    0  |    0    0    0    0  |    0    0    0    0  |    0    0    0    0  |    0    0    0    0  |    0    0    0    0  |    0    0    0    0  |    0    0    0    0  | 
------------------------
   0    0    0    0  |    0    0    0    0  |    0    0    0    0  |    0    0    0    0  |    0    0    0    0  |    0    0    0    0  |    0    0    0    0  |    0    0    0    0  |    0    0    0    0  |    0    0    0    0  |    0    0    0    0  |    0    0    0    0  |    0    0    0    0  |    0    0    0    0  |    0    0    0    0  |    0    0    0    0  |    0    0    0    0  |    0    0    0    0  |    0    0    0    0  |    0    0    0    0  |    0    0  0x4  0x8  |    0    0  0x2  0x1  |    0    0    0  0x3  |    0    0    0    0  |    0    0    0    0  |    0    0    0    0  |    0    0    0    0  |    0    0    0    0  | 
   0    0    0    0  |    0    0    0    0  |    0    0    0    0  |    0    0    0    0  |    0    0    0    0  |    0    0    0    0  |    0    0    0    0  |    0    0    0    0  |    0    0    0    0  |    0    0    0    0  |    0    0    0    0  |    0    0    0    0  |    0    0    0    0  |    0    0    0    0  |    0    0    0    0  |    0    0    0    0  |    0    0    0    0  |    0    0    0    0  |    0    0    0    0  |    0    0  0xc    0  |    0    0    0    0  |    0    0    0    0  |    0    0    0    0  |    0    0    0    0  |    0    0    0    0  |    0    0    0    0  |    0    0    0    0  |    0    0    0    0  | 
   0    0    0    0  |    0    0    0    0  |    0    0    0    0  |    0    0    0    0  |    0    0    0    0  |    0    0    0    0  |    0    0    0  0x8  |    0    0    0    0  |    0    0    0    0  |    0    0    0    0  |    0    0    0    0  |    0    0    0    0  |    0    0    0    0  |    0    0    0    0  |    0    0    0    0  |    0    0    0    0  |    0    0    0    0  |    0    0    0    0  |    0    0    0    0  |    0    0    0    0  |    0    0    0    0  |    0    0    0    0  |    0    0    0    0  |    0    0    0    0  |    0    0    0    0  |    0    0    0    0  |    0    0    0    0  |    0    0    0    0  | 
   0    0    0    0  |    0    0    0    0  |    0    0    0    0  |    0    0  0x1    0  |    0    0  0x1    0  |    0    0  0x8    0  |    0    0    0    0  |    0    0    0    0  |    0    0    0    0  |    0    0    0    0  |    0    0    0    0  |    0    0    0    0  |    0    0    0    0  |    0    0    0    0  |    0    0    0    0  |    0    0    0    0  |    0    0    0    0  |    0    0    0    0  |    0    0    0    0  |    0    0    0    0  |    0    0    0    0  |    0    0    0    0  |    0    0    0    0  |    0    0    0    0  |    0    0    0    0  |    0    0    0    0  |    0    0    0    0  |    0    0    0    0  | 
------------------------
   0    0    0    0  |    0    0    0    0  |    0    0    0    0  |    0    0    0    0  |    0    0    0    0  |    0    0    0    0  |    0    0    0    0  |    0    0    0    0  |    0    0    0    0  |    0  0x1    0    0  |    0  0x1    0    0  |    0  0x8    0    0  |    0    0    0    0  |    0    0    0    0  |    0    0    0    0  |    0    0    0    0  |    0    0    0    0  |    0    0    0    0  |    0    0    0    0  |    0    0    0    0  |    0    0  0x4  0x8  |    0    0  0x2  0x1  |    0    0    0  0x3  |    0    0    0    0  |    0    0    0    0  |    0    0    0    0  |    0    0    0    0  |    0    0    0    0  | 
   0    0    0    0  |    0    0    0    0  |    0    0    0    0  |    0    0    0    0  |    0    0    0    0  |    0    0    0    0  |    0    0    0    0  |    0    0    0    0  |    0    0    0    0  |    0    0    0    0  |    0    0    0    0  |    0    0    0    0  |    0    0    0    0  |    0    0    0    0  |    0    0    0    0  |    0    0    0    0  |    0    0    0    0  |    0    0    0    0  |    0    0    0    0  |    0    0  0xc    0  |    0    0    0    0  |    0    0    0    0  |    0    0    0    0  |    0    0    0    0  |    0    0    0    0  |    0    0    0    0  |    0    0    0    0  |    0    0    0    0  | 
   0    0    0    0  |    0    0    0    0  |    0    0    0    0  |    0    0    0    0  |    0    0    0    0  |    0    0    0    0  |    0    0    0    0  |    0    0    0    0  |    0    0    0    0  |    0    0    0    0  |    0    0    0    0  |    0    0    0    0  |    0    0    0    0  |    0    0    0    0  |    0    0    0    0  |    0    0    0    0  |    0    0    0    0  |    0    0    0    0  |    0    0    0    0  |    0    0    0    0  |    0    0    0    0  |    0    0    0    0  |    0    0    0    0  |    0    0    0    0  |    0    0    0    0  |    0    0    0    0  |    0    0    0    0  |    0    0    0    0  | 
   0    0    0    0  |    0    0    0    0  |    0    0    0    0  |    0    0    0    0  |    0    0    0    0  |    0    0    0    0  |    0    0    0    0  |    0    0    0    0  |    0    0    0    0  |    0    0    0    0  |    0    0    0    0  |    0    0    0    0  |    0    0  0x8    0  |    0    0    0    0  |    0    0    0    0  |    0    0    0    0  |    0    0    0    0  |    0    0    0    0  |    0    0    0    0  |    0    0    0    0  |    0    0    0    0  |    0    0    0    0  |    0    0    0    0  |    0    0    0    0  |    0    0    0    0  |    0    0    0    0  |    0    0    0    0  |    0    0    0    0  | 
------------------------
   0    0    0    0  |    0    0    0    0  |    0    0    0    0  |    0    0    0    0  |    0    0    0    0  |    0    0    0    0  |    0    0    0    0  |    0    0    0    0  |    0    0    0    0  |    0    0    0    0  |    0    0    0    0  |    0    0  0x1    0  |    0    0  0x1    0  |    0    0  0x8    0  |    0    0    0    0  |    0    0    0    0  |    0    0    0    0  |    0    0    0    0  |    0    0    0    0  |    0    0    0    0  |    0    0  0x4  0x8  |    0    0  0x2  0x1  |    0    0    0  0x3  |    0    0    0    0  |    0    0    0    0  |    0    0    0    0  |    0    0    0    0  |    0    0    0    0  | 
   0    0    0    0  |    0    0    0    0  |    0    0    0    0  |    0    0    0    0  |    0    0    0    0  |    0    0    0    0  |    0    0    0    0  |    0    0    0    0  |    0    0    0    0  |    0    0    0    0  |    0    0    0    0  |    0    0    0    0  |    0    0    0    0  |    0    0    0    0  |    0    0    0    0  |    0    0    0    0  |    0    0    0    0  |    0    0    0    0  |    0    0    0    0  |    0    0  0xc    0  |    0    0    0    0  |    0    0    0    0  |    0    0    0    0  |    0    0    0    0  |    0    0    0    0  |    0    0    0    0  |    0    0    0    0  |    0    0    0    0  | 
   0    0    0    0  |    0    0    0    0  |    0    0    0    0  |    0    0    0    0  |    0    0    0    0  |    0    0    0    0  |    0    0    0    0  |    0    0    0    0  |    0    0    0    0  |    0    0    0    0  |    0    0    0    0  |    0    0    0    0  |    0    0    0    0  |    0    0    0    0  |    0    0    0    0  |    0    0    0    0  |    0    0    0    0  |    0    0    0    0  |    0    0    0    0  |    0    0    0    0  |    0    0    0    0  |    0    0    0    0  |    0    0    0    0  |    0    0    0    0  |    0    0    0    0  |    0    0    0    0  |    0    0    0    0  |    0    0    0    0  | 
   0    0    0    0  |    0    0    0    0  |    0    0    0    0  |    0    0    0    0  |    0    0    0    0  |    0    0    0    0  |    0    0    0    0  |    0    0    0    0  |    0    0    0    0  |    0    0    0    0  |    0    0    0    0  |    0    0    0    0  |    0    0    0    0  |    0    0    0    0  |    0    0    0  0x8  |    0    0    0    0  |    0    0    0    0  |    0    0    0    0  |    0    0    0    0  |    0    0    0    0  |    0    0    0    0  |    0    0    0    0  |    0    0    0    0  |    0    0    0    0  |    0    0    0    0  |    0    0    0    0  |    0    0    0    0  |    0    0    0    0  | 
------------------------
   0    0    0    0  |    0    0    0    0  |    0    0    0    0  |    0    0    0    0  |    0    0    0    0  |    0    0    0    0  |    0    0    0    0  |    0    0    0    0  |    0    0    0    0  |    0    0    0    0  |    0    0    0    0  |    0    0    0    0  |    0    0    0    0  |    0    0    0    0  |    0    0    0    0  |    0    0    0    0  |    0  0x8    0    0  |    0  0x3    0    0  |    0  0x1  0xa    0  |    0    0  0x3    0  |    0    0  0x5  0xa  |    0    0  0x2  0x1  |    0    0    0  0x3  |    0    0    0    0  |    0    0    0    0  |    0    0    0    0  |    0    0    0    0  |    0    0    0    0  | 
   0    0    0    0  |    0    0    0    0  |    0    0    0    0  |    0    0    0    0  |    0    0    0    0  |    0    0    0    0  |    0    0    0    0  |    0    0    0    0  |    0    0    0    0  |    0    0    0    0  |    0    0    0    0  |    0    0    0    0  |    0    0    0    0  |    0    0    0    0  |    0    0    0    0  |  0x8    0    0    0  |    0    0    0    0  |    0  0x8    0    0  |    0    0    0    0  |    0    0  0xc    0  |    0    0    0    0  |    0    0    0    0  |    0    0    0    0  |    0    0    0    0  |    0    0    0    0  |    0    0    0    0  |    0    0    0    0  |    0    0    0    0  | 
   0    0    0    0  |    0    0    0    0  |    0    0    0    0  |    0    0    0    0  |    0    0    0    0  |    0    0    0    0  |    0    0    0    0  |    0    0    0    0  |    0    0    0    0  |    0    0    0    0  |    0    0    0    0  |    0    0    0    0  |    0    0    0    0  |    0    0    0    0  |    0    0    0    0  |    0    0    0    0  |    0    0    0    0  |    0    0    0    0  |    0    0    0    0  |    0    0    0    0  |    0    0    0    0  |    0    0    0    0  |    0    0    0    0  |    0    0    0    0  |    0    0    0    0  |    0    0    0    0  |    0    0    0    0  |    0    0    0    0  | 
   0    0    0    0  |    0    0    0    0  |    0    0    0    0  |    0    0    0    0  |    0    0    0    0  |    0    0    0    0  |    0    0    0    0  |    0    0    0    0  |    0    0    0    0  |    0    0    0    0  |    0    0    0    0  |    0    0    0    0  |    0    0    0    0  |    0    0    0    0  |    0    0    0    0  |    0    0    0    0  |    0    0    0    0  |    0    0    0    0  |    0    0    0    0  |    0    0    0    0  |    0    0    0    0  |    0    0    0    0  |    0    0    0    0  |    0    0    0    0  |    0    0    0    0  |    0    0    0    0  |    0    0    0    0  |    0    0    0    0  | 
------------------------
   0    0    0    0  |    0    0    0    0  |    0    0    0    0  |    0    0    0    0  |    0    0    0    0  |    0    0    0    0  |    0    0    0    0  |    0    0    0    0  |    0    0    0    0  |    0    0    0    0  |    0    0    0    0  |    0    0    0    0  |    0    0    0    0  |    0    0    0    0  |    0    0    0    0  |    0    0    0    0  |    0    0    0    0  |    0    0    0    0  |    0    0    0    0  |    0    0    0    0  |    0    0  0x4  0x8  |    0    0  0x2  0x1  |    0    0    0  0xb  |    0    0    0    0  |    0    0    0    0  |    0    0    0    0  |    0    0    0    0  |    0    0    0    0  | 
   0    0    0    0  |    0    0    0    0  |    0    0    0    0  |    0    0    0    0  |    0    0    0    0  |    0    0    0    0  |    0    0    0    0  |    0    0    0    0  |    0    0    0    0  |    0    0    0    0  |    0    0    0    0  |    0    0    0    0  |    0    0    0    0  |    0    0    0    0  |    0    0    0    0  |    0    0    0    0  |    0    0    0    0  |    0    0    0    0  |    0    0    0    0  |    0    0  0xd    0  |    0    0  0x1    0  |    0    0  0x8    0  |    0    0    0    0  |    0    0    0    0  |    0    0    0    0  |    0    0    0    0  |    0    0    0    0  |    0    0    0    0  | 
   0    0    0    0  |    0    0    0    0  |    0    0    0    0  |    0    0    0    0  |    0    0    0    0  |    0    0    0    0  |    0    0    0    0  |    0    0    0    0  |    0    0    0    0  |    0    0    0    0  |    0    0    0    0  |    0    0    0    0  |    0    0    0    0  |    0    0    0    0  |    0    0    0    0  |    0    0    0    0  |    0    0    0    0  |    0    0    0    0  |    0    0    0    0  |    0    0    0    0  |    0    0    0    0  |    0    0    0    0  |    0    0    0    0  |    0    0    0    0  |    0    0    0    0  |    0    0    0    0  |    0    0    0    0  |    0    0    0    0  | 
   0    0    0    0  |    0    0    0    0  |    0    0    0    0  |    0    0    0    0  |    0    0    0    0  |    0    0    0    0  |    0    0    0    0  |    0    0    0    0  |    0    0    0    0  |    0    0    0    0  |    0    0    0    0  |    0    0    0    0  |    0    0    0    0  |    0    0    0    0  |    0    0    0    0  |    0    0    0    0  |    0    0    0    0  |    0    0    0    0  |    0    0    0    0  |    0    0    0    0  |    0    0    0    0  |    0    0    0    0  |    0    0    0    0  |    0    0    0    0  |    0    0    0    0  |    0    0    0    0  |    0    0    0    0  |    0    0    0    0  | 
------------------------
   0    0    0    0  |    0    0    0    0  |    0    0    0    0  |    0    0    0    0  |    0    0    0    0  |    0    0    0    0  |    0    0    0    0  |  0x1    0    0    0  |  0x1    0    0    0  |  0x8    0    0    0  |    0    0    0    0  |    0    0    0    0  |    0    0    0    0  |    0    0    0    0  |    0    0    0    0  |    0    0    0    0  |    0    0    0    0  |    0    0    0    0  |    0    0    0    0  |    0    0    0    0  |    0    0  0x4  0x8  |    0    0  0x2  0x1  |    0    0    0  0x3  |    0    0    0    0  |    0    0    0    0  |    0    0    0    0  |    0    0    0    0  |    0    0    0    0  | 
   0    0    0    0  |    0    0    0    0  |    0    0    0    0  |    0    0    0    0  |    0    0    0    0  |    0    0    0    0  |    0    0    0    0  |    0    0    0    0  |    0    0    0    0  |    0    0    0    0  |    0    0    0    0  |    0    0    0    0  |    0    0    0    0  |    0    0    0    0  |    0    0    0    0  |    0    0    0    0  |    0    0    0    0  |    0    0    0    0  |    0    0    0    0  |    0    0  0xc    0  |    0    0    0    0  |    0    0    0    0  |    0    0    0    0  |    0    0    0    0  |    0    0    0    0  |    0    0    0    0  |    0    0    0    0  |    0    0    0    0  | 
   0    0    0    0  |    0    0    0    0  |    0    0    0    0  |    0    0    0    0  |    0    0    0    0  |    0    0    0    0  |    0    0    0    0  |    0    0    0    0  |    0    0    0    0  |    0    0    0    0  |    0    0    0    0  |    0    0    0    0  |    0    0    0    0  |    0    0    0    0  |    0    0    0    0  |    0    0    0    0  |    0    0    0    0  |    0    0    0    0  |    0    0    0    0  |    0    0    0    0  |    0    0    0    0  |    0    0    0    0  |    0    0    0    0  |    0    0    0    0  |    0    0    0    0  |    0    0    0    0  |    0    0    0    0  |    0    0    0    0  | 
   0    0    0    0  |    0    0    0    0  |    0    0    0    0  |    0    0    0    0  |    0    0    0    0  |    0    0    0    0  |    0    0    0    0  |    0    0    0    0  |    0    0    0    0  |    0    0    0    0  |    0  0x8    0    0  |    0    0    0    0  |    0    0    0    0  |    0    0    0    0  |    0    0    0    0  |    0    0    0    0  |    0    0    0    0  |    0    0    0    0  |    0    0    0    0  |    0    0    0    0  |    0    0    0    0  |    0    0    0    0  |    0    0    0    0  |    0    0    0    0  |    0    0    0    0  |    0    0    0    0  |    0    0    0    0  |    0    0    0    0  | 
------------------------
   0    0    0    0  |    0    0    0    0  |    0    0    0    0  |    0    0    0    0  |    0    0    0    0  |    0    0    0    0  |    0    0    0    0  |    0    0    0    0  |    0    0    0    0  |    0    0    0    0  |    0    0    0    0  |    0    0    0    0  |    0    0    0    0  |    0    0    0    0  |    0    0    0    0  |    0    0    0    0  |    0    0    0    0  |    0    0    0    0  |    0    0    0    0  |    0    0    0    0  |    0    0  0x4  0x8  |    0    0  0x2  0x1  |    0    0    0  0x3  |    0    0    0    0  |    0    0    0    0  |    0    0    0    0  |    0    0    0    0  |    0    0    0    0  | 
   0    0    0    0  |    0    0    0    0  |    0    0    0    0  |    0    0    0    0  |    0    0    0    0  |    0    0    0    0  |    0    0    0    0  |    0    0    0    0  |    0    0    0    0  |    0    0    0    0  |    0    0    0    0  |    0    0    0    0  |    0    0    0    0  |    0    0    0    0  |    0    0    0    0  |    0    0    0    0  |    0    0    0    0  |    0    0    0    0  |    0    0    0    0  |    0    0  0xc    0  |    0    0    0    0  |    0    0    0    0  |    0    0    0    0  |    0    0    0    0  |    0    0    0    0  |    0    0    0    0  |    0    0    0    0  |    0    0    0    0  | 
   0    0    0    0  |    0    0    0    0  |    0    0    0    0  |    0    0    0    0  |    0    0  0x8    0  |    0    0    0    0  |    0    0    0    0  |    0    0    0    0  |    0    0    0    0  |    0    0    0    0  |    0    0    0    0  |    0    0    0    0  |    0    0    0    0  |    0    0    0    0  |    0    0    0    0  |    0    0    0    0  |    0    0    0    0  |    0    0    0    0  |    0    0    0    0  |    0    0    0    0  |    0    0    0    0  |    0    0    0    0  |    0    0    0    0  |    0    0    0    0  |    0    0    0    0  |    0    0    0    0  |    0    0    0    0  |    0    0    0    0  | 
   0    0    0    0  |    0  0x1    0    0  |    0  0x1    0    0  |    0  0x8    0    0  |    0    0    0    0  |    0    0    0    0  |    0    0    0    0  |    0    0    0    0  |    0    0    0    0  |    0    0    0    0  |    0    0    0    0  |    0    0    0    0  |    0    0    0    0  |    0    0    0    0  |    0    0    0    0  |    0    0    0    0  |    0    0    0    0  |    0    0    0    0  |    0    0    0    0  |    0    0    0    0  |    0    0    0    0  |    0    0    0    0  |    0    0    0    0  |    0    0    0    0  |    0    0    0    0  |    0    0    0    0  |    0    0    0    0  |    0    0    0    0  | 
------------------------
   0    0    0    0  |    0    0    0    0  |    0    0    0    0  |    0    0    0    0  |    0    0    0    0  |    0    0    0    0  |    0    0    0    0  |    0    0    0    0  |    0    0    0    0  |    0    0    0    0  |    0    0    0    0  |    0    0    0    0  |    0    0    0    0  |    0    0    0    0  |    0    0    0    0  |    0    0    0    0  |    0    0    0    0  |    0    0    0    0  |    0  0x8    0    0  |    0    0    0    0  |    0    0  0x4  0x8  |    0    0  0x2  0x1  |    0    0    0  0x3  |    0    0    0    0  |    0    0    0    0  |    0    0    0    0  |    0    0    0    0  |    0    0    0    0  | 
   0    0    0    0  |    0    0    0    0  |    0    0    0    0  |    0    0    0    0  |    0    0    0    0  |    0    0    0    0  |    0    0    0    0  |    0    0    0    0  |    0    0    0    0  |    0    0    0    0  |    0    0    0    0  |    0    0    0    0  |    0    0    0    0  |    0    0    0    0  |    0    0    0    0  |  0x1    0    0    0  |  0x1    0    0    0  |  0x8    0    0    0  |    0    0    0    0  |    0    0  0xc    0  |    0    0    0    0  |    0    0    0    0  |    0    0    0    0  |    0    0    0    0  |    0    0    0    0  |    0    0    0    0  |    0    0    0    0  |    0    0    0    0  | 
   0    0    0    0  |    0    0    0    0  |    0    0    0    0  |    0    0    0    0  |    0    0    0    0  |    0    0    0    0  |    0    0    0    0  |    0    0    0    0  |    0    0    0    0  |    0    0    0    0  |    0    0    0    0  |    0    0    0    0  |    0    0    0    0  |    0    0    0    0  |    0    0    0    0  |    0    0    0    0  |    0    0    0    0  |    0    0    0    0  |    0    0    0    0  |    0    0    0    0  |    0    0    0    0  |    0    0    0    0  |    0    0    0    0  |    0    0    0    0  |    0    0    0    0  |    0    0    0    0  |    0    0    0    0  |    0    0    0    0  | 
   0    0    0    0  |    0    0    0    0  |    0    0    0    0  |    0    0    0    0  |    0    0    0    0  |    0    0    0    0  |    0    0    0    0  |    0    0    0    0  |    0    0    0    0  |    0    0    0    0  |    0    0    0    0  |    0    0    0    0  |    0    0    0    0  |    0    0    0    0  |    0    0    0    0  |    0    0    0    0  |    0    0    0    0  |    0    0    0    0  |    0    0    0    0  |    0    0    0    0  |    0    0    0    0  |    0    0    0    0  |    0    0    0    0  |    0    0    0    0  |    0    0    0    0  |    0    0    0    0  |    0    0    0    0  |    0    0    0    0  | 
------------------------
   0    0    0    0  |    0    0    0    0  |    0    0    0    0  |    0    0    0    0  |    0    0    0    0  |    0    0    0    0  |    0    0    0    0  |    0    0    0    0  |    0    0    0    0  |    0    0    0    0  |    0    0    0    0  |    0    0    0    0  |    0    0    0    0  |    0    0    0    0  |    0    0    0    0  |    0    0    0    0  |    0    0    0    0  |    0    0    0    0  |    0    0    0    0  |    0    0    0    0  |    0    0  0xc  0x8  |    0    0  0x2  0x1  |    0    0    0  0x3  |    0    0    0    0  |    0    0    0    0  |    0    0    0    0  |    0    0    0    0  |    0    0    0    0  | 
   0    0    0    0  |    0    0    0    0  |    0    0    0    0  |    0    0    0    0  |    0    0    0    0  |    0    0    0    0  |    0    0    0    0  |    0    0    0    0  |    0    0    0    0  |    0    0    0    0  |    0    0    0    0  |    0    0    0    0  |    0    0    0    0  |    0    0    0    0  |    0    0    0    0  |    0    0    0    0  |    0    0    0    0  |    0  0x1    0    0  |    0  0x1    0    0  |    0  0x8  0xc    0  |    0    0    0    0  |    0    0    0    0  |    0    0    0    0  |    0    0    0    0  |    0    0    0    0  |    0    0    0    0  |    0    0    0    0  |    0    0    0    0  | 
   0    0    0    0  |    0    0    0    0  |    0    0    0    0  |    0    0    0    0  |    0    0    0    0  |    0    0    0    0  |    0    0    0    0  |    0    0    0    0  |    0    0    0    0  |    0    0    0    0  |    0    0    0    0  |    0    0    0    0  |    0    0    0    0  |    0    0    0    0  |    0    0    0    0  |    0    0    0    0  |    0    0    0    0  |    0    0    0    0  |    0    0    0    0  |    0    0    0    0  |    0    0    0    0  |    0    0    0    0  |    0    0    0    0  |    0    0    0    0  |    0    0    0    0  |    0    0    0    0  |    0    0    0    0  |    0    0    0    0  | 
   0    0    0    0  |    0    0    0    0  |    0    0    0    0  |    0    0    0    0  |    0    0    0    0  |    0    0    0    0  |    0    0    0    0  |    0    0    0    0  |    0    0    0    0  |    0    0    0    0  |    0    0    0    0  |    0    0    0    0  |    0    0    0    0  |    0    0    0    0  |    0    0    0    0  |    0    0    0    0  |    0    0    0    0  |    0    0    0    0  |    0    0    0    0  |    0    0    0    0  |    0    0    0    0  |    0    0    0    0  |    0    0    0    0  |    0    0    0    0  |    0    0    0    0  |    0    0    0    0  |    0    0    0    0  |    0    0    0    0  | 
------------------------
   0    0    0    0  |    0    0    0    0  |    0    0    0    0  |    0    0    0    0  |    0    0    0    0  |    0    0    0    0  |    0    0    0    0  |    0    0    0    0  |    0    0    0    0  |    0    0    0    0  |    0    0    0    0  |    0    0    0    0  |    0    0    0    0  |    0    0    0    0  |    0    0    0    0  |    0    0    0    0  |    0    0    0    0  |    0    0    0    0  |    0  0x4    0    0  |    0  0x2    0    0  |    0    0  0x6    0  |    0    0  0x8  0x4  |    0    0    0    0  |    0    0    0  0x4  |    0    0    0    0  |    0    0    0    0  |  0x2    0    0    0  |    0    0    0    0  | 
   0    0    0    0  |    0    0    0    0  |    0    0    0    0  |    0    0    0    0  |    0    0    0    0  |    0    0    0    0  |    0    0    0    0  |    0    0    0    0  |    0    0    0    0  |    0    0    0    0  |    0    0    0    0  |    0    0    0    0  |    0    0    0    0  |    0    0    0    0  |    0    0    0    0  |    0    0    0    0  |    0    0    0    0  |    0  0x6    0    0  |    0    0  0x2    0  |    0    0  0x4    0  |    0    0    0    0  |    0    0    0    0  |    0    0    0    0  |    0    0    0    0  |    0    0    0    0  |    0    0    0    0  |    0    0    0    0  |    0    0    0    0  | 
   0    0    0    0  |    0    0    0    0  |    0    0    0    0  |    0    0    0    0  |    0    0    0    0  |    0    0    0    0  |    0    0    0    0  |    0    0    0    0  |    0    0    0    0  |    0    0    0    0  |    0    0    0    0  |    0    0    0    0  |    0    0    0    0  |    0    0    0    0  |    0    0    0    0  |    0    0    0    0  |    0    0    0    0  |    0    0    0    0  |    0    0    0    0  |    0    0    0    0  |    0    0    0    0  |    0    0    0    0  |    0    0    0    0  |    0    0    0    0  |    0    0    0    0  |    0    0    0    0  |    0    0    0    0  |    0    0    0    0  | 
   0    0    0    0  |    0    0    0    0  |    0    0    0    0  |    0    0    0    0  |    0    0    0    0  |    0    0    0    0  |    0    0    0    0  |    0    0    0    0  |    0    0    0    0  |    0    0    0    0  |    0    0    0    0  |    0    0    0    0  |    0    0    0    0  |    0    0    0    0  |    0    0    0    0  |    0    0    0    0  |    0    0    0    0  |    0    0    0    0  |    0    0    0    0  |    0    0    0    0  |    0    0    0    0  |    0    0    0    0  |    0    0    0  0xc  |    0    0    0  0x1  |    0    0    0  0x5  |    0    0    0  0x2  |    0    0    0    0  |    0    0    0    0  | 
------------------------
   0    0    0    0  |    0    0    0    0  |    0    0    0    0  |    0    0    0    0  |    0    0    0    0  |    0    0    0    0  |    0    0    0    0  |    0    0    0    0  |    0    0    0    0  |    0    0    0    0  |    0    0    0    0  |    0    0    0    0  |    0    0    0    0  |    0    0    0    0  |    0    0    0    0  |    0    0    0    0  |    0    0    0    0  |    0    0    0    0  |    0  0x4    0    0  |    0  0x2    0    0  |    0    0  0x2  0x8  |    0    0  0xa  0x5  |    0    0    0  0x3  |    0    0    0  0x4  |    0    0    0    0  |    0    0    0    0  |  0x2    0    0    0  |    0    0    0    0  | 
   0    0    0    0  |    0    0    0    0  |    0    0    0    0  |    0    0    0    0  |    0    0    0    0  |    0    0    0    0  |    0    0    0    0  |    0    0    0    0  |    0    0    0    0  |    0    0    0    0  |    0    0    0    0  |    0    0    0    0  |    0    0    0    0  |    0    0    0    0  |    0    0    0    0  |    0    0    0    0  |    0    0    0    0  |    0  0x6    0    0  |    0    0  0x2    0  |    0    0  0x8    0  |    0    0    0    0  |    0    0    0    0  |    0    0    0    0  |    0    0    0    0  |    0    0    0    0  |    0    0    0    0  |    0    0    0    0  |    0    0    0    0  | 
   0    0    0    0  |    0    0    0    0  |    0    0    0    0  |    0    0    0    0  |    0    0    0    0  |    0    0    0    0  |    0    0    0    0  |    0    0    0    0  |    0    0    0    0  |    0    0    0    0  |    0    0    0    0  |    0    0    0    0  |    0    0    0    0  |    0    0    0    0  |    0    0    0    0  |    0    0    0    0  |    0    0    0    0  |    0    0    0    0  |    0    0    0    0  |    0    0    0    0  |    0    0    0    0  |    0    0    0    0  |    0    0    0    0  |    0    0    0    0  |    0    0    0    0  |    0    0    0    0  |    0    0    0    0  |    0    0    0    0  | 
   0    0    0    0  |    0    0    0    0  |    0    0    0    0  |    0    0    0    0  |    0    0    0    0  |    0    0    0    0  |    0    0    0    0  |    0    0    0    0  |    0    0    0    0  |    0    0    0    0  |    0    0    0    0  |    0    0    0    0  |    0    0    0    0  |    0    0    0    0  |    0    0    0    0  |    0    0    0    0  |    0    0    0    0  |    0    0    0    0  |    0    0    0    0  |    0    0    0    0  |    0    0    0    0  |    0    0    0    0  |    0    0    0  0xc  |    0    0    0  0x1  |    0    0    0  0x5  |    0    0    0  0x2  |    0    0    0    0  |    0    0    0    0  | 
------------------------
   0    0    0    0  |    0    0    0    0  |    0    0    0    0  |    0    0    0    0  |    0    0    0    0  |    0    0    0    0  |    0    0    0    0  |    0    0    0    0  |    0    0    0    0  |    0    0    0    0  |    0    0    0    0  |    0    0    0    0  |    0    0    0    0  |    0    0    0    0  |    0    0    0    0  |    0    0    0    0  |    0    0    0    0  |    0    0    0    0  |    0  0x4    0    0  |    0  0x2    0    0  |    0    0  0x6    0  |    0    0  0x8    0  |    0    0    0    0  |    0    0    0  0x4  |  0x2    0    0    0  |    0    0    0    0  |  0x2    0    0    0  |    0    0    0    0  | 
   0    0    0    0  |    0    0    0    0  |    0    0    0    0  |    0    0    0    0  |    0    0    0    0  |    0    0    0    0  |    0    0    0    0  |    0    0    0    0  |    0    0    0    0  |    0    0    0    0  |    0    0    0    0  |    0    0    0    0  |    0    0    0    0  |    0    0    0    0  |    0    0    0    0  |    0    0    0    0  |    0    0    0    0  |    0  0x6    0    0  |    0    0  0x2    0  |    0    0  0x4    0  |    0    0    0    0  |    0    0    0    0  |    0    0    0    0  |    0    0    0    0  |    0    0    0    0  |    0    0    0    0  |    0    0    0    0  |    0    0    0    0  | 
   0    0    0    0  |    0    0    0    0  |    0    0    0    0  |    0    0    0    0  |    0    0    0    0  |    0    0    0    0  |    0    0    0    0  |    0    0    0    0  |    0    0    0    0  |    0    0    0    0  |    0    0    0    0  |    0    0    0    0  |    0    0    0    0  |    0    0    0    0  |    0    0    0    0  |    0    0    0    0  |    0    0    0    0  |    0    0    0    0  |    0    0    0    0  |    0    0    0    0  |    0    0    0    0  |    0    0    0    0  |    0    0    0    0  |    0    0    0    0  |    0    0    0    0  |    0    0    0    0  |    0    0    0    0  |    0    0    0    0  | 
   0    0    0    0  |    0    0    0    0  |    0    0    0    0  |    0    0    0    0  |    0    0    0    0  |    0    0    0    0  |    0    0    0    0  |    0    0    0    0  |    0    0    0    0  |    0    0    0    0  |    0    0    0    0  |    0    0    0    0  |    0    0    0    0  |    0    0    0    0  |    0    0    0    0  |    0    0    0    0  |    0    0    0    0  |    0    0    0    0  |    0    0    0    0  |    0    0    0    0  |    0    0    0    0  |    0    0    0    0  |    0    0    0  0x8  |    0    0    0  0x3  |    0    0    0  0x5  |    0    0    0  0x2  |    0    0    0    0  |    0    0    0    0  | 
------------------------
   0    0    0    0  |    0    0    0    0  |    0    0    0    0  |    0    0    0    0  |    0    0    0    0  |    0    0    0    0  |    0    0    0    0  |    0    0    0    0  |    0    0    0    0  |    0    0    0    0  |    0    0    0    0  |    0    0    0    0  |    0    0    0    0  |    0    0    0    0  |    0    0    0    0  |    0    0    0    0  |    0    0    0    0  |    0    0    0    0  |    0  0x4    0    0  |    0  0x2    0    0  |    0    0  0x2  0x8  |    0    0  0xa  0x1  |    0    0    0  0x3  |    0    0    0  0x4  |  0x2    0    0    0  |    0    0    0    0  |  0x2    0    0    0  |    0    0    0    0  | 
   0    0    0    0  |    0    0    0    0  |    0    0    0    0  |    0    0    0    0  |    0    0    0    0  |    0    0    0    0  |    0    0    0    0  |    0    0    0    0  |    0    0    0    0  |    0    0    0    0  |    0    0    0    0  |    0    0    0    0  |    0    0    0    0  |    0    0    0    0  |    0    0    0    0  |    0    0    0    0  |    0    0    0    0  |    0  0x6    0    0  |    0    0  0x2    0  |    0    0  0x8    0  |    0    0    0    0  |    0    0    0    0  |    0    0    0    0  |    0    0    0    0  |    0    0    0    0  |    0    0    0    0  |    0    0    0    0  |    0    0    0    0  | 
   0    0    0    0  |    0    0    0    0  |    0    0    0    0  |    0    0    0    0  |    0    0    0    0  |    0    0    0    0  |    0    0    0    0  |    0    0    0    0  |    0    0    0    0  |    0    0    0    0  |    0    0    0    0  |    0    0    0    0  |    0    0    0    0  |    0    0    0    0  |    0    0    0    0  |    0    0    0    0  |    0    0    0    0  |    0    0    0    0  |    0    0    0    0  |    0    0    0    0  |    0    0    0    0  |    0    0    0    0  |    0    0    0    0  |    0    0    0    0  |    0    0    0    0  |    0    0    0    0  |    0    0    0    0  |    0    0    0    0  | 
   0    0    0    0  |    0    0    0    0  |    0    0    0    0  |    0    0    0    0  |    0    0    0    0  |    0    0    0    0  |    0    0    0    0  |    0    0    0    0  |    0    0    0    0  |    0    0    0    0  |    0    0    0    0  |    0    0    0    0  |    0    0    0    0  |    0    0    0    0  |    0    0    0    0  |    0    0    0    0  |    0    0    0    0  |    0    0    0    0  |    0    0    0    0  |    0    0    0    0  |    0    0    0    0  |    0    0    0    0  |    0    0    0  0x8  |    0    0    0  0x3  |    0    0    0  0x5  |    0    0    0  0x2  |    0    0    0    0  |    0    0    0    0  | 
------------------------
   0    0    0    0  |    0    0    0    0  |    0    0    0    0  |    0    0    0    0  |    0    0    0    0  |    0    0    0    0  |    0    0    0    0  |    0    0    0    0  |    0    0    0    0  |    0    0    0    0  |    0    0    0    0  |    0    0    0    0  |    0    0    0    0  |    0    0    0  0x8  |  0x8    0    0    0  |  0x3    0    0    0  |  0x1  0xa    0    0  |    0  0x3    0    0  |    0  0x1  0xa    0  |    0    0  0x3    0  |    0    0  0x1  0x2  |    0    0    0    0  |    0    0    0    0  |    0    0    0    0  |    0    0    0    0  |    0    0    0    0  |    0    0    0    0  |    0    0    0    0  | 
   0    0    0    0  |    0    0    0    0  |    0    0    0    0  |    0    0    0    0  |    0    0    0    0  |    0    0    0    0  |    0    0    0    0  |    0    0    0    0  |    0    0    0    0  |    0    0    0    0  |    0    0    0    0  |    0    0    0    0  |    0    0    0    0  |    0    0    0    0  |    0    0    0    0  |  0x8    0    0    0  |    0    0    0    0  |    0  0x8    0    0  |    0    0    0    0  |    0    0    0    0  |    0    0    0    0  |    0    0    0    0  |    0    0    0    0  |    0    0    0    0  |    0    0    0    0  |    0    0    0    0  |    0    0    0    0  |    0    0    0    0  | 
   0    0    0    0  |    0    0    0    0  |    0    0    0    0  |    0    0    0    0  |    0    0    0    0  |    0    0    0    0  |    0    0    0    0  |    0    0    0    0  |    0    0    0    0  |    0    0    0    0  |    0    0    0    0  |    0    0    0    0  |    0    0    0    0  |    0    0    0    0  |    0    0    0    0  |    0    0    0    0  |    0    0    0    0  |    0    0    0    0  |    0    0    0    0  |    0    0    0    0  |    0    0    0    0  |    0    0    0    0  |    0    0    0    0  |    0    0    0    0  |    0    0    0    0  |    0    0    0    0  |    0    0    0    0  |    0    0    0    0  | 
   0    0    0    0  |    0    0    0    0  |    0    0    0    0  |    0    0    0    0  |    0    0    0    0  |    0    0    0    0  |    0    0    0    0  |    0    0    0    0  |    0    0    0    0  |    0    0    0    0  |    0    0    0    0  |    0    0    0    0  |    0    0    0    0  |    0    0    0    0  |    0    0    0    0  |    0    0    0    0  |    0    0    0    0  |    0    0    0    0  |    0    0    0    0  |    0    0    0    0  |    0    0    0    0  |    0    0    0    0  |    0    0    0    0  |    0    0    0    0  |    0    0    0    0  |    0    0    0    0  |    0    0    0    0  |    0    0    0    0  | 
------------------------
   0    0    0    0  |    0    0    0    0  |    0    0    0    0  |    0    0    0    0  |    0    0    0    0  |    0    0    0    0  |    0    0    0    0  |    0    0    0    0  |    0    0    0    0  |    0    0    0    0  |    0    0    0    0  |    0    0    0    0  |    0    0    0    0  |    0    0    0  0x8  |  0x8    0    0    0  |  0x3    0    0    0  |  0x1  0xa    0    0  |    0  0x3    0    0  |    0  0x1  0xa    0  |    0    0  0x3    0  |    0    0  0x5  0xa  |    0    0  0x2  0x1  |    0    0    0  0x3  |    0    0    0    0  |    0    0    0    0  |    0    0    0    0  |    0    0    0    0  |    0    0    0    0  | 
   0    0    0    0  |    0    0    0    0  |    0    0    0    0  |    0    0    0    0  |    0    0    0    0  |    0    0    0    0  |    0    0    0    0  |    0    0    0    0  |    0    0    0    0  |    0    0    0    0  |    0    0    0    0  |    0    0    0    0  |    0    0    0    0  |    0    0    0    0  |    0    0    0    0  |  0x8    0    0    0  |    0    0    0    0  |    0  0x8    0    0  |    0    0    0    0  |    0    0  0xc    0  |    0    0    0    0  |    0    0    0    0  |    0    0    0    0  |    0    0    0    0  |    0    0    0    0  |    0    0    0    0  |    0    0    0    0  |    0    0    0    0  | 
   0    0    0    0  |    0    0    0    0  |    0    0    0    0  |    0    0    0    0  |    0    0    0    0  |    0    0    0    0  |    0    0    0    0  |    0    0    0    0  |    0    0    0    0  |    0    0    0    0  |    0    0    0    0  |    0    0    0    0  |    0    0    0    0  |    0    0    0    0  |    0    0    0    0  |    0    0    0    0  |    0    0    0    0  |    0    0    0    0  |    0    0    0    0  |    0    0    0    0  |    0    0    0    0  |    0    0    0    0  |    0    0    0    0  |    0    0    0    0  |    0    0    0    0  |    0    0    0    0  |    0    0    0    0  |    0    0    0    0  | 
   0    0    0    0  |    0    0    0    0  |    0    0    0    0  |    0    0    0    0  |    0    0    0    0  |    0    0    0    0  |    0    0    0    0  |    0    0    0    0  |    0    0    0    0  |    0    0    0    0  |    0    0    0    0  |    0    0    0    0  |    0    0    0    0  |    0    0    0    0  |    0    0    0    0  |    0    0    0    0  |    0    0    0    0  |    0    0    0    0  |    0    0    0    0  |    0    0    0    0  |    0    0    0    0  |    0    0    0    0  |    0    0    0    0  |    0    0    0    0  |    0    0    0    0  |    0    0    0    0  |    0    0    0    0  |    0    0    0    0  | 
------------------------
   0    0    0    0  |    0    0    0    0  |    0    0    0    0  |    0    0    0    0  |    0    0    0    0  |    0    0    0    0  |    0    0    0    0  |    0    0    0    0  |    0    0    0    0  |    0    0    0    0  |    0    0    0    0  |    0    0    0    0  |    0    0    0    0  |    0    0    0  0x1  |    0    0    0  0x1  |    0    0    0  0x8  |  0x8    0    0    0  |    0    0    0    0  |    0    0  0x8    0  |    0    0  0x3    0  |    0    0  0x1  0x2  |    0    0    0    0  |    0    0    0    0  |    0    0    0    0  |    0    0    0    0  |    0    0    0    0  |    0    0    0    0  |    0    0    0    0  | 
   0    0    0    0  |    0    0    0    0  |    0    0    0    0  |    0    0    0    0  |    0    0    0    0  |    0    0    0    0  |    0    0    0    0  |    0    0    0    0  |    0    0    0    0  |    0    0    0    0  |    0    0    0    0  |    0    0    0    0  |    0    0    0    0  |    0    0    0    0  |    0    0    0    0  |    0    0    0    0  |    0    0    0    0  |    0  0x8    0    0  |    0    0    0    0  |    0    0    0    0  |    0    0    0    0  |    0    0    0    0  |    0    0    0    0  |    0    0    0    0  |    0    0    0    0  |    0    0    0    0  |    0    0    0    0  |    0    0    0    0  | 
   0    0    0    0  |    0    0    0    0  |    0    0    0    0  |    0    0    0    0  |    0    0    0    0  |    0    0    0    0  |    0    0    0    0  |    0    0    0    0  |    0    0    0    0  |    0    0    0    0  |    0    0    0    0  |    0    0    0    0  |    0    0    0    0  |    0    0    0    0  |    0    0    0    0  |    0    0    0    0  |    0    0    0    0  |    0    0    0    0  |    0    0    0    0  |    0    0    0    0  |    0    0    0    0  |    0    0    0    0  |    0    0    0    0  |    0    0    0    0  |    0    0    0    0  |    0    0    0    0  |    0    0    0    0  |    0    0    0    0  | 
   0    0    0    0  |    0    0    0    0  |    0    0    0    0  |    0    0    0    0  |    0    0    0    0  |    0    0    0    0  |    0    0    0    0  |    0    0    0    0  |    0    0    0    0  |    0    0    0    0  |    0    0    0    0  |    0    0    0    0  |    0    0    0    0  |    0    0    0    0  |    0    0    0    0  |    0    0    0    0  |    0    0    0    0  |    0    0    0    0  |    0    0    0    0  |    0    0    0    0  |    0    0    0    0  |    0    0    0    0  |    0    0    0    0  |    0    0    0    0  |    0    0    0    0  |    0    0    0    0  |    0    0    0    0  |    0    0    0    0  | 
------------------------
   0    0    0    0  |    0    0    0    0  |    0    0    0    0  |    0    0    0    0  |    0    0    0    0  |    0    0    0    0  |    0    0    0    0  |    0    0    0    0  |    0    0    0    0  |    0    0    0    0  |    0    0    0    0  |    0    0  0x1    0  |    0    0  0x1    0  |    0    0  0x8    0  |    0    0    0    0  |    0    0    0    0  |    0    0    0    0  |    0    0    0    0  |    0    0  0x8    0  |    0    0  0x3    0  |    0    0  0x1  0x2  |    0    0    0    0  |    0    0    0    0  |    0    0    0    0  |    0    0    0    0  |    0    0    0    0  |    0    0    0    0  |    0    0    0    0  | 
   0    0    0    0  |    0    0    0    0  |    0    0    0    0  |    0    0    0    0  |    0    0    0    0  |    0    0    0    0  |    0    0    0    0  |    0    0    0    0  |    0    0    0    0  |    0    0    0    0  |    0    0    0    0  |    0    0    0    0  |    0    0    0    0  |    0    0    0    0  |    0    0    0    0  |    0    0    0    0  |    0    0    0    0  |    0  0x8    0    0  |    0    0    0    0  |    0    0    0    0  |    0    0    0    0  |    0    0    0    0  |    0    0    0    0  |    0    0    0    0  |    0    0    0    0  |    0    0    0    0  |    0    0    0    0  |    0    0    0    0  | 
   0    0    0    0  |    0    0    0    0  |    0    0    0    0  |    0    0    0    0  |    0    0    0    0  |    0    0    0    0  |    0    0    0    0  |    0    0    0    0  |    0    0    0    0  |    0    0    0    0  |    0    0    0    0  |    0    0    0    0  |    0    0    0    0  |    0    0    0    0  |    0    0    0    0  |    0    0    0    0  |    0    0    0    0  |    0    0    0    0  |    0    0    0    0  |    0    0    0    0  |    0    0    0    0  |    0    0    0    0  |    0    0    0    0  |    0    0    0    0  |    0    0    0    0  |    0    0    0    0  |    0    0    0    0  |    0    0    0    0  | 
   0    0    0    0  |    0    0    0    0  |    0    0    0    0  |    0    0    0    0  |    0    0    0    0  |    0    0    0    0  |    0    0    0    0  |    0    0    0    0  |    0    0    0    0  |    0    0    0    0  |    0    0    0    0  |    0    0    0    0  |    0    0    0    0  |    0    0    0    0  |    0    0    0  0x8  |    0    0    0    0  |    0    0    0    0  |    0    0    0    0  |    0    0    0    0  |    0    0    0    0  |    0    0    0    0  |    0    0    0    0  |    0    0    0    0  |    0    0    0    0  |    0    0    0    0  |    0    0    0    0  |    0    0    0    0  |    0    0    0    0  | 
------------------------
   0    0    0    0  |    0    0    0    0  |    0    0    0    0  |    0    0    0    0  |    0    0    0    0  |    0    0    0    0  |    0    0    0    0  |    0    0    0    0  |    0    0    0    0  |    0    0    0    0  |    0    0    0    0  |    0    0  0x1    0  |    0    0  0x1    0  |    0    0  0x8    0  |    0    0    0    0  |    0    0    0    0  |    0    0    0    0  |    0    0    0    0  |    0    0  0x8    0  |    0    0  0x3    0  |    0    0  0x5  0xa  |    0    0  0x2  0x1  |    0    0    0  0x3  |    0    0    0    0  |    0    0    0    0  |    0    0    0    0  |    0    0    0    0  |    0    0    0    0  | 
   0    0    0    0  |    0    0    0    0  |    0    0    0    0  |    0    0    0    0  |    0    0    0    0  |    0    0    0    0  |    0    0    0    0  |    0    0    0    0  |    0    0    0    0  |    0    0    0    0  |    0    0    0    0  |    0    0    0    0  |    0    0    0    0  |    0    0    0    0  |    0    0    0    0  |    0    0    0    0  |    0    0    0    0  |    0  0x8    0    0  |    0    0    0    0  |    0    0  0xc    0  |    0    0    0    0  |    0    0    0    0  |    0    0    0    0  |    0    0    0    0  |    0    0    0    0  |    0    0    0    0  |    0    0    0    0  |    0    0    0    0  | 
   0    0    0    0  |    0    0    0    0  |    0    0    0    0  |    0    0    0    0  |    0    0    0    0  |    0    0    0    0  |    0    0    0    0  |    0    0    0    0  |    0    0    0    0  |    0    0    0    0  |    0    0    0    0  |    0    0    0    0  |    0    0    0    0  |    0    0    0    0  |    0    0    0    0  |    0    0    0    0  |    0    0    0    0  |    0    0    0    0  |    0    0    0    0  |    0    0    0    0  |    0    0    0    0  |    0    0    0    0  |    0    0    0    0  |    0    0    0    0  |    0    0    0    0  |    0    0    0    0  |    0    0    0    0  |    0    0    0    0  | 
   0    0    0    0  |    0    0    0    0  |    0    0    0    0  |    0    0    0    0  |    0    0    0    0  |    0    0    0    0  |    0    0    0    0  |    0    0    0    0  |    0    0    0    0  |    0    0    0    0  |    0    0    0    0  |    0    0    0    0  |    0    0    0    0  |    0    0    0    0  |    0    0    0  0x8  |    0    0    0    0  |    0    0    0    0  |    0    0    0    0  |    0    0    0    0  |    0    0    0    0  |    0    0    0    0  |    0    0    0    0  |    0    0    0    0  |    0    0    0    0  |    0    0    0    0  |    0    0    0    0  |    0    0    0    0  |    0    0    0    0  | 
------------------------
   0    0    0    0  |    0    0    0    0  |    0    0    0    0  |    0    0    0    0  |    0    0    0    0  |    0    0    0    0  |    0    0    0    0  |    0    0    0    0  |    0    0    0    0  |    0    0    0    0  |    0    0    0    0  |    0    0    0    0  |    0    0    0    0  |    0    0    0    0  |    0    0    0    0  |    0    0    0    0  |    0    0    0    0  |    0    0    0    0  |    0    0  0x8    0  |    0    0  0x3    0  |    0    0  0x1  0x2  |    0    0    0    0  |    0    0    0    0  |    0    0    0    0  |    0    0    0    0  |    0    0    0    0  |    0    0    0    0  |    0    0    0    0  | 
   0    0    0    0  |    0    0    0    0  |    0    0    0    0  |    0    0    0    0  |    0    0    0    0  |    0    0    0    0  |    0    0    0    0  |    0    0    0    0  |    0    0    0    0  |    0    0    0    0  |    0    0    0    0  |    0    0    0    0  |    0    0    0    0  |    0    0    0    0  |    0    0    0    0  |    0    0    0    0  |    0    0    0    0  |    0  0x8    0    0  |    0    0    0    0  |    0    0    0    0  |    0    0    0    0  |    0    0    0    0  |    0    0    0    0  |    0    0    0    0  |    0    0    0    0  |    0    0    0    0  |    0    0    0    0  |    0    0    0    0  | 
   0    0    0    0  |    0    0    0    0  |    0    0    0    0  |    0    0    0    0  |    0    0    0    0  |    0    0    0    0  |    0    0    0  0x8  |    0    0    0    0  |    0    0    0    0  |    0    0    0    0  |    0    0    0    0  |    0    0    0    0  |    0    0    0    0  |    0    0    0    0  |    0    0    0    0  |    0    0    0    0  |    0    0    0    0  |    0    0    0    0  |    0    0    0    0  |    0    0    0    0  |    0    0    0    0  |    0    0    0    0  |    0    0    0    0  |    0    0    0    0  |    0    0    0    0  |    0    0    0    0  |    0    0    0    0  |    0    0    0    0  | 
   0    0    0    0  |    0    0    0    0  |    0    0    0    0  |    0    0  0x1    0  |    0    0  0x1    0  |    0    0  0x8    0  |    0    0    0    0  |    0    0    0    0  |    0    0    0    0  |    0    0    0    0  |    0    0    0    0  |    0    0    0    0  |    0    0    0    0  |    0    0    0    0  |    0    0    0    0  |    0    0    0    0  |    0    0    0    0  |    0    0    0    0  |    0    0    0    0  |    0    0    0    0  |    0    0    0    0  |    0    0    0    0  |    0    0    0    0  |    0    0    0    0  |    0    0    0    0  |    0    0    0    0  |    0    0    0    0  |    0    0    0    0  | 
------------------------
   0    0    0    0  |    0    0    0    0  |    0    0    0    0  |    0    0    0    0  |    0    0    0    0  |    0    0    0    0  |    0    0    0    0  |    0    0    0    0  |    0    0    0    0  |    0    0    0    0  |    0    0    0    0  |    0    0    0    0  |    0    0    0    0  |    0    0    0    0  |    0    0    0    0  |    0    0    0    0  |    0    0    0    0  |    0    0    0    0  |    0    0  0x8    0  |    0    0  0x3    0  |    0    0  0x5  0xa  |    0    0  0x2  0x1  |    0    0    0  0x3  |    0    0    0    0  |    0    0    0    0  |    0    0    0    0  |    0    0    0    0  |    0    0    0    0  | 
   0    0    0    0  |    0    0    0    0  |    0    0    0    0  |    0    0    0    0  |    0    0    0    0  |    0    0    0    0  |    0    0    0    0  |    0    0    0    0  |    0    0    0    0  |    0    0    0    0  |    0    0    0    0  |    0    0    0    0  |    0    0    0    0  |    0    0    0    0  |    0    0    0    0  |    0    0    0    0  |    0    0    0    0  |    0  0x8    0    0  |    0    0    0    0  |    0    0  0xc    0  |    0    0    0    0  |    0    0    0    0  |    0    0    0    0  |    0    0    0    0  |    0    0    0    0  |    0    0    0    0  |    0    0    0    0  |    0    0    0    0  | 
   0    0    0    0  |    0    0    0    0  |    0    0    0    0  |    0    0    0    0  |    0    0    0    0  |    0    0    0    0  |    0    0    0  0x8  |    0    0    0    0  |    0    0    0    0  |    0    0    0    0  |    0    0    0    0  |    0    0    0    0  |    0    0    0    0  |    0    0    0    0  |    0    0    0    0  |    0    0    0    0  |    0    0    0    0  |    0    0    0    0  |    0    0    0    0  |    0    0    0    0  |    0    0    0    0  |    0    0    0    0  |    0    0    0    0  |    0    0    0    0  |    0    0    0    0  |    0    0    0    0  |    0    0    0    0  |    0    0    0    0  | 
   0    0    0    0  |    0    0    0    0  |    0    0    0    0  |    0    0  0x1    0  |    0    0  0x1    0  |    0    0  0x8    0  |    0    0    0    0  |    0    0    0    0  |    0    0    0    0  |    0    0    0    0  |    0    0    0    0  |    0    0    0    0  |    0    0    0    0  |    0    0    0    0  |    0    0    0    0  |    0    0    0    0  |    0    0    0    0  |    0    0    0    0  |    0    0    0    0  |    0    0    0    0  |    0    0    0    0  |    0    0    0    0  |    0    0    0    0  |    0    0    0    0  |    0    0    0    0  |    0    0    0    0  |    0    0    0    0  |    0    0    0    0  | 
------------------------
   0    0    0    0  |    0    0    0    0  |    0    0    0    0  |    0    0    0    0  |    0    0    0    0  |    0    0    0    0  |    0    0    0    0  |    0    0    0    0  |    0    0    0    0  |    0    0    0    0  |    0    0    0    0  |    0    0    0    0  |    0    0    0    0  |    0    0    0    0  |    0    0    0    0  |    0    0    0    0  |    0    0    0    0  |    0    0    0    0  |    0    0  0x8    0  |    0    0  0x3    0  |    0    0  0x1  0x2  |    0    0    0    0  |    0    0    0    0  |    0    0    0    0  |    0    0    0    0  |    0    0    0    0  |    0    0    0    0  |    0    0    0    0  | 
   0    0    0    0  |    0    0    0    0  |    0    0    0    0  |    0    0    0    0  |    0    0    0    0  |    0    0    0    0  |    0    0    0    0  |    0    0    0    0  |    0    0    0    0  |    0    0    0    0  |    0    0    0    0  |    0    0    0    0  |    0    0    0    0  |    0    0    0    0  |    0    0    0    0  |    0    0    0    0  |    0    0    0    0  |    0  0x8    0    0  |    0    0    0    0  |    0    0    0    0  |    0    0    0    0  |    0    0    0    0  |    0    0    0    0  |    0    0    0    0  |    0    0    0    0  |    0    0    0    0  |    0    0    0    0  |    0    0    0    0  | 
   0    0    0    0  |    0    0    0    0  |    0    0    0    0  |    0    0    0    0  |    0    0    0    0  |    0    0    0    0  |    0    0    0    0  |    0    0    0    0  |    0    0    0    0  |    0    0    0    0  |    0    0    0    0  |    0    0    0    0  |    0    0    0    0  |    0    0    0    0  |    0    0    0    0  |    0    0    0    0  |    0    0    0    0  |    0    0    0    0  |    0    0    0    0  |    0    0    0    0  |    0    0    0    0  |    0    0    0    0  |    0    0    0    0  |    0    0    0    0  |    0    0    0    0  |    0    0    0    0  |    0    0    0    0  |    0    0    0    0  | 
   0    0    0    0  |    0    0    0    0  |    0    0    0    0  |    0    0    0    0  |    0    0    0    0  |    0    0    0  0x1  |    0    0    0  0x1  |    0    0    0  0x8  |  0x8    0    0    0  |    0    0    0    0  |    0    0    0    0  |    0    0    0    0  |    0    0    0    0  |    0    0    0    0  |    0    0    0    0  |    0    0    0    0  |    0    0    0    0  |    0    0    0    0  |    0    0    0    0  |    0    0    0    0  |    0    0    0    0  |    0    0    0    0  |    0    0    0    0  |    0    0    0    0  |    0    0    0    0  |    0    0    0    0  |    0    0    0    0  |    0    0    0    0  | 
------------------------
   0    0    0    0  |    0    0    0    0  |    0    0    0    0  |    0    0    0    0  |    0    0    0    0  |    0    0    0    0  |    0    0    0    0  |    0    0    0    0  |    0    0    0    0  |    0    0    0    0  |    0    0    0    0  |    0    0    0    0  |    0    0    0    0  |    0    0    0    0  |    0    0    0    0  |    0    0    0    0  |    0    0    0    0  |    0    0    0    0  |    0    0  0x8    0  |    0    0  0x3    0  |    0    0  0x5  0xa  |    0    0  0x2  0x1  |    0    0    0  0x3  |    0    0    0    0  |    0    0    0    0  |    0    0    0    0  |    0    0    0    0  |    0    0    0    0  | 
   0    0    0    0  |    0    0    0    0  |    0    0    0    0  |    0    0    0    0  |    0    0    0    0  |    0    0    0    0  |    0    0    0    0  |    0    0    0    0  |    0    0    0    0  |    0    0    0    0  |    0    0    0    0  |    0    0    0    0  |    0    0    0    0  |    0    0    0    0  |    0    0    0    0  |    0    0    0    0  |    0    0    0    0  |    0  0x8    0    0  |    0    0    0    0  |    0    0  0xc    0  |    0    0    0    0  |    0    0    0    0  |    0    0    0    0  |    0    0    0    0  |    0    0    0    0  |    0    0    0    0  |    0    0    0    0  |    0    0    0    0  | 
   0    0    0    0  |    0    0    0    0  |    0    0    0    0  |    0    0    0    0  |    0    0    0    0  |    0    0    0    0  |    0    0    0    0  |    0    0    0    0  |    0    0    0    0  |    0    0    0    0  |    0    0    0    0  |    0    0    0    0  |    0    0    0    0  |    0    0    0    0  |    0    0    0    0  |    0    0    0    0  |    0    0    0    0  |    0    0    0    0  |    0    0    0    0  |    0    0    0    0  |    0    0    0    0  |    0    0    0    0  |    0    0    0    0  |    0    0    0    0  |    0    0    0    0  |    0    0    0    0  |    0    0    0    0  |    0    0    0    0  | 
   0    0    0    0  |    0    0    0    0  |    0    0    0    0  |    0    0    0    0  |    0    0    0    0  |    0    0    0  0x1  |    0    0    0  0x1  |    0    0    0  0x8  |  0x8    0    0    0  |    0    0    0    0  |    0    0    0    0  |    0    0    0    0  |    0    0    0    0  |    0    0    0    0  |    0    0    0    0  |    0    0    0    0  |    0    0    0    0  |    0    0    0    0  |    0    0    0    0  |    0    0    0    0  |    0    0    0    0  |    0    0    0    0  |    0    0    0    0  |    0    0    0    0  |    0    0    0    0  |    0    0    0    0  |    0    0    0    0  |    0    0    0    0  | 
------------------------
   0    0    0    0  |    0    0    0    0  |    0    0    0    0  |    0    0    0    0  |    0    0    0    0  |    0    0    0    0  |    0    0    0    0  |    0    0    0    0  |    0    0    0    0  |    0    0    0    0  |    0    0    0    0  |    0    0    0    0  |    0    0    0    0  |    0    0    0    0  |    0    0    0    0  |    0    0    0    0  |    0    0    0    0  |    0    0    0    0  |    0  0x8  0x8    0  |    0    0  0x3    0  |    0    0  0x1  0x2  |    0    0    0    0  |    0    0    0    0  |    0    0    0    0  |    0    0    0    0  |    0    0    0    0  |    0    0    0    0  |    0    0    0    0  | 
   0    0    0    0  |    0    0    0    0  |    0    0    0    0  |    0    0    0    0  |    0    0    0    0  |    0    0    0    0  |    0    0    0    0  |    0    0    0    0  |    0    0    0    0  |    0    0    0    0  |    0    0    0    0  |    0    0    0    0  |    0    0    0    0  |    0    0    0    0  |    0    0    0    0  |  0x1    0    0    0  |  0x1    0    0    0  |  0x8  0x8    0    0  |    0    0    0    0  |    0    0    0    0  |    0    0    0    0  |    0    0    0    0  |    0    0    0    0  |    0    0    0    0  |    0    0    0    0  |    0    0    0    0  |    0    0    0    0  |    0    0    0    0  | 
   0    0    0    0  |    0    0    0    0  |    0    0    0    0  |    0    0    0    0  |    0    0    0    0  |    0    0    0    0  |    0    0    0    0  |    0    0    0    0  |    0    0    0    0  |    0    0    0    0  |    0    0    0    0  |    0    0    0    0  |    0    0    0    0  |    0    0    0    0  |    0    0    0    0  |    0    0    0    0  |    0    0    0    0  |    0    0    0    0  |    0    0    0    0  |    0    0    0    0  |    0    0    0    0  |    0    0    0    0  |    0    0    0    0  |    0    0    0    0  |    0    0    0    0  |    0    0    0    0  |    0    0    0    0  |    0    0    0    0  | 
   0    0    0    0  |    0    0    0    0  |    0    0    0    0  |    0    0    0    0  |    0    0    0    0  |    0    0    0    0  |    0    0    0    0  |    0    0    0    0  |    0    0    0    0  |    0    0    0    0  |    0    0    0    0  |    0    0    0    0  |    0    0    0    0  |    0    0    0    0  |    0    0    0    0  |    0    0    0    0  |    0    0    0    0  |    0    0    0    0  |    0    0    0    0  |    0    0    0    0  |    0    0    0    0  |    0    0    0    0  |    0    0    0    0  |    0    0    0    0  |    0    0    0    0  |    0    0    0    0  |    0    0    0    0  |    0    0    0    0  | 
------------------------
   0    0    0    0  |    0    0    0    0  |    0    0    0    0  |    0    0    0    0  |    0    0    0    0  |    0    0    0    0  |    0    0    0    0  |    0    0    0    0  |    0    0    0    0  |    0    0    0    0  |    0    0    0    0  |    0    0    0    0  |    0    0    0    0  |    0    0    0    0  |    0    0    0    0  |    0    0    0    0  |    0    0    0    0  |    0    0    0    0  |    0    0  0x8    0  |    0    0  0x3    0  |    0    0  0x9  0x2  |    0    0    0    0  |    0    0    0    0  |    0    0    0    0  |    0    0    0    0  |    0    0    0    0  |    0    0    0    0  |    0    0    0    0  | 
   0    0    0    0  |    0    0    0    0  |    0    0    0    0  |    0    0    0    0  |    0    0    0    0  |    0    0    0    0  |    0    0    0    0  |    0    0    0    0  |    0    0    0    0  |    0    0    0    0  |    0    0    0    0  |    0    0    0    0  |    0    0    0    0  |    0    0    0    0  |    0    0    0    0  |    0    0    0    0  |    0    0    0    0  |    0  0x9    0    0  |    0  0x1    0    0  |    0  0x8    0    0  |    0    0    0    0  |    0    0    0    0  |    0    0    0    0  |    0    0    0    0  |    0    0    0    0  |    0    0    0    0  |    0    0    0    0  |    0    0    0    0  | 
   0    0    0    0  |    0    0    0    0  |    0    0    0    0  |    0    0    0    0  |    0    0    0    0  |    0    0    0    0  |    0    0    0    0  |    0    0    0    0  |    0    0    0    0  |    0    0    0    0  |    0    0    0    0  |    0    0    0    0  |    0    0    0    0  |    0    0    0    0  |    0    0    0    0  |    0    0    0    0  |    0    0    0    0  |    0    0    0    0  |    0    0    0    0  |    0    0    0    0  |    0    0    0    0  |    0    0    0    0  |    0    0    0    0  |    0    0    0    0  |    0    0    0    0  |    0    0    0    0  |    0    0    0    0  |    0    0    0    0  | 
   0    0    0    0  |    0    0    0    0  |    0    0    0    0  |    0    0    0    0  |    0    0    0    0  |    0    0    0    0  |    0    0    0    0  |    0    0    0    0  |    0    0    0    0  |    0    0    0    0  |    0    0    0    0  |    0    0    0    0  |    0    0    0    0  |    0    0    0    0  |    0    0    0    0  |    0    0    0    0  |    0    0    0    0  |    0    0    0    0  |    0    0    0    0  |    0    0    0    0  |    0    0    0    0  |    0    0    0    0  |    0    0    0    0  |    0    0    0    0  |    0    0    0    0  |    0    0    0    0  |    0    0    0    0  |    0    0    0    0  | 
------------------------
   0    0    0    0  |    0    0    0    0  |    0    0    0    0  |    0    0    0    0  |    0    0    0    0  |    0    0    0    0  |    0    0    0    0  |    0    0    0    0  |    0    0    0    0  |    0    0    0    0  |    0    0    0    0  |    0    0    0    0  |    0    0    0    0  |    0    0    0    0  |    0    0    0    0  |    0    0    0    0  |    0    0    0    0  |    0    0    0    0  |    0    0  0x8    0  |    0    0  0x3    0  |    0    0  0x1  0x2  |    0    0    0    0  |    0    0    0    0  |    0    0    0    0  |    0    0    0    0  |    0    0    0    0  |    0    0    0    0  |    0    0    0    0  | 
   0    0    0    0  |    0    0    0    0  |    0    0    0    0  |    0    0    0    0  |    0    0    0    0  |    0    0    0    0  |    0    0    0    0  |    0    0    0    0  |    0    0    0    0  |    0    0    0    0  |    0    0    0    0  |    0    0    0    0  |    0    0    0    0  |    0    0    0    0  |    0    0    0    0  |    0    0    0    0  |    0    0    0    0  |    0  0x8    0    0  |    0    0    0    0  |    0    0    0    0  |    0    0    0    0  |    0    0    0    0  |    0    0    0    0  |    0    0    0    0  |    0    0    0    0  |    0    0    0    0  |    0    0    0    0  |    0    0    0    0  | 
   0    0    0    0  |    0    0    0    0  |    0    0    0    0  |    0    0    0    0  |    0    0  0x8    0  |    0    0    0    0  |    0    0    0    0  |    0    0    0    0  |    0    0    0    0  |    0    0    0    0  |    0    0    0    0  |    0    0    0    0  |    0    0    0    0  |    0    0    0    0  |    0    0    0    0  |    0    0    0    0  |    0    0    0    0  |    0    0    0    0  |    0    0    0    0  |    0    0    0    0  |    0    0    0    0  |    0    0    0    0  |    0    0    0    0  |    0    0    0    0  |    0    0    0    0  |    0    0    0    0  |    0    0    0    0  |    0    0    0    0  | 
   0    0    0    0  |    0  0x1    0    0  |    0  0x1    0    0  |    0  0x8    0    0  |    0    0    0    0  |    0    0    0    0  |    0    0    0    0  |    0    0    0    0  |    0    0    0    0  |    0    0    0    0  |    0    0    0    0  |    0    0    0    0  |    0    0    0    0  |    0    0    0    0  |    0    0    0    0  |    0    0    0    0  |    0    0    0    0  |    0    0    0    0  |    0    0    0    0  |    0    0    0    0  |    0    0    0    0  |    0    0    0    0  |    0    0    0    0  |    0    0    0    0  |    0    0    0    0  |    0    0    0    0  |    0    0    0    0  |    0    0    0    0  | 
------------------------
   0    0    0    0  |    0    0    0    0  |    0    0    0    0  |    0    0    0    0  |    0    0    0    0  |    0    0    0    0  |    0    0    0    0  |    0    0    0    0  |    0    0    0    0  |    0  0x1    0    0  |    0  0x1    0    0  |    0  0x8    0    0  |    0    0    0    0  |    0    0    0    0  |    0    0    0    0  |    0    0    0    0  |    0    0    0    0  |    0    0    0    0  |    0    0  0x8    0  |    0    0  0x3    0  |    0    0  0x1  0x2  |    0    0    0    0  |    0    0    0    0  |    0    0    0    0  |    0    0    0    0  |    0    0    0    0  |    0    0    0    0  |    0    0    0    0  | 
   0    0    0    0  |    0    0    0    0  |    0    0    0    0  |    0    0    0    0  |    0    0    0    0  |    0    0    0    0  |    0    0    0    0  |    0    0    0    0  |    0    0    0    0  |    0    0    0    0  |    0    0    0    0  |    0    0    0    0  |    0    0    0    0  |    0    0    0    0  |    0    0    0    0  |    0    0    0    0  |    0    0    0    0  |    0  0x8    0    0  |    0    0    0    0  |    0    0    0    0  |    0    0    0    0  |    0    0    0    0  |    0    0    0    0  |    0    0    0    0  |    0    0    0    0  |    0    0    0    0  |    0    0    0    0  |    0    0    0    0  | 
   0    0    0    0  |    0    0    0    0  |    0    0    0    0  |    0    0    0    0  |    0    0    0    0  |    0    0    0    0  |    0    0    0    0  |    0    0    0    0  |    0    0    0    0  |    0    0    0    0  |    0    0    0    0  |    0    0    0    0  |    0    0    0    0  |    0    0    0    0  |    0    0    0    0  |    0    0    0    0  |    0    0    0    0  |    0    0    0    0  |    0    0    0    0  |    0    0    0    0  |    0    0    0    0  |    0    0    0    0  |    0    0    0    0  |    0    0    0    0  |    0    0    0    0  |    0    0    0    0  |    0    0    0    0  |    0    0    0    0  | 
   0    0    0    0  |    0    0    0    0  |    0    0    0    0  |    0    0    0    0  |    0    0    0    0  |    0    0    0    0  |    0    0    0    0  |    0    0    0    0  |    0    0    0    0  |    0    0    0    0  |    0    0    0    0  |    0    0    0    0  |    0    0  0x8    0  |    0    0    0    0  |    0    0    0    0  |    0    0    0    0  |    0    0    0    0  |    0    0    0    0  |    0    0    0    0  |    0    0    0    0  |    0    0    0    0  |    0    0    0    0  |    0    0    0    0  |    0    0    0    0  |    0    0    0    0  |    0    0    0    0  |    0    0    0    0  |    0    0    0    0  | 
------------------------
   0    0    0    0  |    0    0    0    0  |    0    0    0    0  |    0    0    0    0  |    0    0    0    0  |    0    0    0    0  |    0    0    0    0  |    0    0    0    0  |    0    0    0    0  |    0  0x1    0    0  |    0  0x1    0    0  |    0  0x8    0    0  |    0    0    0    0  |    0    0    0    0  |    0    0    0    0  |    0    0    0    0  |    0    0    0    0  |    0    0    0    0  |    0    0  0x8    0  |    0    0  0x3    0  |    0    0  0x5  0xa  |    0    0  0x2  0x1  |    0    0    0  0x3  |    0    0    0    0  |    0    0    0    0  |    0    0    0    0  |    0    0    0    0  |    0    0    0    0  | 
   0    0    0    0  |    0    0    0    0  |    0    0    0    0  |    0    0    0    0  |    0    0    0    0  |    0    0    0    0  |    0    0    0    0  |    0    0    0    0  |    0    0    0    0  |    0    0    0    0  |    0    0    0    0  |    0    0    0    0  |    0    0    0    0  |    0    0    0    0  |    0    0    0    0  |    0    0    0    0  |    0    0    0    0  |    0  0x8    0    0  |    0    0    0    0  |    0    0  0xc    0  |    0    0    0    0  |    0    0    0    0  |    0    0    0    0  |    0    0    0    0  |    0    0    0    0  |    0    0    0    0  |    0    0    0    0  |    0    0    0    0  | 
   0    0    0    0  |    0    0    0    0  |    0    0    0    0  |    0    0    0    0  |    0    0    0    0  |    0    0    0    0  |    0    0    0    0  |    0    0    0    0  |    0    0    0    0  |    0    0    0    0  |    0    0    0    0  |    0    0    0    0  |    0    0    0    0  |    0    0    0    0  |    0    0    0    0  |    0    0    0    0  |    0    0    0    0  |    0    0    0    0  |    0    0    0    0  |    0    0    0    0  |    0    0    0    0  |    0    0    0    0  |    0    0    0    0  |    0    0    0    0  |    0    0    0    0  |    0    0    0    0  |    0    0    0    0  |    0    0    0    0  | 
   0    0    0    0  |    0    0    0    0  |    0    0    0    0  |    0    0    0    0  |    0    0    0    0  |    0    0    0    0  |    0    0    0    0  |    0    0    0    0  |    0    0    0    0  |    0    0    0    0  |    0    0    0    0  |    0    0    0    0  |    0    0  0x8    0  |    0    0    0    0  |    0    0    0    0  |    0    0    0    0  |    0    0    0    0  |    0    0    0    0  |    0    0    0    0  |    0    0    0    0  |    0    0    0    0  |    0    0    0    0  |    0    0    0    0  |    0    0    0    0  |    0    0    0    0  |    0    0    0    0  |    0    0    0    0  |    0    0    0    0  | 
------------------------
   0    0    0    0  |    0    0    0    0  |    0    0    0    0  |    0    0    0    0  |    0    0    0    0  |    0    0    0    0  |    0    0    0    0  |    0    0    0    0  |    0    0    0    0  |    0    0    0    0  |    0    0    0    0  |    0    0    0    0  |    0    0    0    0  |    0    0    0    0  |    0    0    0    0  |    0    0    0    0  |    0    0    0    0  |    0    0    0    0  |    0    0  0x8    0  |    0    0  0x3    0  |    0    0  0x1  0x2  |    0    0    0    0  |    0    0    0  0x8  |    0    0    0    0  |    0    0    0    0  |    0    0    0    0  |    0    0    0    0  |    0    0    0    0  | 
   0    0    0    0  |    0    0    0    0  |    0    0    0    0  |    0    0    0    0  |    0    0    0    0  |    0    0    0    0  |    0    0    0    0  |    0    0    0    0  |    0    0    0    0  |    0    0    0    0  |    0    0    0    0  |    0    0    0    0  |    0    0    0    0  |    0    0    0    0  |    0    0    0    0  |    0    0    0    0  |    0    0    0    0  |    0  0x8    0    0  |    0    0    0    0  |    0    0  0x1    0  |    0    0  0x1    0  |    0    0  0x8    0  |    0    0    0    0  |    0    0    0    0  |    0    0    0    0  |    0    0    0    0  |    0    0    0    0  |    0    0    0    0  | 
   0    0    0    0  |    0    0    0    0  |    0    0    0    0  |    0    0    0    0  |    0    0    0    0  |    0    0    0    0  |    0    0    0    0  |    0    0    0    0  |    0    0    0    0  |    0    0    0    0  |    0    0    0    0  |    0    0    0    0  |    0    0    0    0  |    0    0    0    0  |    0    0    0    0  |    0    0    0    0  |    0    0    0    0  |    0    0    0    0  |    0    0    0    0  |    0    0    0    0  |    0    0    0    0  |    0    0    0    0  |    0    0    0    0  |    0    0    0    0  |    0    0    0    0  |    0    0    0    0  |    0    0    0    0  |    0    0    0    0  | 
   0    0    0    0  |    0    0    0    0  |    0    0    0    0  |    0    0    0    0  |    0    0    0    0  |    0    0    0    0  |    0    0    0    0  |    0    0    0    0  |    0    0    0    0  |    0    0    0    0  |    0    0    0    0  |    0    0    0    0  |    0    0    0    0  |    0    0    0    0  |    0    0    0    0  |    0    0    0    0  |    0    0    0    0  |    0    0    0    0  |    0    0    0    0  |    0    0    0    0  |    0    0    0    0  |    0    0    0    0  |    0    0    0    0  |    0    0    0    0  |    0    0    0    0  |    0    0    0    0  |    0    0    0    0  |    0    0    0    0  | 
------------------------
   0    0    0    0  |    0    0    0    0  |    0    0    0    0  |    0    0    0    0  |    0    0    0    0  |    0    0    0    0  |    0    0    0    0  |    0    0    0    0  |    0    0    0    0  |    0    0    0    0  |    0    0    0    0  |    0    0    0    0  |    0    0    0    0  |    0    0    0    0  |    0    0    0    0  |    0    0    0    0  |    0    0    0    0  |    0    0    0    0  |    0    0  0x8    0  |    0    0  0x3    0  |    0    0  0x5  0xa  |    0    0  0x2  0x1  |    0    0    0  0xb  |    0    0    0    0  |    0    0    0    0  |    0    0    0    0  |    0    0    0    0  |    0    0    0    0  | 
   0    0    0    0  |    0    0    0    0  |    0    0    0    0  |    0    0    0    0  |    0    0    0    0  |    0    0    0    0  |    0    0    0    0  |    0    0    0    0  |    0    0    0    0  |    0    0    0    0  |    0    0    0    0  |    0    0    0    0  |    0    0    0    0  |    0    0    0    0  |    0    0    0    0  |    0    0    0    0  |    0    0    0    0  |    0  0x8    0    0  |    0    0    0    0  |    0    0  0xd    0  |    0    0  0x1    0  |    0    0  0x8    0  |    0    0    0    0  |    0    0    0    0  |    0    0    0    0  |    0    0    0    0  |    0    0    0    0  |    0    0    0    0  | 
   0    0    0    0  |    0    0    0    0  |    0    0    0    0  |    0    0    0    0  |    0    0    0    0  |    0    0    0    0  |    0    0    0    0  |    0    0    0    0  |    0    0    0    0  |    0    0    0    0  |    0    0    0    0  |    0    0    0    0  |    0    0    0    0  |    0    0    0    0  |    0    0    0    0  |    0    0    0    0  |    0    0    0    0  |    0    0    0    0  |    0    0    0    0  |    0    0    0    0  |    0    0    0    0  |    0    0    0    0  |    0    0    0    0  |    0    0    0    0  |    0    0    0    0  |    0    0    0    0  |    0    0    0    0  |    0    0    0    0  | 
   0    0    0    0  |    0    0    0    0  |    0    0    0    0  |    0    0    0    0  |    0    0    0    0  |    0    0    0    0  |    0    0    0    0  |    0    0    0    0  |    0    0    0    0  |    0    0    0    0  |    0    0    0    0  |    0    0    0    0  |    0    0    0    0  |    0    0    0    0  |    0    0    0    0  |    0    0    0    0  |    0    0    0    0  |    0    0    0    0  |    0    0    0    0  |    0    0    0    0  |    0    0    0    0  |    0    0    0    0  |    0    0    0    0  |    0    0    0    0  |    0    0    0    0  |    0    0    0    0  |    0    0    0    0  |    0    0    0    0  | 
------------------------
   0    0    0    0  |    0    0    0    0  |    0    0    0    0  |    0    0    0    0  |    0    0    0    0  |    0    0    0    0  |    0    0    0    0  |    0    0    0    0  |    0    0    0    0  |    0    0    0    0  |    0    0    0    0  |    0    0    0    0  |    0    0    0    0  |    0    0    0    0  |    0    0    0    0  |    0    0    0    0  |    0    0    0    0  |    0    0    0    0  |    0  0x8  0x8    0  |    0    0  0x3    0  |    0    0  0x5  0xa  |    0    0  0x2  0x1  |    0    0    0  0x3  |    0    0    0    0  |    0    0    0    0  |    0    0    0    0  |    0    0    0    0  |    0    0    0    0  | 
   0    0    0    0  |    0    0    0    0  |    0    0    0    0  |    0    0    0    0  |    0    0    0    0  |    0    0    0    0  |    0    0    0    0  |    0    0    0    0  |    0    0    0    0  |    0    0    0    0  |    0    0    0    0  |    0    0    0    0  |    0    0    0    0  |    0    0    0    0  |    0    0    0    0  |  0x1    0    0    0  |  0x1    0    0    0  |  0x8  0x8    0    0  |    0    0    0    0  |    0    0  0xc    0  |    0    0    0    0  |    0    0    0    0  |    0    0    0    0  |    0    0    0    0  |    0    0    0    0  |    0    0    0    0  |    0    0    0    0  |    0    0    0    0  | 
   0    0    0    0  |    0    0    0    0  |    0    0    0    0  |    0    0    0    0  |    0    0    0    0  |    0    0    0    0  |    0    0    0    0  |    0    0    0    0  |    0    0    0    0  |    0    0    0    0  |    0    0    0    0  |    0    0    0    0  |    0    0    0    0  |    0    0    0    0  |    0    0    0    0  |    0    0    0    0  |    0    0    0    0  |    0    0    0    0  |    0    0    0    0  |    0    0    0    0  |    0    0    0    0  |    0    0    0    0  |    0    0    0    0  |    0    0    0    0  |    0    0    0    0  |    0    0    0    0  |    0    0    0    0  |    0    0    0    0  | 
   0    0    0    0  |    0    0    0    0  |    0    0    0    0  |    0    0    0    0  |    0    0    0    0  |    0    0    0    0  |    0    0    0    0  |    0    0    0    0  |    0    0    0    0  |    0    0    0    0  |    0    0    0    0  |    0    0    0    0  |    0    0    0    0  |    0    0    0    0  |    0    0    0    0  |    0    0    0    0  |    0    0    0    0  |    0    0    0    0  |    0    0    0    0  |    0    0    0    0  |    0    0    0    0  |    0    0    0    0  |    0    0    0    0  |    0    0    0    0  |    0    0    0    0  |    0    0    0    0  |    0    0    0    0  |    0    0    0    0  | 
------------------------
   0    0    0    0  |    0    0    0    0  |    0    0    0    0  |    0    0    0    0  |    0    0    0    0  |    0    0    0    0  |    0    0    0    0  |    0    0    0    0  |    0    0    0    0  |    0    0    0    0  |    0    0    0    0  |    0    0    0    0  |    0    0    0    0  |    0    0    0    0  |    0    0    0    0  |    0    0    0    0  |    0    0    0    0  |    0    0    0    0  |    0    0  0x8    0  |    0    0  0x3    0  |    0    0  0x5  0xa  |    0    0  0x2  0x1  |    0    0    0  0x3  |    0    0    0    0  |    0    0    0    0  |    0    0    0    0  |    0    0    0    0  |    0    0    0    0  | 
   0    0    0    0  |    0    0    0    0  |    0    0    0    0  |    0    0    0    0  |    0    0    0    0  |    0    0    0    0  |    0    0    0    0  |    0    0    0    0  |    0    0    0    0  |    0    0    0    0  |    0    0    0    0  |    0    0    0    0  |    0    0    0    0  |    0    0    0    0  |    0    0    0    0  |    0    0    0    0  |    0    0    0    0  |    0  0x8    0    0  |    0    0    0    0  |    0    0  0xc    0  |    0    0    0    0  |    0    0    0    0  |    0    0    0    0  |    0    0    0    0  |    0    0    0    0  |    0    0    0    0  |    0    0    0    0  |    0    0    0    0  | 
   0    0    0    0  |    0    0    0    0  |    0    0    0    0  |    0    0    0    0  |    0    0  0x8    0  |    0    0    0    0  |    0    0    0    0  |    0    0    0    0  |    0    0    0    0  |    0    0    0    0  |    0    0    0    0  |    0    0    0    0  |    0    0    0    0  |    0    0    0    0  |    0    0    0    0  |    0    0    0    0  |    0    0    0    0  |    0    0    0    0  |    0    0    0    0  |    0    0    0    0  |    0    0    0    0  |    0    0    0    0  |    0    0    0    0  |    0    0    0    0  |    0    0    0    0  |    0    0    0    0  |    0    0    0    0  |    0    0    0    0  | 
   0    0    0    0  |    0  0x1    0    0  |    0  0x1    0    0  |    0  0x8    0    0  |    0    0    0    0  |    0    0    0    0  |    0    0    0    0  |    0    0    0    0  |    0    0    0    0  |    0    0    0    0  |    0    0    0    0  |    0    0    0    0  |    0    0    0    0  |    0    0    0    0  |    0    0    0    0  |    0    0    0    0  |    0    0    0    0  |    0    0    0    0  |    0    0    0    0  |    0    0    0    0  |    0    0    0    0  |    0    0    0    0  |    0    0    0    0  |    0    0    0    0  |    0    0    0    0  |    0    0    0    0  |    0    0    0    0  |    0    0    0    0  | 
------------------------
   0    0    0    0  |    0    0    0    0  |    0    0    0    0  |    0    0    0    0  |    0    0    0    0  |    0    0    0    0  |    0    0    0    0  |    0    0    0    0  |    0    0    0    0  |    0    0    0    0  |    0    0    0    0  |    0    0    0    0  |    0    0    0    0  |    0    0    0    0  |    0    0    0    0  |    0    0    0    0  |    0    0    0    0  |    0    0    0    0  |    0  0x4  0x8    0  |    0  0x2  0x3    0  |    0    0  0x7  0x2  |    0    0  0x8  0x4  |    0    0    0    0  |    0    0    0  0x4  |    0    0    0    0  |    0    0    0    0  |  0x2    0    0    0  |    0    0    0    0  | 
   0    0    0    0  |    0    0    0    0  |    0    0    0    0  |    0    0    0    0  |    0    0    0    0  |    0    0    0    0  |    0    0    0    0  |    0    0    0    0  |    0    0    0    0  |    0    0    0    0  |    0    0    0    0  |    0    0    0    0  |    0    0    0    0  |    0    0    0    0  |    0    0    0    0  |    0    0    0    0  |    0    0    0    0  |    0  0xe    0    0  |    0    0  0x2    0  |    0    0  0x4    0  |    0    0    0    0  |    0    0    0    0  |    0    0    0    0  |    0    0    0    0  |    0    0    0    0  |    0    0    0    0  |    0    0    0    0  |    0    0    0    0  | 
   0    0    0    0  |    0    0    0    0  |    0    0    0    0  |    0    0    0    0  |    0    0    0    0  |    0    0    0    0  |    0    0    0    0  |    0    0    0    0  |    0    0    0    0  |    0    0    0    0  |    0    0    0    0  |    0    0    0    0  |    0    0    0    0  |    0    0    0    0  |    0    0    0    0  |    0    0    0    0  |    0    0    0    0  |    0    0    0    0  |    0    0    0    0  |    0    0    0    0  |    0    0    0    0  |    0    0    0    0  |    0    0    0    0  |    0    0    0    0  |    0    0    0    0  |    0    0    0    0  |    0    0    0    0  |    0    0    0    0  | 
   0    0    0    0  |    0    0    0    0  |    0    0    0    0  |    0    0    0    0  |    0    0    0    0  |    0    0    0    0  |    0    0    0    0  |    0    0    0    0  |    0    0    0    0  |    0    0    0    0  |    0    0    0    0  |    0    0    0    0  |    0    0    0    0  |    0    0    0    0  |    0    0    0    0  |    0    0    0    0  |    0    0    0    0  |    0    0    0    0  |    0    0    0    0  |    0    0    0    0  |    0    0    0    0  |    0    0    0    0  |    0    0    0  0xc  |    0    0    0  0x1  |    0    0    0  0x5  |    0    0    0  0x2  |    0    0    0    0  |    0    0    0    0  | 
------------------------
   0    0    0    0  |    0    0    0    0  |    0    0    0    0  |    0    0    0    0  |    0    0    0    0  |    0    0    0    0  |    0    0    0    0  |    0    0    0    0  |    0    0    0    0  |    0    0    0    0  |    0    0    0    0  |    0    0    0    0  |    0    0    0    0  |    0    0    0    0  |    0    0    0    0  |    0    0    0    0  |    0    0    0    0  |    0    0    0    0  |    0  0x4  0x8    0  |    0  0x2  0x3    0  |    0    0  0x7  0x2  |    0    0  0x8    0  |    0    0    0    0  |    0    0    0  0x4  |  0x2    0    0    0  |    0    0    0    0  |  0x2    0    0    0  |    0    0    0    0  | 
   0    0    0    0  |    0    0    0    0  |    0    0    0    0  |    0    0    0    0  |    0    0    0    0  |    0    0    0    0  |    0    0    0    0  |    0    0    0    0  |    0    0    0    0  |    0    0    0    0  |    0    0    0    0  |    0    0    0    0  |    0    0    0    0  |    0    0    0    0  |    0    0    0    0  |    0    0    0    0  |    0    0    0    0  |    0  0xe    0    0  |    0    0  0x2    0  |    0    0  0x4    0  |    0    0    0    0  |    0    0    0    0  |    0    0    0    0  |    0    0    0    0  |    0    0    0    0  |    0    0    0    0  |    0    0    0    0  |    0    0    0    0  | 
   0    0    0    0  |    0    0    0    0  |    0    0    0    0  |    0    0    0    0  |    0    0    0    0  |    0    0    0    0  |    0    0    0    0  |    0    0    0    0  |    0    0    0    0  |    0    0    0    0  |    0    0    0    0  |    0    0    0    0  |    0    0    0    0  |    0    0    0    0  |    0    0    0    0  |    0    0    0    0  |    0    0    0    0  |    0    0    0    0  |    0    0    0    0  |    0    0    0    0  |    0    0    0    0  |    0    0    0    0  |    0    0    0    0  |    0    0    0    0  |    0    0    0    0  |    0    0    0    0  |    0    0    0    0  |    0    0    0    0  | 
   0    0    0    0  |    0    0    0    0  |    0    0    0    0  |    0    0    0    0  |    0    0    0    0  |    0    0    0    0  |    0    0    0    0  |    0    0    0    0  |    0    0    0    0  |    0    0    0    0  |    0    0    0    0  |    0    0    0    0  |    0    0    0    0  |    0    0    0    0  |    0    0    0    0  |    0    0    0    0  |    0    0    0    0  |    0    0    0    0  |    0    0    0    0  |    0    0    0    0  |    0    0    0    0  |    0    0    0    0  |    0    0    0  0x8  |    0    0    0  0x3  |    0    0    0  0x5  |    0    0    0  0x2  |    0    0    0    0  |    0    0    0    0  | 
------------------------
   0    0    0    0  |    0    0    0    0  |    0    0    0    0  |    0    0    0    0  |    0    0    0    0  |    0    0    0    0  |    0    0    0    0  |    0    0    0    0  |    0    0    0    0  |    0    0    0    0  |    0    0    0    0  |    0    0    0    0  |    0    0    0    0  |    0    0    0    0  |    0    0    0    0  |    0    0    0    0  |    0    0    0    0  |    0    0    0    0  |    0  0x4  0x8    0  |    0  0x2  0x3    0  |    0    0  0x3  0xa  |    0    0  0xa  0x1  |    0    0    0  0x3  |    0    0    0  0x4  |  0x2    0    0    0  |    0    0    0    0  |  0x2    0    0    0  |    0    0    0    0  | 
   0    0    0    0  |    0    0    0    0  |    0    0    0    0  |    0    0    0    0  |    0    0    0    0  |    0    0    0    0  |    0    0    0    0  |    0    0    0    0  |    0    0    0    0  |    0    0    0    0  |    0    0    0    0  |    0    0    0    0  |    0    0    0    0  |    0    0    0    0  |    0    0    0    0  |    0    0    0    0  |    0    0    0    0  |    0  0xe    0    0  |    0    0  0x2    0  |    0    0  0x8    0  |    0    0    0    0  |    0    0    0    0  |    0    0    0    0  |    0    0    0    0  |    0    0    0    0  |    0    0    0    0  |    0    0    0    0  |    0    0    0    0  | 
   0    0    0    0  |    0    0    0    0  |    0    0    0    0  |    0    0    0    0  |    0    0    0    0  |    0    0    0    0  |    0    0    0    0  |    0    0    0    0  |    0    0    0    0  |    0    0    0    0  |    0    0    0    0  |    0    0    0    0  |    0    0    0    0  |    0    0    0    0  |    0    0    0    0  |    0    0    0    0  |    0    0    0    0  |    0    0    0    0  |    0    0    0    0  |    0    0    0    0  |    0    0    0    0  |    0    0    0    0  |    0    0    0    0  |    0    0    0    0  |    0    0    0    0  |    0    0    0    0  |    0    0    0    0  |    0    0    0    0  | 
   0    0    0    0  |    0    0    0    0  |    0    0    0    0  |    0    0    0    0  |    0    0    0    0  |    0    0    0    0  |    0    0    0    0  |    0    0    0    0  |    0    0    0    0  |    0    0    0    0  |    0    0    0    0  |    0    0    0    0  |    0    0    0    0  |    0    0    0    0  |    0    0    0    0  |    0    0    0    0  |    0    0    0    0  |    0    0    0    0  |    0    0    0    0  |    0    0    0    0  |    0    0    0    0  |    0    0    0    0  |    0    0    0  0x8  |    0    0    0  0x3  |    0    0    0  0x5  |    0    0    0  0x2  |    0    0    0    0  |    0    0    0    0  | 
------------------------
   0    0    0    0  |    0    0    0    0  |    0    0    0    0  |    0    0    0    0  |    0    0    0    0  |    0    0    0    0  |    0    0    0    0  |    0    0    0    0  |    0    0    0    0  |    0    0    0    0  |    0    0    0    0  |    0    0    0    0  |    0    0    0    0  |    0    0    0    0  |    0    0    0    0  |    0    0    0    0  |    0    0    0    0  |    0    0    0    0  |    0  0x4  0x8    0  |    0  0x2  0x3    0  |    0    0  0x3  0xa  |    0    0  0xa  0x5  |    0    0    0  0x3  |    0    0    0  0x4  |    0    0    0    0  |    0    0    0    0  |  0x2    0    0    0  |    0    0    0    0  | 
   0    0    0    0  |    0    0    0    0  |    0    0    0    0  |    0    0    0    0  |    0    0    0    0  |    0    0    0    0  |    0    0    0    0  |    0    0    0    0  |    0    0    0    0  |    0    0    0    0  |    0    0    0    0  |    0    0    0    0  |    0    0    0    0  |    0    0    0    0  |    0    0    0    0  |    0    0    0    0  |    0    0    0    0  |    0  0xe    0    0  |    0    0  0x2    0  |    0    0  0x8    0  |    0    0    0    0  |    0    0    0    0  |    0    0    0    0  |    0    0    0    0  |    0    0    0    0  |    0    0    0    0  |    0    0    0    0  |    0    0    0    0  | 
   0    0    0    0  |    0    0    0    0  |    0    0    0    0  |    0    0    0    0  |    0    0    0    0  |    0    0    0    0  |    0    0    0    0  |    0    0    0    0  |    0    0    0    0  |    0    0    0    0  |    0    0    0    0  |    0    0    0    0  |    0    0    0    0  |    0    0    0    0  |    0    0    0    0  |    0    0    0    0  |    0    0    0    0  |    0    0    0    0  |    0    0    0    0  |    0    0    0    0  |    0    0    0    0  |    0    0    0    0  |    0    0    0    0  |    0    0    0    0  |    0    0    0    0  |    0    0    0    0  |    0    0    0    0  |    0    0    0    0  | 
   0    0    0    0  |    0    0    0    0  |    0    0    0    0  |    0    0    0    0  |    0    0    0    0  |    0    0    0    0  |    0    0    0    0  |    0    0    0    0  |    0    0    0    0  |    0    0    0    0  |    0    0    0    0  |    0    0    0    0  |    0    0    0    0  |    0    0    0    0  |    0    0    0    0  |    0    0    0    0  |    0    0    0    0  |    0    0    0    0  |    0    0    0    0  |    0    0    0    0  |    0    0    0    0  |    0    0    0    0  |    0    0    0  0xc  |    0    0    0  0x1  |    0    0    0  0x5  |    0    0    0  0x2  |    0    0    0    0  |    0    0    0    0  | 
------------------------
   0    0    0    0  |    0    0    0    0  |    0    0    0    0  |    0    0    0    0  |    0    0    0    0  |    0    0    0    0  |    0    0    0    0  |  0x1    0    0    0  |  0x1    0    0    0  |  0x8    0    0    0  |    0    0    0    0  |    0    0    0    0  |    0    0    0    0  |    0    0    0    0  |    0    0    0    0  |    0    0    0    0  |    0    0    0    0  |    0    0    0    0  |    0    0  0x8    0  |    0    0  0x3    0  |    0    0  0x1  0x2  |    0    0    0    0  |    0    0    0    0  |    0    0    0    0  |    0    0    0    0  |    0    0    0    0  |    0    0    0    0  |    0    0    0    0  | 
   0    0    0    0  |    0    0    0    0  |    0    0    0    0  |    0    0    0    0  |    0    0    0    0  |    0    0    0    0  |    0    0    0    0  |    0    0    0    0  |    0    0    0    0  |    0    0    0    0  |    0    0    0    0  |    0    0    0    0  |    0    0    0    0  |    0    0    0    0  |    0    0    0    0  |    0    0    0    0  |    0    0    0    0  |    0  0x8    0    0  |    0    0    0    0  |    0    0    0    0  |    0    0    0    0  |    0    0    0    0  |    0    0    0    0  |    0    0    0    0  |    0    0    0    0  |    0    0    0    0  |    0    0    0    0  |    0    0    0    0  | 
   0    0    0    0  |    0    0    0    0  |    0    0    0    0  |    0    0    0    0  |    0    0    0    0  |    0    0    0    0  |    0    0    0    0  |    0    0    0    0  |    0    0    0    0  |    0    0    0    0  |    0    0    0    0  |    0    0    0    0  |    0    0    0    0  |    0    0    0    0  |    0    0    0    0  |    0    0    0    0  |    0    0    0    0  |    0    0    0    0  |    0    0    0    0  |    0    0    0    0  |    0    0    0    0  |    0    0    0    0  |    0    0    0    0  |    0    0    0    0  |    0    0    0    0  |    0    0    0    0  |    0    0    0    0  |    0    0    0    0  | 
   0    0    0    0  |    0    0    0    0  |    0    0    0    0  |    0    0    0    0  |    0    0    0    0  |    0    0    0    0  |    0    0    0    0  |    0    0    0    0  |    0    0    0    0  |    0    0    0    0  |    0  0x8    0    0  |    0    0    0    0  |    0    0    0    0  |    0    0    0    0  |    0    0    0    0  |    0    0    0    0  |    0    0    0    0  |    0    0    0    0  |    0    0    0    0  |    0    0    0    0  |    0    0    0    0  |    0    0    0    0  |    0    0    0    0  |    0    0    0    0  |    0    0    0    0  |    0    0    0    0  |    0    0    0    0  |    0    0    0    0  | 
------------------------
   0    0    0    0  |    0    0    0    0  |    0    0    0    0  |    0    0    0    0  |    0    0    0    0  |    0    0    0    0  |    0    0    0    0  |  0x1    0    0    0  |  0x1    0    0    0  |  0x8    0    0    0  |    0    0    0    0  |    0    0    0    0  |    0    0    0    0  |    0    0    0    0  |    0    0    0    0  |    0    0    0    0  |    0    0    0    0  |    0    0    0    0  |    0    0  0x8    0  |    0    0  0x3    0  |    0    0  0x5  0xa  |    0    0  0x2  0x1  |    0    0    0  0x3  |    0    0    0    0  |    0    0    0    0  |    0    0    0    0  |    0    0    0    0  |    0    0    0    0  | 
   0    0    0    0  |    0    0    0    0  |    0    0    0    0  |    0    0    0    0  |    0    0    0    0  |    0    0    0    0  |    0    0    0    0  |    0    0    0    0  |    0    0    0    0  |    0    0    0    0  |    0    0    0    0  |    0    0    0    0  |    0    0    0    0  |    0    0    0    0  |    0    0    0    0  |    0    0    0    0  |    0    0    0    0  |    0  0x8    0    0  |    0    0    0    0  |    0    0  0xc    0  |    0    0    0    0  |    0    0    0    0  |    0    0    0    0  |    0    0    0    0  |    0    0    0    0  |    0    0    0    0  |    0    0    0    0  |    0    0    0    0  | 
   0    0    0    0  |    0    0    0    0  |    0    0    0    0  |    0    0    0    0  |    0    0    0    0  |    0    0    0    0  |    0    0    0    0  |    0    0    0    0  |    0    0    0    0  |    0    0    0    0  |    0    0    0    0  |    0    0    0    0  |    0    0    0    0  |    0    0    0    0  |    0    0    0    0  |    0    0    0    0  |    0    0    0    0  |    0    0    0    0  |    0    0    0    0  |    0    0    0    0  |    0    0    0    0  |    0    0    0    0  |    0    0    0    0  |    0    0    0    0  |    0    0    0    0  |    0    0    0    0  |    0    0    0    0  |    0    0    0    0  | 
   0    0    0    0  |    0    0    0    0  |    0    0    0    0  |    0    0    0    0  |    0    0    0    0  |    0    0    0    0  |    0    0    0    0  |    0    0    0    0  |    0    0    0    0  |    0    0    0    0  |    0  0x8    0    0  |    0    0    0    0  |    0    0    0    0  |    0    0    0    0  |    0    0    0    0  |    0    0    0    0  |    0    0    0    0  |    0    0    0    0  |    0    0    0    0  |    0    0    0    0  |    0    0    0    0  |    0    0    0    0  |    0    0    0    0  |    0    0    0    0  |    0    0    0    0  |    0    0    0    0  |    0    0    0    0  |    0    0    0    0  | 
------------------------
   0    0    0    0  |    0    0    0    0  |    0    0    0    0  |    0    0    0    0  |    0    0    0    0  |    0    0    0    0  |    0    0    0    0  |    0    0    0    0  |    0    0    0    0  |    0    0    0    0  |    0    0    0    0  |    0    0    0    0  |    0    0    0    0  |    0    0    0    0  |    0    0    0    0  |    0    0    0    0  |    0    0    0    0  |    0    0    0    0  |    0    0  0x8    0  |    0    0  0x3    0  |    0    0  0xd  0xa  |    0    0  0x2  0x1  |    0    0    0  0x3  |    0    0    0    0  |    0    0    0    0  |    0    0    0    0  |    0    0    0    0  |    0    0    0    0  | 
   0    0    0    0  |    0    0    0    0  |    0    0    0    0  |    0    0    0    0  |    0    0    0    0  |    0    0    0    0  |    0    0    0    0  |    0    0    0    0  |    0    0    0    0  |    0    0    0    0  |    0    0    0    0  |    0    0    0    0  |    0    0    0    0  |    0    0    0    0  |    0    0    0    0  |    0    0    0    0  |    0    0    0    0  |    0  0x9    0    0  |    0  0x1    0    0  |    0  0x8  0xc    0  |    0    0    0    0  |    0    0    0    0  |    0    0    0    0  |    0    0    0    0  |    0    0    0    0  |    0    0    0    0  |    0    0    0    0  |    0    0    0    0  | 
   0    0    0    0  |    0    0    0    0  |    0    0    0    0  |    0    0    0    0  |    0    0    0    0  |    0    0    0    0  |    0    0    0    0  |    0    0    0    0  |    0    0    0    0  |    0    0    0    0  |    0    0    0    0  |    0    0    0    0  |    0    0    0    0  |    0    0    0    0  |    0    0    0    0  |    0    0    0    0  |    0    0    0    0  |    0    0    0    0  |    0    0    0    0  |    0    0    0    0  |    0    0    0    0  |    0    0    0    0  |    0    0    0    0  |    0    0    0    0  |    0    0    0    0  |    0    0    0    0  |    0    0    0    0  |    0    0    0    0  | 
   0    0    0    0  |    0    0    0    0  |    0    0    0    0  |    0    0    0    0  |    0    0    0    0  |    0    0    0    0  |    0    0    0    0  |    0    0    0    0  |    0    0    0    0  |    0    0    0    0  |    0    0    0    0  |    0    0    0    0  |    0    0    0    0  |    0    0    0    0  |    0    0    0    0  |    0    0    0    0  |    0    0    0    0  |    0    0    0    0  |    0    0    0    0  |    0    0    0    0  |    0    0    0    0  |    0    0    0    0  |    0    0    0    0  |    0    0    0    0  |    0    0    0    0  |    0    0    0    0  |    0    0    0    0  |    0    0    0    0  | 
------------------------
   0    0    0    0  |    0    0    0    0  |    0    0    0    0  |    0    0    0    0  |    0    0    0    0  |    0    0    0    0  |    0    0    0    0  |    0    0    0    0  |    0    0    0    0  |    0    0    0    0  |    0    0    0    0  |    0    0    0    0  |    0    0    0    0  |    0    0    0  0x1  |    0    0    0  0x1  |    0    0    0  0x8  |  0x8    0    0    0  |    0    0    0    0  |    0    0  0x8    0  |    0    0  0x3    0  |    0    0  0x5  0xa  |    0    0  0x2  0x1  |    0    0    0  0x3  |    0    0    0    0  |    0    0    0    0  |    0    0    0    0  |    0    0    0    0  |    0    0    0    0  | 
   0    0    0    0  |    0    0    0    0  |    0    0    0    0  |    0    0    0    0  |    0    0    0    0  |    0    0    0    0  |    0    0    0    0  |    0    0    0    0  |    0    0    0    0  |    0    0    0    0  |    0    0    0    0  |    0    0    0    0  |    0    0    0    0  |    0    0    0    0  |    0    0    0    0  |    0    0    0    0  |    0    0    0    0  |    0  0x8    0    0  |    0    0    0    0  |    0    0  0xc    0  |    0    0    0    0  |    0    0    0    0  |    0    0    0    0  |    0    0    0    0  |    0    0    0    0  |    0    0    0    0  |    0    0    0    0  |    0    0    0    0  | 
   0    0    0    0  |    0    0    0    0  |    0    0    0    0  |    0    0    0    0  |    0    0    0    0  |    0    0    0    0  |    0    0    0    0  |    0    0    0    0  |    0    0    0    0  |    0    0    0    0  |    0    0    0    0  |    0    0    0    0  |    0    0    0    0  |    0    0    0    0  |    0    0    0    0  |    0    0    0    0  |    0    0    0    0  |    0    0    0    0  |    0    0    0    0  |    0    0    0    0  |    0    0    0    0  |    0    0    0    0  |    0    0    0    0  |    0    0    0    0  |    0    0    0    0  |    0    0    0    0  |    0    0    0    0  |    0    0    0    0  | 
   0    0    0    0  |    0    0    0    0  |    0    0    0    0  |    0    0    0    0  |    0    0    0    0  |    0    0    0    0  |    0    0    0    0  |    0    0    0    0  |    0    0    0    0  |    0    0    0    0  |    0    0    0    0  |    0    0    0    0  |    0    0    0    0  |    0    0    0    0  |    0    0    0    0  |    0    0    0    0  |    0    0    0    0  |    0    0    0    0  |    0    0    0    0  |    0    0    0    0  |    0    0    0    0  |    0    0    0    0  |    0    0    0    0  |    0    0    0    0  |    0    0    0    0  |    0    0    0    0  |    0    0    0    0  |    0    0    0    0  | 
------------------------
   0    0    0    0  |    0    0    0    0  |    0    0    0    0  |    0    0    0    0  |    0    0    0    0  |    0    0    0    0  |    0    0    0    0  |    0    0    0    0  |    0    0    0    0  |    0    0    0    0  |    0    0    0    0  |    0    0    0    0  |    0    0    0    0  |    0    0    0    0  |    0    0    0    0  |    0    0    0    0  |    0    0    0    0  |    0    0    0    0  |    0    0    0    0  |    0    0    0    0  |    0    0    0    0  |    0    0  0x9    0  |    0    0  0x1    0  |    0    0  0x8  0x4  |  0x2    0    0    0  |    0    0    0    0  |  0x2    0    0    0  |    0    0    0    0  | 
   0    0    0    0  |    0    0    0    0  |    0    0    0    0  |    0    0    0    0  |    0    0    0    0  |    0    0    0    0  |    0    0    0    0  |    0    0    0    0  |    0    0    0    0  |    0    0    0    0  |    0    0    0    0  |    0    0    0    0  |    0    0    0    0  |    0    0    0    0  |    0    0    0    0  |    0    0    0    0  |    0    0    0    0  |    0    0    0    0  |    0    0    0    0  |    0    0    0    0  |    0    0    0    0  |    0    0    0    0  |    0    0    0    0  |    0    0    0    0  |    0    0    0    0  |    0    0    0    0  |    0    0    0    0  |    0    0    0    0  | 
   0    0    0    0  |    0    0    0    0  |    0    0    0    0  |    0    0    0    0  |    0    0    0    0  |    0    0    0    0  |    0    0    0    0  |    0    0    0    0  |    0    0    0    0  |    0    0    0    0  |    0    0    0    0  |    0    0    0    0  |    0    0    0    0  |    0    0    0    0  |    0    0    0    0  |    0    0    0    0  |    0    0    0    0  |    0    0    0    0  |    0    0    0    0  |    0    0    0    0  |    0    0    0    0  |    0    0    0    0  |    0    0    0    0  |    0    0    0    0  |    0    0    0    0  |    0    0    0    0  |    0    0    0    0  |    0    0    0    0  | 
   0    0    0    0  |    0    0    0    0  |    0    0    0    0  |    0    0    0    0  |    0    0    0    0  |    0    0    0    0  |    0    0    0    0  |    0    0    0    0  |    0    0    0    0  |    0    0    0    0  |    0    0    0    0  |    0    0    0    0  |    0    0    0    0  |    0    0    0    0  |    0    0    0    0  |    0    0    0    0  |    0    0    0    0  |    0    0    0    0  |    0    0    0    0  |    0    0    0    0  |    0    0    0    0  |    0    0    0    0  |    0    0    0  0x8  |    0    0    0  0x3  |    0    0    0  0xd  |    0    0    0  0x2  |    0    0    0    0  |    0    0    0    0  | 
------------------------
   0    0    0    0  |    0    0    0    0  |    0    0    0    0  |    0    0    0    0  |    0    0    0    0  |    0    0    0    0  |    0    0    0    0  |    0    0    0    0  |    0    0    0    0  |    0  0x1    0    0  |    0  0x1    0    0  |    0  0xa  0x1    0  |    0    0  0x3    0  |    0    0  0x8    0  |    0    0    0    0  |    0    0    0    0  |    0    0    0    0  |    0    0    0    0  |    0    0    0    0  |    0    0    0    0  |    0    0    0    0  |    0    0    0    0  |    0    0    0    0  |    0    0    0    0  |    0    0    0    0  |    0    0    0    0  |    0    0    0    0  |    0    0    0    0  | 
   0    0    0    0  |    0    0    0    0  |    0    0    0    0  |    0    0    0    0  |    0    0    0    0  |    0    0    0    0  |    0    0    0    0  |    0    0    0    0  |    0    0    0    0  |    0    0    0    0  |    0    0    0    0  |    0    0    0    0  |    0    0    0    0  |    0    0    0    0  |    0    0    0    0  |    0    0    0    0  |    0    0    0    0  |    0    0    0    0  |    0    0    0    0  |    0    0    0    0  |    0    0    0    0  |    0    0    0    0  |    0    0    0    0  |    0    0    0    0  |    0    0    0    0  |    0    0    0    0  |    0    0    0    0  |    0    0    0    0  | 
   0    0    0    0  |    0    0    0    0  |    0    0    0    0  |    0    0    0    0  |    0    0    0    0  |    0    0    0    0  |    0    0    0    0  |    0    0    0    0  |    0    0    0    0  |    0    0    0    0  |    0    0    0    0  |    0    0    0    0  |    0    0    0    0  |    0    0    0    0  |    0    0    0    0  |    0    0    0    0  |    0    0    0    0  |    0    0    0    0  |    0    0    0    0  |    0    0    0    0  |    0    0    0    0  |    0    0    0    0  |    0    0    0    0  |    0    0    0    0  |    0    0    0    0  |    0    0    0    0  |    0    0    0    0  |    0    0    0    0  | 
   0    0    0    0  |    0    0    0    0  |    0    0    0    0  |    0    0    0    0  |    0    0    0    0  |    0    0    0    0  |    0    0    0    0  |    0    0    0    0  |    0    0    0    0  |    0    0    0    0  |    0    0    0    0  |    0    0    0    0  |    0    0  0x8    0  |    0    0    0    0  |    0    0    0  0x8  |    0    0    0    0  |    0    0    0    0  |    0    0    0    0  |    0    0    0    0  |    0    0    0    0  |    0    0    0    0  |    0    0    0    0  |    0    0    0    0  |    0    0    0    0  |    0    0    0    0  |    0    0    0    0  |    0    0    0    0  |    0    0    0    0  | 
------------------------
   0    0    0    0  |    0    0    0    0  |    0    0    0    0  |    0    0    0    0  |    0    0    0    0  |    0    0    0    0  |    0    0    0    0  |    0    0    0    0  |    0    0    0    0  |    0  0x1    0    0  |    0  0x1    0    0  |    0  0x8  0x1    0  |    0    0  0x1    0  |    0    0  0x8    0  |    0    0    0    0  |    0    0    0    0  |    0    0    0    0  |    0    0    0    0  |    0    0    0    0  |    0    0    0    0  |    0    0    0    0  |    0    0    0    0  |    0    0    0    0  |    0    0    0    0  |    0    0    0    0  |    0    0    0    0  |    0    0    0    0  |    0    0    0    0  | 
   0    0    0    0  |    0    0    0    0  |    0    0    0    0  |    0    0    0    0  |    0    0    0    0  |    0    0    0    0  |    0    0    0    0  |    0    0    0    0  |    0    0    0    0  |    0    0    0    0  |    0    0    0    0  |    0    0    0    0  |    0    0    0    0  |    0    0    0    0  |    0    0    0    0  |    0    0    0    0  |    0    0    0    0  |    0    0    0    0  |    0    0    0    0  |    0    0    0    0  |    0    0    0    0  |    0    0    0    0  |    0    0    0    0  |    0    0    0    0  |    0    0    0    0  |    0    0    0    0  |    0    0    0    0  |    0    0    0    0  | 
   0    0    0    0  |    0    0    0    0  |    0    0    0    0  |    0    0    0    0  |    0    0    0    0  |    0    0    0    0  |    0    0    0    0  |    0    0    0    0  |    0    0    0    0  |    0    0    0    0  |    0    0    0    0  |    0    0    0    0  |    0    0    0    0  |    0    0    0    0  |    0    0    0    0  |    0    0    0    0  |    0    0    0    0  |    0    0    0    0  |    0    0    0    0  |    0    0    0    0  |    0    0    0    0  |    0    0    0    0  |    0    0    0    0  |    0    0    0    0  |    0    0    0    0  |    0    0    0    0  |    0    0    0    0  |    0    0    0    0  | 
   0    0    0    0  |    0    0    0    0  |    0    0    0    0  |    0    0    0    0  |    0    0    0    0  |    0    0    0    0  |    0    0    0    0  |    0    0    0    0  |    0    0    0    0  |    0    0    0    0  |    0    0    0    0  |    0    0    0    0  |    0    0  0x8    0  |    0    0    0    0  |    0    0    0  0x8  |    0    0    0    0  |    0    0    0    0  |    0    0    0    0  |    0    0    0    0  |    0    0    0    0  |    0    0    0    0  |    0    0    0    0  |    0    0    0    0  |    0    0    0    0  |    0    0    0    0  |    0    0    0    0  |    0    0    0    0  |    0    0    0    0  | 
------------------------
   0    0    0    0  |    0    0    0    0  |    0    0    0    0  |    0    0    0    0  |    0    0    0    0  |    0    0    0    0  |    0    0    0    0  |  0x1    0    0    0  |  0x1    0    0    0  |  0x8  0x1    0    0  |    0  0x1    0    0  |    0  0x8    0    0  |    0    0    0    0  |    0    0    0    0  |    0    0    0    0  |    0    0    0    0  |    0    0    0    0  |    0    0    0    0  |    0    0    0    0  |    0    0    0    0  |    0    0    0    0  |    0    0    0    0  |    0    0    0    0  |    0    0    0    0  |    0    0    0    0  |    0    0    0    0  |    0    0    0    0  |    0    0    0    0  | 
   0    0    0    0  |    0    0    0    0  |    0    0    0    0  |    0    0    0    0  |    0    0    0    0  |    0    0    0    0  |    0    0    0    0  |    0    0    0    0  |    0    0    0    0  |    0    0    0    0  |    0    0    0    0  |    0    0    0    0  |    0    0    0    0  |    0    0    0    0  |    0    0    0    0  |    0    0    0    0  |    0    0    0    0  |    0    0    0    0  |    0    0    0    0  |    0    0    0    0  |    0    0    0    0  |    0    0    0    0  |    0    0    0    0  |    0    0    0    0  |    0    0    0    0  |    0    0    0    0  |    0    0    0    0  |    0    0    0    0  | 
   0    0    0    0  |    0    0    0    0  |    0    0    0    0  |    0    0    0    0  |    0    0    0    0  |    0    0    0    0  |    0    0    0    0  |    0    0    0    0  |    0    0    0    0  |    0    0    0    0  |    0    0    0    0  |    0    0    0    0  |    0    0    0    0  |    0    0    0    0  |    0    0    0    0  |    0    0    0    0  |    0    0    0    0  |    0    0    0    0  |    0    0    0    0  |    0    0    0    0  |    0    0    0    0  |    0    0    0    0  |    0    0    0    0  |    0    0    0    0  |    0    0    0    0  |    0    0    0    0  |    0    0    0    0  |    0    0    0    0  | 
   0    0    0    0  |    0    0    0    0  |    0    0    0    0  |    0    0    0    0  |    0    0    0    0  |    0    0    0    0  |    0    0    0    0  |    0    0    0    0  |    0    0    0    0  |    0    0    0    0  |    0  0x8    0    0  |    0    0    0    0  |    0    0  0x8    0  |    0    0    0    0  |    0    0    0    0  |    0    0    0    0  |    0    0    0    0  |    0    0    0    0  |    0    0    0    0  |    0    0    0    0  |    0    0    0    0  |    0    0    0    0  |    0    0    0    0  |    0    0    0    0  |    0    0    0    0  |    0    0    0    0  |    0    0    0    0  |    0    0    0    0  | 
------------------------
   0    0    0    0  |    0    0    0    0  |    0    0    0    0  |    0    0    0    0  |    0    0    0    0  |    0    0    0    0  |    0    0    0    0  |  0x1    0    0    0  |  0x1    0    0    0  |  0xa  0x1    0    0  |    0  0x3    0    0  |    0  0x8    0    0  |    0    0    0    0  |    0    0    0    0  |    0    0    0    0  |    0    0    0    0  |    0    0    0    0  |    0    0    0    0  |    0    0    0    0  |    0    0    0    0  |    0    0    0    0  |    0    0    0    0  |    0    0    0    0  |    0    0    0    0  |    0    0    0    0  |    0    0    0    0  |    0    0    0    0  |    0    0    0    0  | 
   0    0    0    0  |    0    0    0    0  |    0    0    0    0  |    0    0    0    0  |    0    0    0    0  |    0    0    0    0  |    0    0    0    0  |    0    0    0    0  |    0    0    0    0  |    0    0    0    0  |    0    0    0    0  |    0    0    0    0  |    0    0    0    0  |    0    0    0    0  |    0    0    0    0  |    0    0    0    0  |    0    0    0    0  |    0    0    0    0  |    0    0    0    0  |    0    0    0    0  |    0    0    0    0  |    0    0    0    0  |    0    0    0    0  |    0    0    0    0  |    0    0    0    0  |    0    0    0    0  |    0    0    0    0  |    0    0    0    0  | 
   0    0    0    0  |    0    0    0    0  |    0    0    0    0  |    0    0    0    0  |    0    0    0    0  |    0    0    0    0  |    0    0    0    0  |    0    0    0    0  |    0    0    0    0  |    0    0    0    0  |    0    0    0    0  |    0    0    0    0  |    0    0    0    0  |    0    0    0    0  |    0    0    0    0  |    0    0    0    0  |    0    0    0    0  |    0    0    0    0  |    0    0    0    0  |    0    0    0    0  |    0    0    0    0  |    0    0    0    0  |    0    0    0    0  |    0    0    0    0  |    0    0    0    0  |    0    0    0    0  |    0    0    0    0  |    0    0    0    0  | 
   0    0    0    0  |    0    0    0    0  |    0    0    0    0  |    0    0    0    0  |    0    0    0    0  |    0    0    0    0  |    0    0    0    0  |    0    0    0    0  |    0    0    0    0  |    0    0    0    0  |    0  0x8    0    0  |    0    0    0    0  |    0    0  0x8    0  |    0    0    0    0  |    0    0    0    0  |    0    0    0    0  |    0    0    0    0  |    0    0    0    0  |    0    0    0    0  |    0    0    0    0  |    0    0    0    0  |    0    0    0    0  |    0    0    0    0  |    0    0    0    0  |    0    0    0    0  |    0    0    0    0  |    0    0    0    0  |    0    0    0    0  | 
------------------------
   0    0    0    0  |    0    0    0    0  |    0    0    0    0  |    0    0    0    0  |    0    0    0    0  |    0    0    0    0  |    0    0    0    0  |    0    0    0    0  |    0    0    0    0  |    0    0    0    0  |    0    0    0    0  |    0    0  0x8    0  |    0    0    0    0  |    0    0    0  0x8  |  0xa    0    0    0  |  0x3    0    0    0  |  0x1  0xa    0    0  |    0  0x3    0    0  |    0  0x1  0xa    0  |    0    0  0x3    0  |    0    0  0x1  0x2  |    0    0    0    0  |    0    0    0    0  |    0    0    0    0  |    0    0    0    0  |    0    0    0    0  |    0    0    0    0  |    0    0    0    0  | 
   0    0    0    0  |    0    0    0    0  |    0    0    0    0  |    0    0    0    0  |    0    0    0    0  |    0    0    0    0  |    0    0    0    0  |    0    0    0    0  |    0    0    0    0  |    0    0    0    0  |    0    0    0    0  |    0    0    0    0  |    0    0    0    0  |    0    0    0    0  |    0    0    0    0  |  0x8    0    0    0  |    0    0    0    0  |    0  0x8    0    0  |    0    0    0    0  |    0    0    0    0  |    0    0    0    0  |    0    0    0    0  |    0    0    0    0  |    0    0    0    0  |    0    0    0    0  |    0    0    0    0  |    0    0    0    0  |    0    0    0    0  | 
   0    0    0    0  |    0    0    0    0  |    0    0    0    0  |    0    0    0    0  |    0    0    0    0  |    0    0    0    0  |    0    0    0    0  |    0    0    0    0  |    0    0    0    0  |    0    0    0    0  |    0    0    0    0  |    0    0    0    0  |    0    0    0    0  |    0    0    0    0  |    0    0    0    0  |    0    0    0    0  |    0    0    0    0  |    0    0    0    0  |    0    0    0    0  |    0    0    0    0  |    0    0    0    0  |    0    0    0    0  |    0    0    0    0  |    0    0    0    0  |    0    0    0    0  |    0    0    0    0  |    0    0    0    0  |    0    0    0    0  | 
   0    0    0    0  |    0    0    0    0  |    0    0    0    0  |    0    0    0    0  |    0    0    0    0  |    0    0    0    0  |    0    0    0    0  |    0    0    0    0  |    0    0    0    0  |    0    0    0    0  |    0    0    0    0  |    0    0    0    0  |    0    0    0  0x8  |    0    0    0  0x3  |    0    0    0  0x1  |    0    0    0    0  |    0    0    0    0  |    0    0    0    0  |    0    0    0    0  |    0    0    0    0  |    0    0    0    0  |    0    0    0    0  |    0    0    0    0  |    0    0    0    0  |    0    0    0    0  |    0    0    0    0  |    0    0    0    0  |    0    0    0    0  | 
------------------------
   0    0    0    0  |    0    0    0    0  |    0    0    0    0  |    0    0    0    0  |    0    0    0    0  |    0    0    0    0  |    0    0    0    0  |    0    0    0    0  |    0    0    0    0  |    0  0x1    0    0  |    0  0x1    0    0  |    0  0x8  0x1    0  |    0    0  0x1    0  |    0    0  0x8    0  |    0    0    0    0  |    0    0    0    0  |    0    0    0    0  |    0    0    0    0  |    0    0    0    0  |    0    0    0    0  |    0    0  0x4  0x8  |    0    0  0x2  0x1  |    0    0    0  0x3  |    0    0    0    0  |    0    0    0    0  |    0    0    0    0  |    0    0    0    0  |    0    0    0    0  | 
   0    0    0    0  |    0    0    0    0  |    0    0    0    0  |    0    0    0    0  |    0    0    0    0  |    0    0    0    0  |    0    0    0    0  |    0    0    0    0  |    0    0    0    0  |    0    0    0    0  |    0    0    0    0  |    0    0    0    0  |    0    0    0    0  |    0    0    0    0  |    0    0    0    0  |    0    0    0    0  |    0    0    0    0  |    0    0    0    0  |    0    0    0    0  |    0    0  0xc    0  |    0    0    0    0  |    0    0    0    0  |    0    0    0    0  |    0    0    0    0  |    0    0    0    0  |    0    0    0    0  |    0    0    0    0  |    0    0    0    0  | 
   0    0    0    0  |    0    0    0    0  |    0    0    0    0  |    0    0    0    0  |    0    0    0    0  |    0    0    0    0  |    0    0    0    0  |    0    0    0    0  |    0    0    0    0  |    0    0    0    0  |    0    0    0    0  |    0    0    0    0  |    0    0    0    0  |    0    0    0    0  |    0    0    0    0  |    0    0    0    0  |    0    0    0    0  |    0    0    0    0  |    0    0    0    0  |    0    0    0    0  |    0    0    0    0  |    0    0    0    0  |    0    0    0    0  |    0    0    0    0  |    0    0    0    0  |    0    0    0    0  |    0    0    0    0  |    0    0    0    0  | 
   0    0    0    0  |    0    0    0    0  |    0    0    0    0  |    0    0    0    0  |    0    0    0    0  |    0    0    0    0  |    0    0    0    0  |    0    0    0    0  |    0    0    0    0  |    0    0    0    0  |    0    0    0    0  |    0    0    0    0  |    0    0  0x8    0  |    0    0    0    0  |    0    0    0  0x8  |    0    0    0    0  |    0    0    0    0  |    0    0    0    0  |    0    0    0    0  |    0    0    0    0  |    0    0    0    0  |    0    0    0    0  |    0    0    0    0  |    0    0    0    0  |    0    0    0    0  |    0    0    0    0  |    0    0    0    0  |    0    0    0    0  | 
------------------------
   0    0    0    0  |    0    0    0    0  |    0    0    0    0  |    0    0    0    0  |    0    0    0    0  |    0    0    0    0  |    0    0    0    0  |    0    0    0    0  |    0    0    0    0  |    0    0    0    0  |    0    0    0    0  |    0    0  0x1    0  |    0    0  0x1    0  |    0    0  0x8  0x1  |    0    0    0  0x1  |    0    0    0  0x8  |  0x8    0    0    0  |    0    0    0    0  |    0    0    0    0  |    0    0    0    0  |    0    0    0    0  |    0    0    0    0  |    0    0    0    0  |    0    0    0    0  |    0    0    0    0  |    0    0    0    0  |    0    0    0    0  |    0    0    0    0  | 
   0    0    0    0  |    0    0    0    0  |    0    0    0    0  |    0    0    0    0  |    0    0    0    0  |    0    0    0    0  |    0    0    0    0  |    0    0    0    0  |    0    0    0    0  |    0    0    0    0  |    0    0    0    0  |    0    0    0    0  |    0    0    0    0  |    0    0    0    0  |    0    0    0    0  |    0    0    0    0  |    0    0    0    0  |    0    0    0    0  |    0    0    0    0  |    0    0    0    0  |    0    0    0    0  |    0    0    0    0  |    0    0    0    0  |    0    0    0    0  |    0    0    0    0  |    0    0    0    0  |    0    0    0    0  |    0    0    0    0  | 
   0    0    0    0  |    0    0    0    0  |    0    0    0    0  |    0    0    0    0  |    0    0    0    0  |    0    0    0    0  |    0    0    0    0  |    0    0    0    0  |    0    0    0    0  |    0    0    0    0  |    0    0    0    0  |    0    0    0    0  |    0    0    0    0  |    0    0    0    0  |    0    0    0    0  |    0    0    0    0  |    0    0    0    0  |    0    0    0    0  |    0    0    0    0  |    0    0    0    0  |    0    0    0    0  |    0    0    0    0  |    0    0    0    0  |    0    0    0    0  |    0    0    0    0  |    0    0    0    0  |    0    0    0    0  |    0    0    0    0  | 
   0    0    0    0  |    0    0    0    0  |    0    0    0    0  |    0    0    0    0  |    0    0    0    0  |    0    0    0    0  |    0    0    0    0  |    0    0    0    0  |    0    0    0    0  |    0    0    0    0  |    0    0    0    0  |    0    0    0    0  |    0    0    0    0  |    0    0    0    0  |    0    0    0  0x8  |    0    0    0    0  |    0    0    0    0  |    0    0    0    0  |    0    0    0    0  |    0    0    0    0  |    0    0    0    0  |    0    0    0    0  |    0    0    0    0  |    0    0    0    0  |    0    0    0    0  |    0    0    0    0  |    0    0    0    0  |    0    0    0    0  | 
------------------------
   0    0    0    0  |    0    0    0    0  |    0    0    0    0  |    0    0    0    0  |    0    0    0    0  |    0    0    0    0  |    0    0    0    0  |    0    0    0    0  |    0    0    0    0  |    0    0    0    0  |    0    0    0    0  |    0    0  0x1    0  |    0    0  0x1    0  |    0    0  0x8  0x1  |    0    0    0  0x1  |    0    0    0  0x8  |  0x8    0    0    0  |    0    0    0    0  |    0    0    0    0  |    0    0    0    0  |    0    0  0x4  0x8  |    0    0  0x2  0x1  |    0    0    0  0x3  |    0    0    0    0  |    0    0    0    0  |    0    0    0    0  |    0    0    0    0  |    0    0    0    0  | 
   0    0    0    0  |    0    0    0    0  |    0    0    0    0  |    0    0    0    0  |    0    0    0    0  |    0    0    0    0  |    0    0    0    0  |    0    0    0    0  |    0    0    0    0  |    0    0    0    0  |    0    0    0    0  |    0    0    0    0  |    0    0    0    0  |    0    0    0    0  |    0    0    0    0  |    0    0    0    0  |    0    0    0    0  |    0    0    0    0  |    0    0    0    0  |    0    0  0xc    0  |    0    0    0    0  |    0    0    0    0  |    0    0    0    0  |    0    0    0    0  |    0    0    0    0  |    0    0    0    0  |    0    0    0    0  |    0    0    0    0  | 
   0    0    0    0  |    0    0    0    0  |    0    0    0    0  |    0    0    0    0  |    0    0    0    0  |    0    0    0    0  |    0    0    0    0  |    0    0    0    0  |    0    0    0    0  |    0    0    0    0  |    0    0    0    0  |    0    0    0    0  |    0    0    0    0  |    0    0    0    0  |    0    0    0    0  |    0    0    0    0  |    0    0    0    0  |    0    0    0    0  |    0    0    0    0  |    0    0    0    0  |    0    0    0    0  |    0    0    0    0  |    0    0    0    0  |    0    0    0    0  |    0    0    0    0  |    0    0    0    0  |    0    0    0    0  |    0    0    0    0  | 
   0    0    0    0  |    0    0    0    0  |    0    0    0    0  |    0    0    0    0  |    0    0    0    0  |    0    0    0    0  |    0    0    0    0  |    0    0    0    0  |    0    0    0    0  |    0    0    0    0  |    0    0    0    0  |    0    0    0    0  |    0    0    0    0  |    0    0    0    0  |    0    0    0  0x8  |    0    0    0    0  |    0    0    0    0  |    0    0    0    0  |    0    0    0    0  |    0    0    0    0  |    0    0    0    0  |    0    0    0    0  |    0    0    0    0  |    0    0    0    0  |    0    0    0    0  |    0    0    0    0  |    0    0    0    0  |    0    0    0    0  | 
------------------------
   0    0    0    0  |    0    0    0    0  |    0    0    0    0  |    0    0    0    0  |    0    0    0    0  |    0    0    0    0  |    0    0    0    0  |    0    0    0    0  |    0    0    0    0  |    0  0x1    0    0  |    0  0x1    0    0  |    0  0x8    0    0  |    0    0    0    0  |    0    0    0    0  |    0    0    0    0  |    0    0    0    0  |    0    0    0    0  |    0    0    0    0  |    0    0    0    0  |    0    0    0    0  |    0    0    0    0  |    0    0    0    0  |    0    0    0    0  |    0    0    0    0  |    0    0    0    0  |    0    0    0    0  |    0    0    0    0  |    0    0    0    0  | 
   0    0    0    0  |    0    0    0    0  |    0    0    0    0  |    0    0    0    0  |    0    0    0    0  |    0    0    0    0  |    0    0    0    0  |    0    0    0    0  |    0    0    0    0  |    0    0    0    0  |    0    0    0    0  |    0    0    0    0  |    0    0    0    0  |    0    0    0    0  |    0    0    0    0  |    0    0    0    0  |    0    0    0    0  |    0    0    0    0  |    0    0    0    0  |    0    0    0    0  |    0    0    0    0  |    0    0    0    0  |    0    0    0    0  |    0    0    0    0  |    0    0    0    0  |    0    0    0    0  |    0    0    0    0  |    0    0    0    0  | 
   0    0    0    0  |    0    0    0    0  |    0    0    0    0  |    0    0    0    0  |    0    0  0x8    0  |    0    0    0    0  |    0    0    0    0  |    0    0    0    0  |    0    0    0    0  |    0    0    0    0  |    0    0    0    0  |    0    0    0    0  |    0    0    0    0  |    0    0    0    0  |    0    0    0    0  |    0    0    0    0  |    0    0    0    0  |    0    0    0    0  |    0    0    0    0  |    0    0    0    0  |    0    0    0    0  |    0    0    0    0  |    0    0    0    0  |    0    0    0    0  |    0    0    0    0  |    0    0    0    0  |    0    0    0    0  |    0    0    0    0  | 
   0    0    0    0  |    0  0x1    0    0  |    0  0x1    0    0  |    0  0x8    0    0  |    0    0    0    0  |    0    0    0    0  |    0    0    0    0  |    0    0    0    0  |    0    0    0    0  |    0    0    0    0  |    0    0    0    0  |    0    0    0    0  |    0    0  0x8    0  |    0    0    0    0  |    0    0    0    0  |    0    0    0    0  |    0    0    0    0  |    0    0    0    0  |    0    0    0    0  |    0    0    0    0  |    0    0    0    0  |    0    0    0    0  |    0    0    0    0  |    0    0    0    0  |    0    0    0    0  |    0    0    0    0  |    0    0    0    0  |    0    0    0    0  | 
------------------------
   0    0    0    0  |    0    0    0    0  |    0    0    0    0  |    0    0    0    0  |    0    0    0    0  |    0    0    0    0  |    0    0    0    0  |  0x1    0    0    0  |  0x1    0    0    0  |  0x8  0x1    0    0  |    0  0x1    0    0  |    0  0x8    0    0  |    0    0    0    0  |    0    0    0    0  |    0    0    0    0  |    0    0    0    0  |    0    0    0    0  |    0    0    0    0  |    0    0    0    0  |    0    0    0    0  |    0    0  0x4  0x8  |    0    0  0x2  0x1  |    0    0    0  0x3  |    0    0    0    0  |    0    0    0    0  |    0    0    0    0  |    0    0    0    0  |    0    0    0    0  | 
   0    0    0    0  |    0    0    0    0  |    0    0    0    0  |    0    0    0    0  |    0    0    0    0  |    0    0    0    0  |    0    0    0    0  |    0    0    0    0  |    0    0    0    0  |    0    0    0    0  |    0    0    0    0  |    0    0    0    0  |    0    0    0    0  |    0    0    0    0  |    0    0    0    0  |    0    0    0    0  |    0    0    0    0  |    0    0    0    0  |    0    0    0    0  |    0    0  0xc    0  |    0    0    0    0  |    0    0    0    0  |    0    0    0    0  |    0    0    0    0  |    0    0    0    0  |    0    0    0    0  |    0    0    0    0  |    0    0    0    0  | 
   0    0    0    0  |    0    0    0    0  |    0    0    0    0  |    0    0    0    0  |    0    0    0    0  |    0    0    0    0  |    0    0    0    0  |    0    0    0    0  |    0    0    0    0  |    0    0    0    0  |    0    0    0    0  |    0    0    0    0  |    0    0    0    0  |    0    0    0    0  |    0    0    0    0  |    0    0    0    0  |    0    0    0    0  |    0    0    0    0  |    0    0    0    0  |    0    0    0    0  |    0    0    0    0  |    0    0    0    0  |    0    0    0    0  |    0    0    0    0  |    0    0    0    0  |    0    0    0    0  |    0    0    0    0  |    0    0    0    0  | 
   0    0    0    0  |    0    0    0    0  |    0    0    0    0  |    0    0    0    0  |    0    0    0    0  |    0    0    0    0  |    0    0    0    0  |    0    0    0    0  |    0    0    0    0  |    0    0    0    0  |    0  0x8    0    0  |    0    0    0    0  |    0    0  0x8    0  |    0    0    0    0  |    0    0    0    0  |    0    0    0    0  |    0    0    0    0  |    0    0    0    0  |    0    0    0    0  |    0    0    0    0  |    0    0    0    0  |    0    0    0    0  |    0    0    0    0  |    0    0    0    0  |    0    0    0    0  |    0    0    0    0  |    0    0    0    0  |    0    0    0    0  | 
------------------------
   0    0    0    0  |    0    0    0    0  |    0    0    0    0  |    0    0    0    0  |    0    0    0    0  |    0    0    0    0  |    0    0    0    0  |  0x1    0    0    0  |  0x1    0    0    0  |  0xa  0x1    0    0  |    0  0x3    0    0  |    0  0x8    0    0  |    0    0    0    0  |    0    0    0    0  |    0    0    0    0  |    0    0    0    0  |    0    0    0    0  |    0    0    0    0  |    0    0    0    0  |    0    0    0    0  |    0    0  0x4  0x8  |    0    0  0x2  0x1  |    0    0    0  0x3  |    0    0    0    0  |    0    0    0    0  |    0    0    0    0  |    0    0    0    0  |    0    0    0    0  | 
   0    0    0    0  |    0    0    0    0  |    0    0    0    0  |    0    0    0    0  |    0    0    0    0  |    0    0    0    0  |    0    0    0    0  |    0    0    0    0  |    0    0    0    0  |    0    0    0    0  |    0    0    0    0  |    0    0    0    0  |    0    0    0    0  |    0    0    0    0  |    0    0    0    0  |    0    0    0    0  |    0    0    0    0  |    0    0    0    0  |    0    0    0    0  |    0    0  0xc    0  |    0    0    0    0  |    0    0    0    0  |    0    0    0    0  |    0    0    0    0  |    0    0    0    0  |    0    0    0    0  |    0    0    0    0  |    0    0    0    0  | 
   0    0    0    0  |    0    0    0    0  |    0    0    0    0  |    0    0    0    0  |    0    0    0    0  |    0    0    0    0  |    0    0    0    0  |    0    0    0    0  |    0    0    0    0  |    0    0    0    0  |    0    0    0    0  |    0    0    0    0  |    0    0    0    0  |    0    0    0    0  |    0    0    0    0  |    0    0    0    0  |    0    0    0    0  |    0    0    0    0  |    0    0    0    0  |    0    0    0    0  |    0    0    0    0  |    0    0    0    0  |    0    0    0    0  |    0    0    0    0  |    0    0    0    0  |    0    0    0    0  |    0    0    0    0  |    0    0    0    0  | 
   0    0    0    0  |    0    0    0    0  |    0    0    0    0  |    0    0    0    0  |    0    0    0    0  |    0    0    0    0  |    0    0    0    0  |    0    0    0    0  |    0    0    0    0  |    0    0    0    0  |    0  0x8    0    0  |    0    0    0    0  |    0    0  0x8    0  |    0    0    0    0  |    0    0    0    0  |    0    0    0    0  |    0    0    0    0  |    0    0    0    0  |    0    0    0    0  |    0    0    0    0  |    0    0    0    0  |    0    0    0    0  |    0    0    0    0  |    0    0    0    0  |    0    0    0    0  |    0    0    0    0  |    0    0    0    0  |    0    0    0    0  | 
------------------------
   0    0    0    0  |    0    0    0    0  |    0    0    0    0  |    0    0    0    0  |    0    0    0    0  |    0    0    0    0  |    0    0    0    0  |    0    0    0    0  |    0    0    0    0  |    0  0x1    0    0  |    0  0x1    0    0  |    0  0x8    0    0  |    0    0    0    0  |    0    0    0  0x1  |    0    0    0  0x1  |    0    0    0  0x8  |  0x8    0    0    0  |    0    0    0    0  |    0    0    0    0  |    0    0    0    0  |    0    0    0    0  |    0    0    0    0  |    0    0    0    0  |    0    0    0    0  |    0    0    0    0  |    0    0    0    0  |    0    0    0    0  |    0    0    0    0  | 
   0    0    0    0  |    0    0    0    0  |    0    0    0    0  |    0    0    0    0  |    0    0    0    0  |    0    0    0    0  |    0    0    0    0  |    0    0    0    0  |    0    0    0    0  |    0    0    0    0  |    0    0    0    0  |    0    0    0    0  |    0    0    0    0  |    0    0    0    0  |    0    0    0    0  |    0    0    0    0  |    0    0    0    0  |    0    0    0    0  |    0    0    0    0  |    0    0    0    0  |    0    0    0    0  |    0    0    0    0  |    0    0    0    0  |    0    0    0    0  |    0    0    0    0  |    0    0    0    0  |    0    0    0    0  |    0    0    0    0  | 
   0    0    0    0  |    0    0    0    0  |    0    0    0    0  |    0    0    0    0  |    0    0    0    0  |    0    0    0    0  |    0    0    0    0  |    0    0    0    0  |    0    0    0    0  |    0    0    0    0  |    0    0    0    0  |    0    0    0    0  |    0    0    0    0  |    0    0    0    0  |    0    0    0    0  |    0    0    0    0  |    0    0    0    0  |    0    0    0    0  |    0    0    0    0  |    0    0    0    0  |    0    0    0    0  |    0    0    0    0  |    0    0    0    0  |    0    0    0    0  |    0    0    0    0  |    0    0    0    0  |    0    0    0    0  |    0    0    0    0  | 
   0    0    0    0  |    0    0    0    0  |    0    0    0    0  |    0    0    0    0  |    0    0    0    0  |    0    0    0    0  |    0    0    0    0  |    0    0    0    0  |    0    0    0    0  |    0    0    0    0  |    0    0    0    0  |    0    0    0    0  |    0    0  0x8    0  |    0    0    0    0  |    0    0    0    0  |    0    0    0    0  |    0    0    0    0  |    0    0    0    0  |    0    0    0    0  |    0    0    0    0  |    0    0    0    0  |    0    0    0    0  |    0    0    0    0  |    0    0    0    0  |    0    0    0    0  |    0    0    0    0  |    0    0    0    0  |    0    0    0    0  | 
------------------------
   0    0    0    0  |    0    0    0    0  |    0    0    0    0  |    0    0    0    0  |    0    0    0    0  |    0    0    0    0  |    0    0    0    0  |    0    0    0    0  |    0    0    0    0  |    0    0    0    0  |    0    0    0    0  |    0    0  0x8    0  |    0    0    0    0  |    0    0    0  0x8  |  0xa    0    0    0  |  0x3    0    0    0  |  0x1  0xa    0    0  |    0  0x3    0    0  |    0  0x1  0xa    0  |    0    0  0x3    0  |    0    0  0x5  0xa  |    0    0  0x2  0x1  |    0    0    0  0x3  |    0    0    0    0  |    0    0    0    0  |    0    0    0    0  |    0    0    0    0  |    0    0    0    0  | 
   0    0    0    0  |    0    0    0    0  |    0    0    0    0  |    0    0    0    0  |    0    0    0    0  |    0    0    0    0  |    0    0    0    0  |    0    0    0    0  |    0    0    0    0  |    0    0    0    0  |    0    0    0    0  |    0    0    0    0  |    0    0    0    0  |    0    0    0    0  |    0    0    0    0  |  0x8    0    0    0  |    0    0    0    0  |    0  0x8    0    0  |    0    0    0    0  |    0    0  0xc    0  |    0    0    0    0  |    0    0    0    0  |    0    0    0    0  |    0    0    0    0  |    0    0    0    0  |    0    0    0    0  |    0    0    0    0  |    0    0    0    0  | 
   0    0    0    0  |    0    0    0    0  |    0    0    0    0  |    0    0    0    0  |    0    0    0    0  |    0    0    0    0  |    0    0    0    0  |    0    0    0    0  |    0    0    0    0  |    0    0    0    0  |    0    0    0    0  |    0    0    0    0  |    0    0    0    0  |    0    0    0    0  |    0    0    0    0  |    0    0    0    0  |    0    0    0    0  |    0    0    0    0  |    0    0    0    0  |    0    0    0    0  |    0    0    0    0  |    0    0    0    0  |    0    0    0    0  |    0    0    0    0  |    0    0    0    0  |    0    0    0    0  |    0    0    0    0  |    0    0    0    0  | 
   0    0    0    0  |    0    0    0    0  |    0    0    0    0  |    0    0    0    0  |    0    0    0    0  |    0    0    0    0  |    0    0    0    0  |    0    0    0    0  |    0    0    0    0  |    0    0    0    0  |    0    0    0    0  |    0    0    0    0  |    0    0    0  0x8  |    0    0    0  0x3  |    0    0    0  0x1  |    0    0    0    0  |    0    0    0    0  |    0    0    0    0  |    0    0    0    0  |    0    0    0    0  |    0    0    0    0  |    0    0    0    0  |    0    0    0    0  |    0    0    0    0  |    0    0    0    0  |    0    0    0    0  |    0    0    0    0  |    0    0    0    0  | 
------------------------
   0    0    0    0  |    0    0    0    0  |    0    0    0    0  |    0    0    0    0  |    0    0    0    0  |    0    0    0    0  |    0    0    0    0  |    0    0    0    0  |    0    0    0    0  |    0    0    0    0  |    0    0    0    0  |    0    0  0x1    0  |    0    0  0x1    0  |    0    0  0xa  0x1  |    0    0    0  0x3  |    0    0    0  0x8  |  0x8    0    0    0  |    0    0    0    0  |    0    0    0    0  |    0    0    0    0  |    0    0    0    0  |    0    0    0    0  |    0    0    0    0  |    0    0    0    0  |    0    0    0    0  |    0    0    0    0  |    0    0    0    0  |    0    0    0    0  | 
   0    0    0    0  |    0    0    0    0  |    0    0    0    0  |    0    0    0    0  |    0    0    0    0  |    0    0    0    0  |    0    0    0    0  |    0    0    0    0  |    0    0    0    0  |    0    0    0    0  |    0    0    0    0  |    0    0    0    0  |    0    0    0    0  |    0    0    0    0  |    0    0    0    0  |    0    0    0    0  |    0    0    0    0  |    0    0    0    0  |    0    0    0    0  |    0    0    0    0  |    0    0    0    0  |    0    0    0    0  |    0    0    0    0  |    0    0    0    0  |    0    0    0    0  |    0    0    0    0  |    0    0    0    0  |    0    0    0    0  | 
   0    0    0    0  |    0    0    0    0  |    0    0    0    0  |    0    0    0    0  |    0    0    0    0  |    0    0    0    0  |    0    0    0    0  |    0    0    0    0  |    0    0    0    0  |    0    0    0    0  |    0    0    0    0  |    0    0    0    0  |    0    0    0    0  |    0    0    0    0  |    0    0    0    0  |    0    0    0    0  |    0    0    0    0  |    0    0    0    0  |    0    0    0    0  |    0    0    0    0  |    0    0    0    0  |    0    0    0    0  |    0    0    0    0  |    0    0    0    0  |    0    0    0    0  |    0    0    0    0  |    0    0    0    0  |    0    0    0    0  | 
   0    0    0    0  |    0    0    0    0  |    0    0    0    0  |    0    0    0    0  |    0    0    0    0  |    0    0    0    0  |    0    0    0    0  |    0    0    0    0  |    0    0    0    0  |    0    0    0    0  |    0    0    0    0  |    0    0    0    0  |    0    0    0    0  |    0    0    0    0  |    0    0    0  0x8  |    0    0    0    0  |    0    0    0    0  |    0    0    0    0  |    0    0    0    0  |    0    0    0    0  |    0    0    0    0  |    0    0    0    0  |    0    0    0    0  |    0    0    0    0  |    0    0    0    0  |    0    0    0    0  |    0    0    0    0  |    0    0    0    0  | 
------------------------
   0    0    0    0  |    0    0    0    0  |    0    0    0    0  |    0    0    0    0  |    0    0    0    0  |    0    0    0    0  |    0    0    0    0  |    0    0    0    0  |    0    0    0    0  |    0    0    0    0  |    0    0    0    0  |    0    0  0x1    0  |    0    0  0x1    0  |    0    0  0xa  0x1  |    0    0    0  0x3  |    0    0    0  0x8  |  0x8    0    0    0  |    0    0    0    0  |    0    0    0    0  |    0    0    0    0  |    0    0  0x4  0x8  |    0    0  0x2  0x1  |    0    0    0  0x3  |    0    0    0    0  |    0    0    0    0  |    0    0    0    0  |    0    0    0    0  |    0    0    0    0  | 
   0    0    0    0  |    0    0    0    0  |    0    0    0    0  |    0    0    0    0  |    0    0    0    0  |    0    0    0    0  |    0    0    0    0  |    0    0    0    0  |    0    0    0    0  |    0    0    0    0  |    0    0    0    0  |    0    0    0    0  |    0    0    0    0  |    0    0    0    0  |    0    0    0    0  |    0    0    0    0  |    0    0    0    0  |    0    0    0    0  |    0    0    0    0  |    0    0  0xc    0  |    0    0    0    0  |    0    0    0    0  |    0    0    0    0  |    0    0    0    0  |    0    0    0    0  |    0    0    0    0  |    0    0    0    0  |    0    0    0    0  | 
   0    0    0    0  |    0    0    0    0  |    0    0    0    0  |    0    0    0    0  |    0    0    0    0  |    0    0    0    0  |    0    0    0    0  |    0    0    0    0  |    0    0    0    0  |    0    0    0    0  |    0    0    0    0  |    0    0    0    0  |    0    0    0    0  |    0    0    0    0  |    0    0    0    0  |    0    0    0    0  |    0    0    0    0  |    0    0    0    0  |    0    0    0    0  |    0    0    0    0  |    0    0    0    0  |    0    0    0    0  |    0    0    0    0  |    0    0    0    0  |    0    0    0    0  |    0    0    0    0  |    0    0    0    0  |    0    0    0    0  | 
   0    0    0    0  |    0    0    0    0  |    0    0    0    0  |    0    0    0    0  |    0    0    0    0  |    0    0    0    0  |    0    0    0    0  |    0    0    0    0  |    0    0    0    0  |    0    0    0    0  |    0    0    0    0  |    0    0    0    0  |    0    0    0    0  |    0    0    0    0  |    0    0    0  0x8  |    0    0    0    0  |    0    0    0    0  |    0    0    0    0  |    0    0    0    0  |    0    0    0    0  |    0    0    0    0  |    0    0    0    0  |    0    0    0    0  |    0    0    0    0  |    0    0    0    0  |    0    0    0    0  |    0    0    0    0  |    0    0    0    0  | 
------------------------
   0    0    0    0  |    0    0    0    0  |    0    0    0    0  |    0    0    0    0  |    0    0    0    0  |    0    0    0    0  |    0    0    0    0  |    0    0    0    0  |    0    0    0    0  |    0  0x1    0    0  |    0  0x1    0    0  |    0  0x8    0    0  |    0    0    0    0  |    0    0    0    0  |    0    0    0    0  |    0    0    0    0  |    0    0    0    0  |    0    0    0    0  |    0    0    0    0  |    0    0    0    0  |    0    0  0x4  0x8  |    0    0  0x2  0x1  |    0    0    0  0x3  |    0    0    0    0  |    0    0    0    0  |    0    0    0    0  |    0    0    0    0  |    0    0    0    0  | 
   0    0    0    0  |    0    0    0    0  |    0    0    0    0  |    0    0    0    0  |    0    0    0    0  |    0    0    0    0  |    0    0    0    0  |    0    0    0    0  |    0    0    0    0  |    0    0    0    0  |    0    0    0    0  |    0    0    0    0  |    0    0    0    0  |    0    0    0    0  |    0    0    0    0  |    0    0    0    0  |    0    0    0    0  |    0    0    0    0  |    0    0    0    0  |    0    0  0xc    0  |    0    0    0    0  |    0    0    0    0  |    0    0    0    0  |    0    0    0    0  |    0    0    0    0  |    0    0    0    0  |    0    0    0    0  |    0    0    0    0  | 
   0    0    0    0  |    0    0    0    0  |    0    0    0    0  |    0    0    0    0  |    0    0  0x8    0  |    0    0    0    0  |    0    0    0    0  |    0    0    0    0  |    0    0    0    0  |    0    0    0    0  |    0    0    0    0  |    0    0    0    0  |    0    0    0    0  |    0    0    0    0  |    0    0    0    0  |    0    0    0    0  |    0    0    0    0  |    0    0    0    0  |    0    0    0    0  |    0    0    0    0  |    0    0    0    0  |    0    0    0    0  |    0    0    0    0  |    0    0    0    0  |    0    0    0    0  |    0    0    0    0  |    0    0    0    0  |    0    0    0    0  | 
   0    0    0    0  |    0  0x1    0    0  |    0  0x1    0    0  |    0  0x8    0    0  |    0    0    0    0  |    0    0    0    0  |    0    0    0    0  |    0    0    0    0  |    0    0    0    0  |    0    0    0    0  |    0    0    0    0  |    0    0    0    0  |    0    0  0x8    0  |    0    0    0    0  |    0    0    0    0  |    0    0    0    0  |    0    0    0    0  |    0    0    0    0  |    0    0    0    0  |    0    0    0    0  |    0    0    0    0  |    0    0    0    0  |    0    0    0    0  |    0    0    0    0  |    0    0    0    0  |    0    0    0    0  |    0    0    0    0  |    0    0    0    0  | 
------------------------
   0    0    0    0  |    0    0    0    0  |    0    0    0    0  |    0    0    0    0  |    0    0    0    0  |    0    0    0    0  |    0    0    0    0  |    0    0    0    0  |    0    0    0    0  |    0    0    0    0  |    0    0    0    0  |    0    0  0x1    0  |    0    0  0x1    0  |    0    0  0x8    0  |    0    0    0    0  |    0    0    0    0  |    0  0x8    0    0  |    0  0x3    0    0  |    0  0x1  0xa    0  |    0    0  0x3    0  |    0    0  0x1  0x2  |    0    0    0    0  |    0    0    0    0  |    0    0    0    0  |    0    0    0    0  |    0    0    0    0  |    0    0    0    0  |    0    0    0    0  | 
   0    0    0    0  |    0    0    0    0  |    0    0    0    0  |    0    0    0    0  |    0    0    0    0  |    0    0    0    0  |    0    0    0    0  |    0    0    0    0  |    0    0    0    0  |    0    0    0    0  |    0    0    0    0  |    0    0    0    0  |    0    0    0    0  |    0    0    0    0  |    0    0    0    0  |  0x8    0    0    0  |    0    0    0    0  |    0  0x8    0    0  |    0    0    0    0  |    0    0    0    0  |    0    0    0    0  |    0    0    0    0  |    0    0    0    0  |    0    0    0    0  |    0    0    0    0  |    0    0    0    0  |    0    0    0    0  |    0    0    0    0  | 
   0    0    0    0  |    0    0    0    0  |    0    0    0    0  |    0    0    0    0  |    0    0    0    0  |    0    0    0    0  |    0    0    0    0  |    0    0    0    0  |    0    0    0    0  |    0    0    0    0  |    0    0    0    0  |    0    0    0    0  |    0    0    0    0  |    0    0    0    0  |    0    0    0    0  |    0    0    0    0  |    0    0    0    0  |    0    0    0    0  |    0    0    0    0  |    0    0    0    0  |    0    0    0    0  |    0    0    0    0  |    0    0    0    0  |    0    0    0    0  |    0    0    0    0  |    0    0    0    0  |    0    0    0    0  |    0    0    0    0  | 
   0    0    0    0  |    0    0    0    0  |    0    0    0    0  |    0    0    0    0  |    0    0    0    0  |    0    0    0    0  |    0    0    0    0  |    0    0    0    0  |    0    0    0    0  |    0    0    0    0  |    0    0    0    0  |    0    0    0    0  |    0    0    0    0  |    0    0    0    0  |    0    0    0  0x8  |    0    0    0    0  |    0    0    0    0  |    0    0    0    0  |    0    0    0    0  |    0    0    0    0  |    0    0    0    0  |    0    0    0    0  |    0    0    0    0  |    0    0    0    0  |    0    0    0    0  |    0    0    0    0  |    0    0    0    0  |    0    0    0    0  | 
------------------------
   0    0    0    0  |    0    0    0    0  |    0    0    0    0  |    0    0    0    0  |    0    0    0    0  |    0    0    0    0  |    0    0    0    0  |    0    0    0    0  |    0    0    0    0  |    0  0x1    0    0  |    0  0x1    0    0  |    0  0x8    0    0  |    0    0    0    0  |    0    0    0    0  |    0    0    0    0  |    0    0    0    0  |    0  0x8    0    0  |    0  0x3    0    0  |    0  0x1  0xa    0  |    0    0  0x3    0  |    0    0  0x1  0x2  |    0    0    0    0  |    0    0    0    0  |    0    0    0    0  |    0    0    0    0  |    0    0    0    0  |    0    0    0    0  |    0    0    0    0  | 
   0    0    0    0  |    0    0    0    0  |    0    0    0    0  |    0    0    0    0  |    0    0    0    0  |    0    0    0    0  |    0    0    0    0  |    0    0    0    0  |    0    0    0    0  |    0    0    0    0  |    0    0    0    0  |    0    0    0    0  |    0    0    0    0  |    0    0    0    0  |    0    0    0    0  |  0x8    0    0    0  |    0    0    0    0  |    0  0x8    0    0  |    0    0    0    0  |    0    0    0    0  |    0    0    0    0  |    0    0    0    0  |    0    0    0    0  |    0    0    0    0  |    0    0    0    0  |    0    0    0    0  |    0    0    0    0  |    0    0    0    0  | 
   0    0    0    0  |    0    0    0    0  |    0    0    0    0  |    0    0    0    0  |    0    0    0    0  |    0    0    0    0  |    0    0    0    0  |    0    0    0    0  |    0    0    0    0  |    0    0    0    0  |    0    0    0    0  |    0    0    0    0  |    0    0    0    0  |    0    0    0    0  |    0    0    0    0  |    0    0    0    0  |    0    0    0    0  |    0    0    0    0  |    0    0    0    0  |    0    0    0    0  |    0    0    0    0  |    0    0    0    0  |    0    0    0    0  |    0    0    0    0  |    0    0    0    0  |    0    0    0    0  |    0    0    0    0  |    0    0    0    0  | 
   0    0    0    0  |    0    0    0    0  |    0    0    0    0  |    0    0    0    0  |    0    0    0    0  |    0    0    0    0  |    0    0    0    0  |    0    0    0    0  |    0    0    0    0  |    0    0    0    0  |    0    0    0    0  |    0    0    0    0  |    0    0  0x8    0  |    0    0    0    0  |    0    0    0    0  |    0    0    0    0  |    0    0    0    0  |    0    0    0    0  |    0    0    0    0  |    0    0    0    0  |    0    0    0    0  |    0    0    0    0  |    0    0    0    0  |    0    0    0    0  |    0    0    0    0  |    0    0    0    0  |    0    0    0    0  |    0    0    0    0  | 
------------------------
   0    0    0    0  |    0    0    0    0  |    0    0    0    0  |    0    0    0    0  |    0    0    0    0  |    0    0    0    0  |    0    0    0    0  |    0    0    0    0  |    0    0    0    0  |    0    0    0    0  |    0    0    0    0  |    0    0  0x1    0  |    0    0  0x1    0  |    0    0  0x8    0  |    0    0    0    0  |    0    0    0    0  |    0    0    0    0  |    0    0    0    0  |    0    0    0    0  |    0    0    0    0  |    0    0    0    0  |    0    0    0    0  |    0    0    0    0  |    0    0    0    0  |    0    0    0    0  |    0    0    0    0  |    0    0    0    0  |    0    0    0    0  | 
   0    0    0    0  |    0    0    0    0  |    0    0    0    0  |    0    0    0    0  |    0    0    0    0  |    0    0    0    0  |    0    0    0    0  |    0    0    0    0  |    0    0    0    0  |    0    0    0    0  |    0    0    0    0  |    0    0    0    0  |    0    0    0    0  |    0    0    0    0  |    0    0    0    0  |    0    0    0    0  |    0    0    0    0  |    0    0    0    0  |    0    0    0    0  |    0    0    0    0  |    0    0    0    0  |    0    0    0    0  |    0    0    0    0  |    0    0    0    0  |    0    0    0    0  |    0    0    0    0  |    0    0    0    0  |    0    0    0    0  | 
   0    0    0    0  |    0    0    0    0  |    0    0    0    0  |    0    0    0    0  |    0    0  0x8    0  |    0    0    0    0  |    0    0    0    0  |    0    0    0    0  |    0    0    0    0  |    0    0    0    0  |    0    0    0    0  |    0    0    0    0  |    0    0    0    0  |    0    0    0    0  |    0    0    0    0  |    0    0    0    0  |    0    0    0    0  |    0    0    0    0  |    0    0    0    0  |    0    0    0    0  |    0    0    0    0  |    0    0    0    0  |    0    0    0    0  |    0    0    0    0  |    0    0    0    0  |    0    0    0    0  |    0    0    0    0  |    0    0    0    0  | 
   0    0    0    0  |    0  0x1    0    0  |    0  0x1    0    0  |    0  0x8    0    0  |    0    0    0    0  |    0    0    0    0  |    0    0    0    0  |    0    0    0    0  |    0    0    0    0  |    0    0    0    0  |    0    0    0    0  |    0    0    0    0  |    0    0    0    0  |    0    0    0    0  |    0    0    0  0x8  |    0    0    0    0  |    0    0    0    0  |    0    0    0    0  |    0    0    0    0  |    0    0    0    0  |    0    0    0    0  |    0    0    0    0  |    0    0    0    0  |    0    0    0    0  |    0    0    0    0  |    0    0    0    0  |    0    0    0    0  |    0    0    0    0  | 
------------------------
   0    0    0    0  |    0    0    0    0  |    0    0    0    0  |    0    0    0    0  |    0    0    0    0  |    0    0    0    0  |    0    0    0    0  |    0    0    0    0  |    0    0    0    0  |    0    0    0    0  |    0    0    0    0  |    0    0  0x1    0  |    0    0  0x1    0  |    0    0  0x8    0  |    0    0    0    0  |    0    0    0    0  |    0    0    0    0  |    0    0    0    0  |    0    0    0    0  |    0    0    0    0  |    0    0  0x4  0x8  |    0    0  0x2  0x1  |    0    0    0  0x3  |    0    0    0    0  |    0    0    0    0  |    0    0    0    0  |    0    0    0    0  |    0    0    0    0  | 
   0    0    0    0  |    0    0    0    0  |    0    0    0    0  |    0    0    0    0  |    0    0    0    0  |    0    0    0    0  |    0    0    0    0  |    0    0    0    0  |    0    0    0    0  |    0    0    0    0  |    0    0    0    0  |    0    0    0    0  |    0    0    0    0  |    0    0    0    0  |    0    0    0    0  |    0    0    0    0  |    0    0    0    0  |    0    0    0    0  |    0    0    0    0  |    0    0  0xc    0  |    0    0    0    0  |    0    0    0    0  |    0    0    0    0  |    0    0    0    0  |    0    0    0    0  |    0    0    0    0  |    0    0    0    0  |    0    0    0    0  | 
   0    0    0    0  |    0    0    0    0  |    0    0    0    0  |    0    0    0    0  |    0    0  0x8    0  |    0    0    0    0  |    0    0    0    0  |    0    0    0    0  |    0    0    0    0  |    0    0    0    0  |    0    0    0    0  |    0    0    0    0  |    0    0    0    0  |    0    0    0    0  |    0    0    0    0  |    0    0    0    0  |    0    0    0    0  |    0    0    0    0  |    0    0    0    0  |    0    0    0    0  |    0    0    0    0  |    0    0    0    0  |    0    0    0    0  |    0    0    0    0  |    0    0    0    0  |    0    0    0    0  |    0    0    0    0  |    0    0    0    0  | 
   0    0    0    0  |    0  0x1    0    0  |    0  0x1    0    0  |    0  0x8    0    0  |    0    0    0    0  |    0    0    0    0  |    0    0    0    0  |    0    0    0    0  |    0    0    0    0  |    0    0    0    0  |    0    0    0    0  |    0    0    0    0  |    0    0    0    0  |    0    0    0    0  |    0    0    0  0x8  |    0    0    0    0  |    0    0    0    0  |    0    0    0    0  |    0    0    0    0  |    0    0    0    0  |    0    0    0    0  |    0    0    0    0  |    0    0    0    0  |    0    0    0    0  |    0    0    0    0  |    0    0    0    0  |    0    0    0    0  |    0    0    0    0  | 
------------------------
   0    0    0    0  |    0    0    0    0  |    0    0    0    0  |    0    0    0    0  |    0    0    0    0  |    0    0    0    0  |    0    0    0    0  |    0    0    0    0  |    0    0    0    0  |    0    0    0    0  |    0    0    0    0  |    0    0    0    0  |    0    0    0    0  |    0    0    0    0  |    0    0    0    0  |    0    0    0    0  |    0    0    0    0  |    0    0    0    0  |    0    0    0    0  |    0    0    0    0  |    0    0  0x8    0  |    0    0    0    0  |    0    0    0    0  |    0    0    0    0  |    0    0    0    0  |    0    0    0    0  |    0    0    0    0  |    0    0    0    0  | 
   0    0    0    0  |    0    0    0    0  |    0    0    0    0  |    0    0    0    0  |    0    0    0    0  |    0    0    0    0  |    0    0    0    0  |    0    0    0    0  |    0    0    0    0  |    0    0    0    0  |    0    0    0    0  |    0    0    0    0  |    0    0    0    0  |    0    0    0    0  |    0    0    0    0  |    0    0    0    0  |    0    0    0    0  |    0  0x1    0    0  |    0  0x1    0    0  |    0  0x8    0    0  |    0    0    0    0  |    0    0    0    0  |    0    0    0    0  |    0    0    0    0  |    0    0    0    0  |    0    0    0    0  |    0    0    0    0  |    0    0    0    0  | 
   0    0    0    0  |    0    0    0    0  |    0    0    0    0  |    0    0    0    0  |    0    0  0x8    0  |    0    0    0    0  |    0    0    0    0  |    0    0    0    0  |    0    0    0    0  |    0    0    0    0  |    0    0    0    0  |    0    0    0    0  |    0    0    0    0  |    0    0    0    0  |    0    0    0    0  |    0    0    0    0  |    0    0    0    0  |    0    0    0    0  |    0    0    0    0  |    0    0    0    0  |    0    0    0    0  |    0    0    0    0  |    0    0    0    0  |    0    0    0    0  |    0    0    0    0  |    0    0    0    0  |    0    0    0    0  |    0    0    0    0  | 
   0    0    0    0  |    0  0x1    0    0  |    0  0x1    0    0  |    0  0x8    0    0  |    0    0    0    0  |    0    0    0    0  |    0    0    0    0  |    0    0    0    0  |    0    0    0    0  |    0    0    0    0  |    0    0    0    0  |    0    0    0    0  |    0    0    0    0  |    0    0    0    0  |    0    0    0    0  |    0    0    0    0  |    0    0    0    0  |    0    0    0    0  |    0    0    0    0  |    0    0    0    0  |    0    0    0    0  |    0    0    0    0  |    0    0    0    0  |    0    0    0    0  |    0    0    0    0  |    0    0    0    0  |    0    0    0    0  |    0    0    0    0  | 
------------------------
   0    0    0    0  |    0    0    0    0  |    0    0    0    0  |    0    0    0    0  |    0    0    0    0  |    0    0    0    0  |    0    0    0    0  |    0    0    0    0  |    0    0    0    0  |    0    0    0    0  |    0    0    0    0  |    0    0    0    0  |    0    0    0    0  |    0    0    0    0  |    0    0    0    0  |    0    0    0    0  |    0  0x8    0    0  |    0  0x3    0    0  |    0  0x1  0xa    0  |    0    0  0x3    0  |    0    0  0x1  0x2  |    0    0    0    0  |    0    0    0    0  |    0    0    0    0  |    0    0    0    0  |    0    0    0    0  |    0    0    0    0  |    0    0    0    0  | 
   0    0    0    0  |    0    0    0    0  |    0    0    0    0  |    0    0    0    0  |    0    0    0    0  |    0    0    0    0  |    0    0    0    0  |    0    0    0    0  |    0    0    0    0  |    0    0    0    0  |    0    0    0    0  |    0    0    0    0  |    0    0    0    0  |    0    0    0    0  |    0    0    0    0  |  0x8    0    0    0  |    0    0    0    0  |    0  0x8    0    0  |    0    0    0    0  |    0    0    0    0  |    0    0    0    0  |    0    0    0    0  |    0    0    0    0  |    0    0    0    0  |    0    0    0    0  |    0    0    0    0  |    0    0    0    0  |    0    0    0    0  | 
   0    0    0    0  |    0    0    0    0  |    0    0    0    0  |    0    0    0    0  |    0    0  0x8    0  |    0    0    0    0  |    0    0    0    0  |    0    0    0    0  |    0    0    0    0  |    0    0    0    0  |    0    0    0    0  |    0    0    0    0  |    0    0    0    0  |    0    0    0    0  |    0    0    0    0  |    0    0    0    0  |    0    0    0    0  |    0    0    0    0  |    0    0    0    0  |    0    0    0    0  |    0    0    0    0  |    0    0    0    0  |    0    0    0    0  |    0    0    0    0  |    0    0    0    0  |    0    0    0    0  |    0    0    0    0  |    0    0    0    0  | 
   0    0    0    0  |    0  0x1    0    0  |    0  0x1    0    0  |    0  0x8    0    0  |    0    0    0    0  |    0    0    0    0  |    0    0    0    0  |    0    0    0    0  |    0    0    0    0  |    0    0    0    0  |    0    0    0    0  |    0    0    0    0  |    0    0    0    0  |    0    0    0    0  |    0    0    0    0  |    0    0    0    0  |    0    0    0    0  |    0    0    0    0  |    0    0    0    0  |    0    0    0    0  |    0    0    0    0  |    0    0    0    0  |    0    0    0    0  |    0    0    0    0  |    0    0    0    0  |    0    0    0    0  |    0    0    0    0  |    0    0    0    0  | 
------------------------
   0    0    0    0  |    0    0    0    0  |    0    0    0    0  |    0    0    0    0  |    0    0    0    0  |    0    0    0    0  |    0    0    0    0  |    0    0    0    0  |    0    0    0    0  |    0  0x1    0    0  |    0  0x1    0    0  |    0  0x8    0    0  |    0    0    0    0  |    0    0    0    0  |    0    0    0    0  |    0    0    0    0  |    0    0    0    0  |    0    0    0    0  |    0    0    0    0  |    0    0    0    0  |    0    0  0x8    0  |    0    0    0    0  |    0    0    0    0  |    0    0    0    0  |    0    0    0    0  |    0    0    0    0  |    0    0    0    0  |    0    0    0    0  | 
   0    0    0    0  |    0    0    0    0  |    0    0    0    0  |    0    0    0    0  |    0    0    0    0  |    0    0    0    0  |    0    0    0    0  |    0    0    0    0  |    0    0    0    0  |    0    0    0    0  |    0    0    0    0  |    0    0    0    0  |    0    0    0    0  |    0    0    0    0  |    0    0    0    0  |    0    0    0    0  |    0    0    0    0  |    0  0x1    0    0  |    0  0x1    0    0  |    0  0x8    0    0  |    0    0    0    0  |    0    0    0    0  |    0    0    0    0  |    0    0    0    0  |    0    0    0    0  |    0    0    0    0  |    0    0    0    0  |    0    0    0    0  | 
   0    0    0    0  |    0    0    0    0  |    0    0    0    0  |    0    0    0    0  |    0    0    0    0  |    0    0    0    0  |    0    0    0    0  |    0    0    0    0  |    0    0    0    0  |    0    0    0    0  |    0    0    0    0  |    0    0    0    0  |    0    0    0    0  |    0    0    0    0  |    0    0    0    0  |    0    0    0    0  |    0    0    0    0  |    0    0    0    0  |    0    0    0    0  |    0    0    0    0  |    0    0    0    0  |    0    0    0    0  |    0    0    0    0  |    0    0    0    0  |    0    0    0    0  |    0    0    0    0  |    0    0    0    0  |    0    0    0    0  | 
   0    0    0    0  |    0    0    0    0  |    0    0    0    0  |    0    0    0    0  |    0    0    0    0  |    0    0    0    0  |    0    0    0    0  |    0    0    0    0  |    0    0    0    0  |    0    0    0    0  |    0    0    0    0  |    0    0    0    0  |    0    0  0x8    0  |    0    0    0    0  |    0    0    0    0  |    0    0    0    0  |    0    0    0    0  |    0    0    0    0  |    0    0    0    0  |    0    0    0    0  |    0    0    0    0  |    0    0    0    0  |    0    0    0    0  |    0    0    0    0  |    0    0    0    0  |    0    0    0    0  |    0    0    0    0  |    0    0    0    0  | 
------------------------
   0    0    0    0  |    0    0    0    0  |    0    0    0    0  |    0    0    0    0  |    0    0    0    0  |    0    0    0    0  |    0    0    0    0  |    0    0    0    0  |    0    0    0    0  |    0  0x1    0    0  |    0  0x1    0    0  |    0  0x8    0    0  |    0    0    0    0  |    0    0    0    0  |    0    0    0    0  |    0    0    0    0  |    0    0    0    0  |    0    0    0    0  |    0    0    0    0  |    0    0    0    0  |    0    0  0xc  0x8  |    0    0  0x2  0x1  |    0    0    0  0x3  |    0    0    0    0  |    0    0    0    0  |    0    0    0    0  |    0    0    0    0  |    0    0    0    0  | 
   0    0    0    0  |    0    0    0    0  |    0    0    0    0  |    0    0    0    0  |    0    0    0    0  |    0    0    0    0  |    0    0    0    0  |    0    0    0    0  |    0    0    0    0  |    0    0    0    0  |    0    0    0    0  |    0    0    0    0  |    0    0    0    0  |    0    0    0    0  |    0    0    0    0  |    0    0    0    0  |    0    0    0    0  |    0  0x1    0    0  |    0  0x1    0    0  |    0  0x8  0xc    0  |    0    0    0    0  |    0    0    0    0  |    0    0    0    0  |    0    0    0    0  |    0    0    0    0  |    0    0    0    0  |    0    0    0    0  |    0    0    0    0  | 
   0    0    0    0  |    0    0    0    0  |    0    0    0    0  |    0    0    0    0  |    0    0    0    0  |    0    0    0    0  |    0    0    0    0  |    0    0    0    0  |    0    0    0    0  |    0    0    0    0  |    0    0    0    0  |    0    0    0    0  |    0    0    0    0  |    0    0    0    0  |    0    0    0    0  |    0    0    0    0  |    0    0    0    0  |    0    0    0    0  |    0    0    0    0  |    0    0    0    0  |    0    0    0    0  |    0    0    0    0  |    0    0    0    0  |    0    0    0    0  |    0    0    0    0  |    0    0    0    0  |    0    0    0    0  |    0    0    0    0  | 
   0    0    0    0  |    0    0    0    0  |    0    0    0    0  |    0    0    0    0  |    0    0    0    0  |    0    0    0    0  |    0    0    0    0  |    0    0    0    0  |    0    0    0    0  |    0    0    0    0  |    0    0    0    0  |    0    0    0    0  |    0    0  0x8    0  |    0    0    0    0  |    0    0    0    0  |    0    0    0    0  |    0    0    0    0  |    0    0    0    0  |    0    0    0    0  |    0    0    0    0  |    0    0    0    0  |    0    0    0    0  |    0    0    0    0  |    0    0    0    0  |    0    0    0    0  |    0    0    0    0  |    0    0    0    0  |    0    0    0    0  | 
------------------------
   0    0    0    0  |    0    0    0    0  |    0    0    0    0  |    0    0    0    0  |    0    0    0    0  |    0    0    0    0  |    0    0    0    0  |    0    0    0    0  |    0    0    0    0  |    0    0    0    0  |    0    0    0    0  |    0    0    0    0  |    0    0    0    0  |    0    0    0    0  |    0    0    0    0  |    0    0    0    0  |    0  0x8    0    0  |    0  0x3    0    0  |    0  0x9  0xa    0  |    0    0  0x3    0  |    0    0  0x1  0x2  |    0    0    0    0  |    0    0    0    0  |    0    0    0    0  |    0    0    0    0  |    0    0    0    0  |    0    0    0    0  |    0    0    0    0  | 
   0    0    0    0  |    0    0    0    0  |    0    0    0    0  |    0    0    0    0  |    0    0    0    0  |    0    0    0    0  |    0    0    0    0  |    0    0    0    0  |    0    0    0    0  |    0    0    0    0  |    0    0    0    0  |    0    0    0    0  |    0    0    0    0  |    0    0    0    0  |    0    0    0    0  |  0x9    0    0    0  |  0x1    0    0    0  |  0x8  0x8    0    0  |    0    0    0    0  |    0    0    0    0  |    0    0    0    0  |    0    0    0    0  |    0    0    0    0  |    0    0    0    0  |    0    0    0    0  |    0    0    0    0  |    0    0    0    0  |    0    0    0    0  | 
   0    0    0    0  |    0    0    0    0  |    0    0    0    0  |    0    0    0    0  |    0    0    0    0  |    0    0    0    0  |    0    0    0    0  |    0    0    0    0  |    0    0    0    0  |    0    0    0    0  |    0    0    0    0  |    0    0    0    0  |    0    0    0    0  |    0    0    0    0  |    0    0    0    0  |    0    0    0    0  |    0    0    0    0  |    0    0    0    0  |    0    0    0    0  |    0    0    0    0  |    0    0    0    0  |    0    0    0    0  |    0    0    0    0  |    0    0    0    0  |    0    0    0    0  |    0    0    0    0  |    0    0    0    0  |    0    0    0    0  | 
   0    0    0    0  |    0    0    0    0  |    0    0    0    0  |    0    0    0    0  |    0    0    0    0  |    0    0    0    0  |    0    0    0    0  |    0    0    0    0  |    0    0    0    0  |    0    0    0    0  |    0    0    0    0  |    0    0    0    0  |    0    0    0    0  |    0    0    0    0  |    0    0    0    0  |    0    0    0    0  |    0    0    0    0  |    0    0    0    0  |    0    0    0    0  |    0    0    0    0  |    0    0    0    0  |    0    0    0    0  |    0    0    0    0  |    0    0    0    0  |    0    0    0    0  |    0    0    0    0  |    0    0    0    0  |    0    0    0    0  | 
------------------------
   0    0    0    0  |    0    0    0    0  |    0    0    0    0  |    0    0    0    0  |    0    0    0    0  |    0    0    0    0  |    0    0    0    0  |    0    0    0    0  |    0    0    0    0  |    0    0    0    0  |    0    0    0    0  |    0    0  0x1    0  |    0    0  0x1    0  |    0    0  0x8    0  |    0    0    0    0  |    0    0    0    0  |    0  0x8    0    0  |    0  0x3    0    0  |    0  0x1  0xa    0  |    0    0  0x3    0  |    0    0  0x5  0xa  |    0    0  0x2  0x1  |    0    0    0  0x3  |    0    0    0    0  |    0    0    0    0  |    0    0    0    0  |    0    0    0    0  |    0    0    0    0  | 
   0    0    0    0  |    0    0    0    0  |    0    0    0    0  |    0    0    0    0  |    0    0    0    0  |    0    0    0    0  |    0    0    0    0  |    0    0    0    0  |    0    0    0    0  |    0    0    0    0  |    0    0    0    0  |    0    0    0    0  |    0    0    0    0  |    0    0    0    0  |    0    0    0    0  |  0x8    0    0    0  |    0    0    0    0  |    0  0x8    0    0  |    0    0    0    0  |    0    0  0xc    0  |    0    0    0    0  |    0    0    0    0  |    0    0    0    0  |    0    0    0    0  |    0    0    0    0  |    0    0    0    0  |    0    0    0    0  |    0    0    0    0  | 
   0    0    0    0  |    0    0    0    0  |    0    0    0    0  |    0    0    0    0  |    0    0    0    0  |    0    0    0    0  |    0    0    0    0  |    0    0    0    0  |    0    0    0    0  |    0    0    0    0  |    0    0    0    0  |    0    0    0    0  |    0    0    0    0  |    0    0    0    0  |    0    0    0    0  |    0    0    0    0  |    0    0    0    0  |    0    0    0    0  |    0    0    0    0  |    0    0    0    0  |    0    0    0    0  |    0    0    0    0  |    0    0    0    0  |    0    0    0    0  |    0    0    0    0  |    0    0    0    0  |    0    0    0    0  |    0    0    0    0  | 
   0    0    0    0  |    0    0    0    0  |    0    0    0    0  |    0    0    0    0  |    0    0    0    0  |    0    0    0    0  |    0    0    0    0  |    0    0    0    0  |    0    0    0    0  |    0    0    0    0  |    0    0    0    0  |    0    0    0    0  |    0    0    0    0  |    0    0    0    0  |    0    0    0  0x8  |    0    0    0    0  |    0    0    0    0  |    0    0    0    0  |    0    0    0    0  |    0    0    0    0  |    0    0    0    0  |    0    0    0    0  |    0    0    0    0  |    0    0    0    0  |    0    0    0    0  |    0    0    0    0  |    0    0    0    0  |    0    0    0    0  | 
------------------------
   0    0    0    0  |    0    0    0    0  |    0    0    0    0  |    0    0    0    0  |    0    0    0    0  |    0    0    0    0  |    0    0    0    0  |    0    0    0    0  |    0    0    0    0  |    0    0    0    0  |    0    0    0    0  |    0    0    0    0  |    0    0    0    0  |    0    0    0  0x1  |    0    0    0  0x1  |    0    0    0  0x8  |  0x8    0    0    0  |    0    0    0    0  |    0  0x8    0    0  |    0    0    0    0  |    0    0    0    0  |    0    0    0    0  |    0    0    0    0  |    0    0    0    0  |    0    0    0    0  |    0    0    0    0  |    0    0    0    0  |    0    0    0    0  | 
   0    0    0    0  |    0    0    0    0  |    0    0    0    0  |    0    0    0    0  |    0    0    0    0  |    0    0    0    0  |    0    0    0    0  |    0    0    0    0  |    0    0    0    0  |    0    0    0    0  |    0    0    0    0  |    0    0    0    0  |    0    0    0    0  |    0    0    0    0  |    0    0    0    0  |  0x1    0    0    0  |  0x1    0    0    0  |  0x8    0    0    0  |    0    0    0    0  |    0    0    0    0  |    0    0    0    0  |    0    0    0    0  |    0    0    0    0  |    0    0    0    0  |    0    0    0    0  |    0    0    0    0  |    0    0    0    0  |    0    0    0    0  | 
   0    0    0    0  |    0    0    0    0  |    0    0    0    0  |    0    0    0    0  |    0    0    0    0  |    0    0    0    0  |    0    0    0    0  |    0    0    0    0  |    0    0    0    0  |    0    0    0    0  |    0    0    0    0  |    0    0    0    0  |    0    0    0    0  |    0    0    0    0  |    0    0    0    0  |    0    0    0    0  |    0    0    0    0  |    0    0    0    0  |    0    0    0    0  |    0    0    0    0  |    0    0    0    0  |    0    0    0    0  |    0    0    0    0  |    0    0    0    0  |    0    0    0    0  |    0    0    0    0  |    0    0    0    0  |    0    0    0    0  | 
   0    0    0    0  |    0    0    0    0  |    0    0    0    0  |    0    0    0    0  |    0    0    0    0  |    0    0    0    0  |    0    0    0    0  |    0    0    0    0  |    0    0    0    0  |    0    0    0    0  |    0    0    0    0  |    0    0    0    0  |    0    0    0    0  |    0    0    0    0  |    0    0    0    0  |    0    0    0    0  |    0    0    0    0  |    0    0    0    0  |    0    0    0    0  |    0    0    0    0  |    0    0    0    0  |    0    0    0    0  |    0    0    0    0  |    0    0    0    0  |    0    0    0    0  |    0    0    0    0  |    0    0    0    0  |    0    0    0    0  | 
------------------------
   0    0    0    0  |    0    0    0    0  |    0    0    0    0  |    0    0    0    0  |    0    0    0    0  |    0    0    0    0  |    0    0    0    0  |    0    0    0    0  |    0    0    0    0  |    0    0    0    0  |    0    0    0    0  |    0    0    0    0  |    0    0    0    0  |    0    0    0  0x1  |    0    0    0  0x1  |    0    0    0  0x8  |  0x8    0    0    0  |    0    0    0    0  |    0  0x8    0    0  |    0    0    0    0  |    0    0  0x4  0x8  |    0    0  0x2  0x1  |    0    0    0  0x3  |    0    0    0    0  |    0    0    0    0  |    0    0    0    0  |    0    0    0    0  |    0    0    0    0  | 
   0    0    0    0  |    0    0    0    0  |    0    0    0    0  |    0    0    0    0  |    0    0    0    0  |    0    0    0    0  |    0    0    0    0  |    0    0    0    0  |    0    0    0    0  |    0    0    0    0  |    0    0    0    0  |    0    0    0    0  |    0    0    0    0  |    0    0    0    0  |    0    0    0    0  |  0x1    0    0    0  |  0x1    0    0    0  |  0x8    0    0    0  |    0    0    0    0  |    0    0  0xc    0  |    0    0    0    0  |    0    0    0    0  |    0    0    0    0  |    0    0    0    0  |    0    0    0    0  |    0    0    0    0  |    0    0    0    0  |    0    0    0    0  | 
   0    0    0    0  |    0    0    0    0  |    0    0    0    0  |    0    0    0    0  |    0    0    0    0  |    0    0    0    0  |    0    0    0    0  |    0    0    0    0  |    0    0    0    0  |    0    0    0    0  |    0    0    0    0  |    0    0    0    0  |    0    0    0    0  |    0    0    0    0  |    0    0    0    0  |    0    0    0    0  |    0    0    0    0  |    0    0    0    0  |    0    0    0    0  |    0    0    0    0  |    0    0    0    0  |    0    0    0    0  |    0    0    0    0  |    0    0    0    0  |    0    0    0    0  |    0    0    0    0  |    0    0    0    0  |    0    0    0    0  | 
   0    0    0    0  |    0    0    0    0  |    0    0    0    0  |    0    0    0    0  |    0    0    0    0  |    0    0    0    0  |    0    0    0    0  |    0    0    0    0  |    0    0    0    0  |    0    0    0    0  |    0    0    0    0  |    0    0    0    0  |    0    0    0    0  |    0    0    0    0  |    0    0    0    0  |    0    0    0    0  |    0    0    0    0  |    0    0    0    0  |    0    0    0    0  |    0    0    0    0  |    0    0    0    0  |    0    0    0    0  |    0    0    0    0  |    0    0    0    0  |    0    0    0    0  |    0    0    0    0  |    0    0    0    0  |    0    0    0    0  | 
------------------------
   0    0    0    0  |    0    0    0    0  |    0    0    0    0  |    0    0    0    0  |    0    0    0    0  |    0    0    0    0  |    0    0    0    0  |    0    0    0    0  |    0    0    0    0  |    0  0x1    0    0  |    0  0x1    0    0  |    0  0x8    0    0  |    0    0    0    0  |    0    0    0    0  |    0    0    0    0  |    0    0    0    0  |    0  0x8    0    0  |    0  0x3    0    0  |    0  0x1  0xa    0  |    0    0  0x3    0  |    0    0  0x5  0xa  |    0    0  0x2  0x1  |    0    0    0  0x3  |    0    0    0    0  |    0    0    0    0  |    0    0    0    0  |    0    0    0    0  |    0    0    0    0  | 
   0    0    0    0  |    0    0    0    0  |    0    0    0    0  |    0    0    0    0  |    0    0    0    0  |    0    0    0    0  |    0    0    0    0  |    0    0    0    0  |    0    0    0    0  |    0    0    0    0  |    0    0    0    0  |    0    0    0    0  |    0    0    0    0  |    0    0    0    0  |    0    0    0    0  |  0x8    0    0    0  |    0    0    0    0  |    0  0x8    0    0  |    0    0    0    0  |    0    0  0xc    0  |    0    0    0    0  |    0    0    0    0  |    0    0    0    0  |    0    0    0    0  |    0    0    0    0  |    0    0    0    0  |    0    0    0    0  |    0    0    0    0  | 
   0    0    0    0  |    0    0    0    0  |    0    0    0    0  |    0    0    0    0  |    0    0    0    0  |    0    0    0    0  |    0    0    0    0  |    0    0    0    0  |    0    0    0    0  |    0    0    0    0  |    0    0    0    0  |    0    0    0    0  |    0    0    0    0  |    0    0    0    0  |    0    0    0    0  |    0    0    0    0  |    0    0    0    0  |    0    0    0    0  |    0    0    0    0  |    0    0    0    0  |    0    0    0    0  |    0    0    0    0  |    0    0    0    0  |    0    0    0    0  |    0    0    0    0  |    0    0    0    0  |    0    0    0    0  |    0    0    0    0  | 
   0    0    0    0  |    0    0    0    0  |    0    0    0    0  |    0    0    0    0  |    0    0    0    0  |    0    0    0    0  |    0    0    0    0  |    0    0    0    0  |    0    0    0    0  |    0    0    0    0  |    0    0    0    0  |    0    0    0    0  |    0    0  0x8    0  |    0    0    0    0  |    0    0    0    0  |    0    0    0    0  |    0    0    0    0  |    0    0    0    0  |    0    0    0    0  |    0    0    0    0  |    0    0    0    0  |    0    0    0    0  |    0    0    0    0  |    0    0    0    0  |    0    0    0    0  |    0    0    0    0  |    0    0    0    0  |    0    0    0    0  | 
------------------------
   0    0    0    0  |    0    0    0    0  |    0    0    0    0  |    0    0    0    0  |    0    0    0    0  |    0    0    0    0  |    0    0    0    0  |    0    0    0    0  |    0    0    0    0  |    0    0    0    0  |    0    0    0    0  |    0    0    0    0  |    0    0    0    0  |    0    0    0  0x1  |    0    0    0  0x1  |    0    0    0  0x8  |  0x8  0x8    0    0  |    0  0x3    0    0  |    0  0x1  0xa    0  |    0    0  0x3    0  |    0    0  0x1  0x2  |    0    0    0    0  |    0    0    0    0  |    0    0    0    0  |    0    0    0    0  |    0    0    0    0  |    0    0    0    0  |    0    0    0    0  | 
   0    0    0    0  |    0    0    0    0  |    0    0    0    0  |    0    0    0    0  |    0    0    0    0  |    0    0    0    0  |    0    0    0    0  |    0    0    0    0  |    0    0    0    0  |    0    0    0    0  |    0    0    0    0  |    0    0    0    0  |    0    0    0    0  |    0    0    0    0  |    0    0    0    0  |  0x8    0    0    0  |    0    0    0    0  |    0  0x8    0    0  |    0    0    0    0  |    0    0    0    0  |    0    0    0    0  |    0    0    0    0  |    0    0    0    0  |    0    0    0    0  |    0    0    0    0  |    0    0    0    0  |    0    0    0    0  |    0    0    0    0  | 
   0    0    0    0  |    0    0    0    0  |    0    0    0    0  |    0    0    0    0  |    0    0    0    0  |    0    0    0    0  |    0    0    0    0  |    0    0    0    0  |    0    0    0    0  |    0    0    0    0  |    0    0    0    0  |    0    0    0    0  |    0    0    0    0  |    0    0    0    0  |    0    0    0    0  |    0    0    0    0  |    0    0    0    0  |    0    0    0    0  |    0    0    0    0  |    0    0    0    0  |    0    0    0    0  |    0    0    0    0  |    0    0    0    0  |    0    0    0    0  |    0    0    0    0  |    0    0    0    0  |    0    0    0    0  |    0    0    0    0  | 
   0    0    0    0  |    0    0    0    0  |    0    0    0    0  |    0    0    0    0  |    0    0    0    0  |    0    0    0    0  |    0    0    0    0  |    0    0    0    0  |    0    0    0    0  |    0    0    0    0  |    0    0    0    0  |    0    0    0    0  |    0    0    0    0  |    0    0    0    0  |    0    0    0    0  |    0    0    0    0  |    0    0    0    0  |    0    0    0    0  |    0    0    0    0  |    0    0    0    0  |    0    0    0    0  |    0    0    0    0  |    0    0    0    0  |    0    0    0    0  |    0    0    0    0  |    0    0    0    0  |    0    0    0    0  |    0    0    0    0  | 
------------------------
   0    0    0    0  |    0    0    0    0  |    0    0    0    0  |    0    0    0    0  |    0    0    0    0  |    0    0    0    0  |    0    0    0    0  |    0    0    0    0  |    0    0    0    0  |    0    0    0    0  |    0    0    0    0  |    0    0    0    0  |    0    0    0    0  |    0    0    0    0  |    0    0    0    0  |    0    0    0    0  |    0    0    0    0  |    0    0    0    0  |    0  0x8    0    0  |    0    0    0    0  |    0    0  0x8    0  |    0    0    0    0  |    0    0    0    0  |    0    0    0    0  |    0    0    0    0  |    0    0    0    0  |    0    0    0    0  |    0    0    0    0  | 
   0    0    0    0  |    0    0    0    0  |    0    0    0    0  |    0    0    0    0  |    0    0    0    0  |    0    0    0    0  |    0    0    0    0  |    0    0    0    0  |    0    0    0    0  |    0    0    0    0  |    0    0    0    0  |    0    0    0    0  |    0    0    0    0  |    0    0    0    0  |    0    0    0    0  |  0x1    0    0    0  |  0x1    0    0    0  |  0xa  0x1    0    0  |    0  0x3    0    0  |    0  0x8    0    0  |    0    0    0    0  |    0    0    0    0  |    0    0    0    0  |    0    0    0    0  |    0    0    0    0  |    0    0    0    0  |    0    0    0    0  |    0    0    0    0  | 
   0    0    0    0  |    0    0    0    0  |    0    0    0    0  |    0    0    0    0  |    0    0    0    0  |    0    0    0    0  |    0    0    0    0  |    0    0    0    0  |    0    0    0    0  |    0    0    0    0  |    0    0    0    0  |    0    0    0    0  |    0    0    0    0  |    0    0    0    0  |    0    0    0    0  |    0    0    0    0  |    0    0    0    0  |    0    0    0    0  |    0    0    0    0  |    0    0    0    0  |    0    0    0    0  |    0    0    0    0  |    0    0    0    0  |    0    0    0    0  |    0    0    0    0  |    0    0    0    0  |    0    0    0    0  |    0    0    0    0  | 
   0    0    0    0  |    0    0    0    0  |    0    0    0    0  |    0    0    0    0  |    0    0    0    0  |    0    0    0    0  |    0    0    0    0  |    0    0    0    0  |    0    0    0    0  |    0    0    0    0  |    0    0    0    0  |    0    0    0    0  |    0    0    0    0  |    0    0    0    0  |    0    0    0    0  |    0    0    0    0  |    0    0    0    0  |    0    0    0    0  |    0    0    0    0  |    0    0    0    0  |    0    0    0    0  |    0    0    0    0  |    0    0    0    0  |    0    0    0    0  |    0    0    0    0  |    0    0    0    0  |    0    0    0    0  |    0    0    0    0  | 
------------------------
   0    0    0    0  |    0    0    0    0  |    0    0    0    0  |    0    0    0    0  |    0    0    0    0  |    0    0    0    0  |    0    0    0    0  |    0    0    0    0  |    0    0    0    0  |    0    0    0    0  |    0    0    0    0  |    0    0    0    0  |    0    0    0    0  |    0    0    0    0  |    0    0    0    0  |    0    0    0    0  |    0    0    0    0  |    0    0    0    0  |    0  0x8    0    0  |    0    0    0    0  |    0    0  0x8    0  |    0    0    0    0  |    0    0    0    0  |    0    0    0    0  |    0    0    0    0  |    0    0    0    0  |    0    0    0    0  |    0    0    0    0  | 
   0    0    0    0  |    0    0    0    0  |    0    0    0    0  |    0    0    0    0  |    0    0    0    0  |    0    0    0    0  |    0    0    0    0  |    0    0    0    0  |    0    0    0    0  |    0    0    0    0  |    0    0    0    0  |    0    0    0    0  |    0    0    0    0  |    0    0    0    0  |    0    0    0    0  |  0x1    0    0    0  |  0x1    0    0    0  |  0x8  0x1    0    0  |    0  0x1    0    0  |    0  0x8    0    0  |    0    0    0    0  |    0    0    0    0  |    0    0    0    0  |    0    0    0    0  |    0    0    0    0  |    0    0    0    0  |    0    0    0    0  |    0    0    0    0  | 
   0    0    0    0  |    0    0    0    0  |    0    0    0    0  |    0    0    0    0  |    0    0    0    0  |    0    0    0    0  |    0    0    0    0  |    0    0    0    0  |    0    0    0    0  |    0    0    0    0  |    0    0    0    0  |    0    0    0    0  |    0    0    0    0  |    0    0    0    0  |    0    0    0    0  |    0    0    0    0  |    0    0    0    0  |    0    0    0    0  |    0    0    0    0  |    0    0    0    0  |    0    0    0    0  |    0    0    0    0  |    0    0    0    0  |    0    0    0    0  |    0    0    0    0  |    0    0    0    0  |    0    0    0    0  |    0    0    0    0  | 
   0    0    0    0  |    0    0    0    0  |    0    0    0    0  |    0    0    0    0  |    0    0    0    0  |    0    0    0    0  |    0    0    0    0  |    0    0    0    0  |    0    0    0    0  |    0    0    0    0  |    0    0    0    0  |    0    0    0    0  |    0    0    0    0  |    0    0    0    0  |    0    0    0    0  |    0    0    0    0  |    0    0    0    0  |    0    0    0    0  |    0    0    0    0  |    0    0    0    0  |    0    0    0    0  |    0    0    0    0  |    0    0    0    0  |    0    0    0    0  |    0    0    0    0  |    0    0    0    0  |    0    0    0    0  |    0    0    0    0  | 
------------------------
   0    0    0    0  |    0    0    0    0  |    0    0    0    0  |    0    0    0    0  |    0    0    0    0  |    0    0    0    0  |    0    0    0    0  |    0    0    0    0  |    0    0    0    0  |    0    0    0    0  |    0    0    0    0  |    0    0    0    0  |    0    0    0    0  |    0    0    0    0  |    0    0    0    0  |    0    0    0    0  |    0  0x8    0    0  |    0  0x3    0    0  |    0  0x1  0xa    0  |    0    0  0x3    0  |    0    0  0x9  0x2  |    0    0    0    0  |    0    0    0    0  |    0    0    0    0  |    0    0    0    0  |    0    0    0    0  |    0    0    0    0  |    0    0    0    0  | 
   0    0    0    0  |    0    0    0    0  |    0    0    0    0  |    0    0    0    0  |    0    0    0    0  |    0    0    0    0  |    0    0    0    0  |    0    0    0    0  |    0    0    0    0  |    0    0    0    0  |    0    0    0    0  |    0    0    0    0  |    0    0    0    0  |    0    0    0    0  |    0    0    0    0  |  0x8    0    0    0  |    0    0    0    0  |    0  0x9    0    0  |    0  0x1    0    0  |    0  0x8    0    0  |    0    0    0    0  |    0    0    0    0  |    0    0    0    0  |    0    0    0    0  |    0    0    0    0  |    0    0    0    0  |    0    0    0    0  |    0    0    0    0  | 
   0    0    0    0  |    0    0    0    0  |    0    0    0    0  |    0    0    0    0  |    0    0    0    0  |    0    0    0    0  |    0    0    0    0  |    0    0    0    0  |    0    0    0    0  |    0    0    0    0  |    0    0    0    0  |    0    0    0    0  |    0    0    0    0  |    0    0    0    0  |    0    0    0    0  |    0    0    0    0  |    0    0    0    0  |    0    0    0    0  |    0    0    0    0  |    0    0    0    0  |    0    0    0    0  |    0    0    0    0  |    0    0    0    0  |    0    0    0    0  |    0    0    0    0  |    0    0    0    0  |    0    0    0    0  |    0    0    0    0  | 
   0    0    0    0  |    0    0    0    0  |    0    0    0    0  |    0    0    0    0  |    0    0    0    0  |    0    0    0    0  |    0    0    0    0  |    0    0    0    0  |    0    0    0    0  |    0    0    0    0  |    0    0    0    0  |    0    0    0    0  |    0    0    0    0  |    0    0    0    0  |    0    0    0    0  |    0    0    0    0  |    0    0    0    0  |    0    0    0    0  |    0    0    0    0  |    0    0    0    0  |    0    0    0    0  |    0    0    0    0  |    0    0    0    0  |    0    0    0    0  |    0    0    0    0  |    0    0    0    0  |    0    0    0    0  |    0    0    0    0  | 
------------------------
   0    0    0    0  |    0    0    0    0  |    0    0    0    0  |    0    0    0    0  |    0    0    0    0  |    0    0    0    0  |    0    0    0    0  |    0    0    0    0  |    0    0    0    0  |    0  0x1    0    0  |    0  0x1    0    0  |    0  0x8    0    0  |    0    0    0    0  |    0    0    0    0  |    0    0    0    0  |    0    0    0    0  |    0    0    0    0  |    0    0    0    0  |    0  0x8    0    0  |    0    0    0    0  |    0    0    0    0  |    0    0    0    0  |    0    0    0    0  |    0    0    0    0  |    0    0    0    0  |    0    0    0    0  |    0    0    0    0  |    0    0    0    0  | 
   0    0    0    0  |    0    0    0    0  |    0    0    0    0  |    0    0    0    0  |    0    0    0    0  |    0    0    0    0  |    0    0    0    0  |    0    0    0    0  |    0    0    0    0  |    0    0    0    0  |    0    0    0    0  |    0    0    0    0  |    0    0    0    0  |    0    0    0    0  |    0    0    0    0  |  0x1    0    0    0  |  0x1    0    0    0  |  0x8    0    0    0  |    0    0    0    0  |    0    0    0    0  |    0    0    0    0  |    0    0    0    0  |    0    0    0    0  |    0    0    0    0  |    0    0    0    0  |    0    0    0    0  |    0    0    0    0  |    0    0    0    0  | 
   0    0    0    0  |    0    0    0    0  |    0    0    0    0  |    0    0    0    0  |    0    0    0    0  |    0    0    0    0  |    0    0    0    0  |    0    0    0    0  |    0    0    0    0  |    0    0    0    0  |    0    0    0    0  |    0    0    0    0  |    0    0    0    0  |    0    0    0    0  |    0    0    0    0  |    0    0    0    0  |    0    0    0    0  |    0    0    0    0  |    0    0    0    0  |    0    0    0    0  |    0    0    0    0  |    0    0    0    0  |    0    0    0    0  |    0    0    0    0  |    0    0    0    0  |    0    0    0    0  |    0    0    0    0  |    0    0    0    0  | 
   0    0    0    0  |    0    0    0    0  |    0    0    0    0  |    0    0    0    0  |    0    0    0    0  |    0    0    0    0  |    0    0    0    0  |    0    0    0    0  |    0    0    0    0  |    0    0    0    0  |    0    0    0    0  |    0    0    0    0  |    0    0  0x8    0  |    0    0    0    0  |    0    0    0    0  |    0    0    0    0  |    0    0    0    0  |    0    0    0    0  |    0    0    0    0  |    0    0    0    0  |    0    0    0    0  |    0    0    0    0  |    0    0    0    0  |    0    0    0    0  |    0    0    0    0  |    0    0    0    0  |    0    0    0    0  |    0    0    0    0  | 
------------------------
   0    0    0    0  |    0    0    0    0  |    0    0    0    0  |    0    0    0    0  |    0    0    0    0  |    0    0    0    0  |    0    0    0    0  |    0    0    0    0  |    0    0    0    0  |    0    0    0    0  |    0    0    0    0  |    0    0  0x1    0  |    0    0  0x1    0  |    0    0  0x8    0  |    0    0    0    0  |    0    0    0    0  |    0    0    0    0  |    0    0    0    0  |    0  0x8    0    0  |    0    0    0    0  |    0    0    0    0  |    0    0    0    0  |    0    0    0    0  |    0    0    0    0  |    0    0    0    0  |    0    0    0    0  |    0    0    0    0  |    0    0    0    0  | 
   0    0    0    0  |    0    0    0    0  |    0    0    0    0  |    0    0    0    0  |    0    0    0    0  |    0    0    0    0  |    0    0    0    0  |    0    0    0    0  |    0    0    0    0  |    0    0    0    0  |    0    0    0    0  |    0    0    0    0  |    0    0    0    0  |    0    0    0    0  |    0    0    0    0  |  0x1    0    0    0  |  0x1    0    0    0  |  0x8    0    0    0  |    0    0    0    0  |    0    0    0    0  |    0    0    0    0  |    0    0    0    0  |    0    0    0    0  |    0    0    0    0  |    0    0    0    0  |    0    0    0    0  |    0    0    0    0  |    0    0    0    0  | 
   0    0    0    0  |    0    0    0    0  |    0    0    0    0  |    0    0    0    0  |    0    0    0    0  |    0    0    0    0  |    0    0    0    0  |    0    0    0    0  |    0    0    0    0  |    0    0    0    0  |    0    0    0    0  |    0    0    0    0  |    0    0    0    0  |    0    0    0    0  |    0    0    0    0  |    0    0    0    0  |    0    0    0    0  |    0    0    0    0  |    0    0    0    0  |    0    0    0    0  |    0    0    0    0  |    0    0    0    0  |    0    0    0    0  |    0    0    0    0  |    0    0    0    0  |    0    0    0    0  |    0    0    0    0  |    0    0    0    0  | 
   0    0    0    0  |    0    0    0    0  |    0    0    0    0  |    0    0    0    0  |    0    0    0    0  |    0    0    0    0  |    0    0    0    0  |    0    0    0    0  |    0    0    0    0  |    0    0    0    0  |    0    0    0    0  |    0    0    0    0  |    0    0    0    0  |    0    0    0    0  |    0    0    0  0x8  |    0    0    0    0  |    0    0    0    0  |    0    0    0    0  |    0    0    0    0  |    0    0    0    0  |    0    0    0    0  |    0    0    0    0  |    0    0    0    0  |    0    0    0    0  |    0    0    0    0  |    0    0    0    0  |    0    0    0    0  |    0    0    0    0  | 
------------------------
   0    0    0    0  |    0    0    0    0  |    0    0    0    0  |    0    0    0    0  |    0    0    0    0  |    0    0    0    0  |    0    0    0    0  |    0    0    0    0  |    0    0    0    0  |    0    0    0    0  |    0    0    0    0  |    0    0  0x1    0  |    0    0  0x1    0  |    0    0  0x8    0  |    0    0    0    0  |    0    0    0    0  |    0    0    0    0  |    0    0    0    0  |    0    0    0    0  |    0    0    0    0  |    0    0    0    0  |    0    0    0    0  |    0    0    0    0  |    0    0    0    0  |    0    0    0    0  |    0    0    0    0  |    0    0    0    0  |    0    0    0    0  | 
   0    0    0    0  |    0    0    0    0  |    0    0    0    0  |    0    0    0    0  |    0    0    0    0  |    0    0    0    0  |    0    0    0    0  |    0    0    0    0  |    0    0    0    0  |    0    0    0    0  |    0    0    0    0  |    0    0    0    0  |    0    0    0    0  |    0    0    0    0  |    0    0    0    0  |    0    0    0    0  |    0    0    0    0  |    0    0    0    0  |    0    0    0    0  |    0    0    0    0  |    0    0    0    0  |    0    0    0    0  |    0    0    0    0  |    0    0    0    0  |    0    0    0    0  |    0    0    0    0  |    0    0    0    0  |    0    0    0    0  | 
   0    0    0    0  |    0    0    0    0  |    0    0    0    0  |    0    0    0    0  |    0    0    0    0  |    0    0    0    0  |    0    0    0  0x8  |    0    0    0    0  |    0    0    0    0  |    0    0    0    0  |    0    0    0    0  |    0    0    0    0  |    0    0    0    0  |    0    0    0    0  |    0    0    0    0  |    0    0    0    0  |    0    0    0    0  |    0    0    0    0  |    0    0    0    0  |    0    0    0    0  |    0    0    0    0  |    0    0    0    0  |    0    0    0    0  |    0    0    0    0  |    0    0    0    0  |    0    0    0    0  |    0    0    0    0  |    0    0    0    0  | 
   0    0    0    0  |    0    0    0    0  |    0    0    0    0  |    0    0  0x1    0  |    0    0  0x1    0  |    0    0  0x8    0  |    0    0    0    0  |    0    0    0    0  |    0    0    0    0  |    0    0    0    0  |    0    0    0    0  |    0    0    0    0  |    0    0    0    0  |    0    0    0    0  |    0    0    0  0x8  |    0    0    0    0  |    0    0    0    0  |    0    0    0    0  |    0    0    0    0  |    0    0    0    0  |    0    0    0    0  |    0    0    0    0  |    0    0    0    0  |    0    0    0    0  |    0    0    0    0  |    0    0    0    0  |    0    0    0    0  |    0    0    0    0  | 
------------------------
   0    0    0    0  |    0    0    0    0  |    0    0    0    0  |    0    0    0    0  |    0    0    0    0  |    0    0    0    0  |    0    0    0    0  |    0    0    0    0  |    0    0    0    0  |    0    0    0    0  |    0    0    0    0  |    0    0    0    0  |    0    0    0    0  |    0    0    0    0  |    0    0    0    0  |    0    0    0    0  |    0    0    0    0  |    0    0    0    0  |    0    0    0    0  |    0    0    0    0  |    0    0  0x8    0  |    0    0    0    0  |    0    0    0  0x8  |    0    0    0    0  |    0    0    0    0  |    0    0    0    0  |    0    0    0    0  |    0    0    0    0  | 
   0    0    0    0  |    0    0    0    0  |    0    0    0    0  |    0    0    0    0  |    0    0    0    0  |    0    0    0    0  |    0    0    0    0  |    0    0    0    0  |    0    0    0    0  |    0    0    0    0  |    0    0    0    0  |    0    0    0    0  |    0    0    0    0  |    0    0    0    0  |    0    0    0    0  |    0    0    0    0  |    0    0    0    0  |    0  0x1    0    0  |    0  0x1    0    0  |    0  0x8  0x1    0  |    0    0  0x1    0  |    0    0  0x8    0  |    0    0    0    0  |    0    0    0    0  |    0    0    0    0  |    0    0    0    0  |    0    0    0    0  |    0    0    0    0  | 
   0    0    0    0  |    0    0    0    0  |    0    0    0    0  |    0    0    0    0  |    0    0    0    0  |    0    0    0    0  |    0    0    0    0  |    0    0    0    0  |    0    0    0    0  |    0    0    0    0  |    0    0    0    0  |    0    0    0    0  |    0    0    0    0  |    0    0    0    0  |    0    0    0    0  |    0    0    0    0  |    0    0    0    0  |    0    0    0    0  |    0    0    0    0  |    0    0    0    0  |    0    0    0    0  |    0    0    0    0  |    0    0    0    0  |    0    0    0    0  |    0    0    0    0  |    0    0    0    0  |    0    0    0    0  |    0    0    0    0  | 
   0    0    0    0  |    0    0    0    0  |    0    0    0    0  |    0    0    0    0  |    0    0    0    0  |    0    0    0    0  |    0    0    0    0  |    0    0    0    0  |    0    0    0    0  |    0    0    0    0  |    0    0    0    0  |    0    0    0    0  |    0    0    0    0  |    0    0    0    0  |    0    0    0    0  |    0    0    0    0  |    0    0    0    0  |    0    0    0    0  |    0    0    0    0  |    0    0    0    0  |    0    0    0    0  |    0    0    0    0  |    0    0    0    0  |    0    0    0    0  |    0    0    0    0  |    0    0    0    0  |    0    0    0    0  |    0    0    0    0  | 
------------------------
   0    0    0    0  |    0    0    0    0  |    0    0    0    0  |    0    0    0    0  |    0    0    0    0  |    0    0    0    0  |    0    0    0    0  |    0    0    0    0  |    0    0    0    0  |    0    0    0    0  |    0    0    0    0  |    0    0    0    0  |    0    0    0    0  |    0    0    0    0  |    0    0    0    0  |    0    0    0    0  |    0    0    0    0  |    0    0    0    0  |    0  0x8    0    0  |    0    0    0    0  |    0    0    0    0  |    0    0    0    0  |    0    0    0    0  |    0    0    0    0  |    0    0    0    0  |    0    0    0    0  |    0    0    0    0  |    0    0    0    0  | 
   0    0    0    0  |    0    0    0    0  |    0    0    0    0  |    0    0    0    0  |    0    0    0    0  |    0    0    0    0  |    0    0    0    0  |    0    0    0    0  |    0    0    0    0  |    0    0    0    0  |    0    0    0    0  |    0    0    0    0  |    0    0    0    0  |    0    0    0    0  |    0    0    0    0  |  0x1    0    0    0  |  0x1    0    0    0  |  0x8    0    0    0  |    0    0    0    0  |    0    0    0    0  |    0    0    0    0  |    0    0    0    0  |    0    0    0    0  |    0    0    0    0  |    0    0    0    0  |    0    0    0    0  |    0    0    0    0  |    0    0    0    0  | 
   0    0    0    0  |    0    0    0    0  |    0    0    0    0  |    0    0    0    0  |    0    0    0    0  |    0    0    0    0  |    0    0    0  0x8  |    0    0    0    0  |    0    0    0    0  |    0    0    0    0  |    0    0    0    0  |    0    0    0    0  |    0    0    0    0  |    0    0    0    0  |    0    0    0    0  |    0    0    0    0  |    0    0    0    0  |    0    0    0    0  |    0    0    0    0  |    0    0    0    0  |    0    0    0    0  |    0    0    0    0  |    0    0    0    0  |    0    0    0    0  |    0    0    0    0  |    0    0    0    0  |    0    0    0    0  |    0    0    0    0  | 
   0    0    0    0  |    0    0    0    0  |    0    0    0    0  |    0    0  0x1    0  |    0    0  0x1    0  |    0    0  0x8    0  |    0    0    0    0  |    0    0    0    0  |    0    0    0    0  |    0    0    0    0  |    0    0    0    0  |    0    0    0    0  |    0    0    0    0  |    0    0    0    0  |    0    0    0    0  |    0    0    0    0  |    0    0    0    0  |    0    0    0    0  |    0    0    0    0  |    0    0    0    0  |    0    0    0    0  |    0    0    0    0  |    0    0    0    0  |    0    0    0    0  |    0    0    0    0  |    0    0    0    0  |    0    0    0    0  |    0    0    0    0  | 
------------------------
   0    0    0    0  |    0    0    0    0  |    0    0    0    0  |    0    0    0    0  |    0    0    0    0  |    0    0    0    0  |    0    0    0    0  |    0    0    0    0  |    0    0    0    0  |    0    0    0    0  |    0    0    0    0  |    0    0    0    0  |    0    0    0    0  |    0    0    0    0  |    0    0    0    0  |    0    0    0    0  |    0    0    0    0  |    0    0    0    0  |    0  0x8    0    0  |    0    0    0    0  |    0    0    0    0  |    0    0    0    0  |    0    0    0    0  |    0    0    0    0  |    0    0    0    0  |    0    0    0    0  |    0    0    0    0  |    0    0    0    0  | 
   0    0    0    0  |    0    0    0    0  |    0    0    0    0  |    0    0    0    0  |    0    0    0    0  |    0    0    0    0  |    0    0    0    0  |    0    0    0    0  |    0    0    0    0  |    0    0    0    0  |    0    0    0    0  |    0    0    0    0  |    0    0    0    0  |    0    0    0    0  |    0    0    0    0  |  0x1    0    0    0  |  0x1    0    0    0  |  0x8    0    0    0  |    0    0    0    0  |    0    0    0    0  |    0    0    0    0  |    0    0    0    0  |    0    0    0    0  |    0    0    0    0  |    0    0    0    0  |    0    0    0    0  |    0    0    0    0  |    0    0    0    0  | 
   0    0    0    0  |    0    0    0    0  |    0    0    0    0  |    0    0    0    0  |    0    0    0    0  |    0    0    0    0  |    0    0    0    0  |    0    0    0    0  |    0    0    0    0  |    0    0    0    0  |    0    0    0    0  |    0    0    0    0  |    0    0    0    0  |    0    0    0    0  |    0    0    0    0  |    0    0    0    0  |    0    0    0    0  |    0    0    0    0  |    0    0    0    0  |    0    0    0    0  |    0    0    0    0  |    0    0    0    0  |    0    0    0    0  |    0    0    0    0  |    0    0    0    0  |    0    0    0    0  |    0    0    0    0  |    0    0    0    0  | 
   0    0    0    0  |    0    0    0    0  |    0    0    0    0  |    0    0    0    0  |    0    0    0    0  |    0    0    0  0x1  |    0    0    0  0x1  |    0    0    0  0x8  |  0x8    0    0    0  |    0    0    0    0  |    0    0    0    0  |    0    0    0    0  |    0    0    0    0  |    0    0    0    0  |    0    0    0    0  |    0    0    0    0  |    0    0    0    0  |    0    0    0    0  |    0    0    0    0  |    0    0    0    0  |    0    0    0    0  |    0    0    0    0  |    0    0    0    0  |    0    0    0    0  |    0    0    0    0  |    0    0    0    0  |    0    0    0    0  |    0    0    0    0  | 
------------------------
   0    0    0    0  |    0    0    0    0  |    0    0    0    0  |    0    0    0    0  |    0    0    0    0  |    0    0    0    0  |    0    0    0    0  |    0    0    0    0  |    0    0    0    0  |    0    0    0    0  |    0    0    0    0  |    0    0    0    0  |    0    0    0    0  |    0    0    0    0  |    0    0    0    0  |    0    0    0    0  |    0  0x8    0    0  |    0  0x3    0    0  |    0  0x1  0xa    0  |    0    0  0x3    0  |    0    0  0x5  0xa  |    0    0  0x2  0x1  |    0    0    0  0x3  |    0    0    0    0  |    0    0    0    0  |    0    0    0    0  |    0    0    0    0  |    0    0    0    0  | 
   0    0    0    0  |    0    0    0    0  |    0    0    0    0  |    0    0    0    0  |    0    0    0    0  |    0    0    0    0  |    0    0    0    0  |    0    0    0    0  |    0    0    0    0  |    0    0    0    0  |    0    0    0    0  |    0    0    0    0  |    0    0    0    0  |    0    0    0    0  |    0    0    0    0  |  0x8    0    0    0  |    0    0    0    0  |    0  0x8    0    0  |    0    0    0    0  |    0    0  0xc    0  |    0    0    0    0  |    0    0    0    0  |    0    0    0    0  |    0    0    0    0  |    0    0    0    0  |    0    0    0    0  |    0    0    0    0  |    0    0    0    0  | 
   0    0    0    0  |    0    0    0    0  |    0    0    0    0  |    0    0    0    0  |    0    0  0x8    0  |    0    0    0    0  |    0    0    0    0  |    0    0    0    0  |    0    0    0    0  |    0    0    0    0  |    0    0    0    0  |    0    0    0    0  |    0    0    0    0  |    0    0    0    0  |    0    0    0    0  |    0    0    0    0  |    0    0    0    0  |    0    0    0    0  |    0    0    0    0  |    0    0    0    0  |    0    0    0    0  |    0    0    0    0  |    0    0    0    0  |    0    0    0    0  |    0    0    0    0  |    0    0    0    0  |    0    0    0    0  |    0    0    0    0  | 
   0    0    0    0  |    0  0x1    0    0  |    0  0x1    0    0  |    0  0x8    0    0  |    0    0    0    0  |    0    0    0    0  |    0    0    0    0  |    0    0    0    0  |    0    0    0    0  |    0    0    0    0  |    0    0    0    0  |    0    0    0    0  |    0    0    0    0  |    0    0    0    0  |    0    0    0    0  |    0    0    0    0  |    0    0    0    0  |    0    0    0    0  |    0    0    0    0  |    0    0    0    0  |    0    0    0    0  |    0    0    0    0  |    0    0    0    0  |    0    0    0    0  |    0    0    0    0  |    0    0    0    0  |    0    0    0    0  |    0    0    0    0  | 
------------------------
   0    0    0    0  |    0    0    0    0  |    0    0    0    0  |    0    0    0    0  |    0    0    0    0  |    0    0    0    0  |    0    0    0    0  |    0    0    0    0  |    0    0    0    0  |    0    0    0    0  |    0    0    0    0  |    0    0    0    0  |    0    0    0    0  |    0    0    0  0x1  |    0    0    0  0x1  |    0    0    0  0x8  |  0x8    0    0    0  |    0    0    0    0  |    0    0    0    0  |    0    0    0    0  |    0    0  0x8    0  |    0    0    0    0  |    0    0    0    0  |    0    0    0    0  |    0    0    0    0  |    0    0    0    0  |    0    0    0    0  |    0    0    0    0  | 
   0    0    0    0  |    0    0    0    0  |    0    0    0    0  |    0    0    0    0  |    0    0    0    0  |    0    0    0    0  |    0    0    0    0  |    0    0    0    0  |    0    0    0    0  |    0    0    0    0  |    0    0    0    0  |    0    0    0    0  |    0    0    0    0  |    0    0    0    0  |    0    0    0    0  |    0    0    0    0  |    0    0    0    0  |    0  0x1    0    0  |    0  0x1    0    0  |    0  0x8    0    0  |    0    0    0    0  |    0    0    0    0  |    0    0    0    0  |    0    0    0    0  |    0    0    0    0  |    0    0    0    0  |    0    0    0    0  |    0    0    0    0  | 
   0    0    0    0  |    0    0    0    0  |    0    0    0    0  |    0    0    0    0  |    0    0    0    0  |    0    0    0    0  |    0    0    0    0  |    0    0    0    0  |    0    0    0    0  |    0    0    0    0  |    0    0    0    0  |    0    0    0    0  |    0    0    0    0  |    0    0    0    0  |    0    0    0    0  |    0    0    0    0  |    0    0    0    0  |    0    0    0    0  |    0    0    0    0  |    0    0    0    0  |    0    0    0    0  |    0    0    0    0  |    0    0    0    0  |    0    0    0    0  |    0    0    0    0  |    0    0    0    0  |    0    0    0    0  |    0    0    0    0  | 
   0    0    0    0  |    0    0    0    0  |    0    0    0    0  |    0    0    0    0  |    0    0    0    0  |    0    0    0    0  |    0    0    0    0  |    0    0    0    0  |    0    0    0    0  |    0    0    0    0  |    0    0    0    0  |    0    0    0    0  |    0    0    0    0  |    0    0    0    0  |    0    0    0    0  |    0    0    0    0  |    0    0    0    0  |    0    0    0    0  |    0    0    0    0  |    0    0    0    0  |    0    0    0    0  |    0    0    0    0  |    0    0    0    0  |    0    0    0    0  |    0    0    0    0  |    0    0    0    0  |    0    0    0    0  |    0    0    0    0  | 
------------------------
   0    0    0    0  |    0    0    0    0  |    0    0    0    0  |    0    0    0    0  |    0    0    0    0  |    0    0    0    0  |    0    0    0    0  |    0    0    0    0  |    0    0    0    0  |    0    0    0    0  |    0    0    0    0  |    0    0    0    0  |    0    0    0    0  |    0    0    0  0x1  |    0    0    0  0x1  |    0    0    0  0x8  |  0x8    0    0    0  |    0    0    0    0  |    0    0    0    0  |    0    0    0    0  |    0    0  0xc  0x8  |    0    0  0x2  0x1  |    0    0    0  0x3  |    0    0    0    0  |    0    0    0    0  |    0    0    0    0  |    0    0    0    0  |    0    0    0    0  | 
   0    0    0    0  |    0    0    0    0  |    0    0    0    0  |    0    0    0    0  |    0    0    0    0  |    0    0    0    0  |    0    0    0    0  |    0    0    0    0  |    0    0    0    0  |    0    0    0    0  |    0    0    0    0  |    0    0    0    0  |    0    0    0    0  |    0    0    0    0  |    0    0    0    0  |    0    0    0    0  |    0    0    0    0  |    0  0x1    0    0  |    0  0x1    0    0  |    0  0x8  0xc    0  |    0    0    0    0  |    0    0    0    0  |    0    0    0    0  |    0    0    0    0  |    0    0    0    0  |    0    0    0    0  |    0    0    0    0  |    0    0    0    0  | 
   0    0    0    0  |    0    0    0    0  |    0    0    0    0  |    0    0    0    0  |    0    0    0    0  |    0    0    0    0  |    0    0    0    0  |    0    0    0    0  |    0    0    0    0  |    0    0    0    0  |    0    0    0    0  |    0    0    0    0  |    0    0    0    0  |    0    0    0    0  |    0    0    0    0  |    0    0    0    0  |    0    0    0    0  |    0    0    0    0  |    0    0    0    0  |    0    0    0    0  |    0    0    0    0  |    0    0    0    0  |    0    0    0    0  |    0    0    0    0  |    0    0    0    0  |    0    0    0    0  |    0    0    0    0  |    0    0    0    0  | 
   0    0    0    0  |    0    0    0    0  |    0    0    0    0  |    0    0    0    0  |    0    0    0    0  |    0    0    0    0  |    0    0    0    0  |    0    0    0    0  |    0    0    0    0  |    0    0    0    0  |    0    0    0    0  |    0    0    0    0  |    0    0    0    0  |    0    0    0    0  |    0    0    0    0  |    0    0    0    0  |    0    0    0    0  |    0    0    0    0  |    0    0    0    0  |    0    0    0    0  |    0    0    0    0  |    0    0    0    0  |    0    0    0    0  |    0    0    0    0  |    0    0    0    0  |    0    0    0    0  |    0    0    0    0  |    0    0    0    0  | 
------------------------
   0    0    0    0  |    0    0    0    0  |    0    0    0    0  |    0    0    0    0  |    0    0    0    0  |    0    0    0    0  |    0    0    0    0  |    0    0    0    0  |    0    0    0    0  |    0    0    0    0  |    0    0    0    0  |    0    0    0    0  |    0    0    0    0  |    0    0    0  0x1  |    0    0    0  0x1  |    0    0    0  0x8  |  0x8    0    0    0  |    0    0    0    0  |    0    0    0    0  |    0    0    0    0  |    0    0    0    0  |    0    0    0    0  |    0    0    0    0  |    0    0    0    0  |    0    0    0    0  |    0    0    0    0  |    0    0    0    0  |    0    0    0    0  | 
   0    0    0    0  |    0    0    0    0  |    0    0    0    0  |    0    0    0    0  |    0    0    0    0  |    0    0    0    0  |    0    0    0    0  |    0    0    0    0  |    0    0    0    0  |    0    0    0    0  |    0    0    0    0  |    0    0    0    0  |    0    0    0    0  |    0    0    0    0  |    0    0    0    0  |    0    0    0    0  |    0    0    0    0  |    0    0    0    0  |    0    0    0    0  |    0    0    0    0  |    0    0    0    0  |    0    0    0    0  |    0    0    0    0  |    0    0    0    0  |    0    0    0    0  |    0    0    0    0  |    0    0    0    0  |    0    0    0    0  | 
   0    0    0    0  |    0    0    0    0  |    0    0    0    0  |    0    0    0    0  |    0    0    0    0  |    0    0    0    0  |    0    0    0  0x8  |    0    0    0    0  |    0    0    0    0  |    0    0    0    0  |    0    0    0    0  |    0    0    0    0  |    0    0    0    0  |    0    0    0    0  |    0    0    0    0  |    0    0    0    0  |    0    0    0    0  |    0    0    0    0  |    0    0    0    0  |    0    0    0    0  |    0    0    0    0  |    0    0    0    0  |    0    0    0    0  |    0    0    0    0  |    0    0    0    0  |    0    0    0    0  |    0    0    0    0  |    0    0    0    0  | 
   0    0    0    0  |    0    0    0    0  |    0    0    0    0  |    0    0  0x1    0  |    0    0  0x1    0  |    0    0  0x8    0  |    0    0    0    0  |    0    0    0    0  |    0    0    0    0  |    0    0    0    0  |    0    0    0    0  |    0    0    0    0  |    0    0    0    0  |    0    0    0    0  |    0    0    0    0  |    0    0    0    0  |    0    0    0    0  |    0    0    0    0  |    0    0    0    0  |    0    0    0    0  |    0    0    0    0  |    0    0    0    0  |    0    0    0    0  |    0    0    0    0  |    0    0    0    0  |    0    0    0    0  |    0    0    0    0  |    0    0    0    0  | 
------------------------
   0    0    0    0  |    0    0    0    0  |    0    0    0    0  |    0    0    0    0  |    0    0    0    0  |    0    0    0    0  |    0    0    0    0  |    0    0    0    0  |    0    0    0    0  |    0    0    0    0  |    0    0    0    0  |    0    0    0    0  |    0    0    0    0  |    0    0    0  0x1  |    0    0    0  0x1  |    0    0    0  0x8  |  0x8    0    0    0  |    0    0    0    0  |    0    0    0    0  |    0    0    0    0  |    0    0    0    0  |    0    0    0    0  |    0    0    0    0  |    0    0    0    0  |    0    0    0    0  |    0    0    0    0  |    0    0    0    0  |    0    0    0    0  | 
   0    0    0    0  |    0    0    0    0  |    0    0    0    0  |    0    0    0    0  |    0    0    0    0  |    0    0    0    0  |    0    0    0    0  |    0    0    0    0  |    0    0    0    0  |    0    0    0    0  |    0    0    0    0  |    0    0    0    0  |    0    0    0    0  |    0    0    0    0  |    0    0    0    0  |    0    0    0    0  |    0    0    0    0  |    0    0    0    0  |    0    0    0    0  |    0    0    0    0  |    0    0    0    0  |    0    0    0    0  |    0    0    0    0  |    0    0    0    0  |    0    0    0    0  |    0    0    0    0  |    0    0    0    0  |    0    0    0    0  | 
   0    0    0    0  |    0    0    0    0  |    0    0    0    0  |    0    0    0    0  |    0    0    0    0  |    0    0    0    0  |    0    0    0    0  |    0    0    0    0  |    0    0    0    0  |    0    0    0    0  |    0    0    0    0  |    0    0    0    0  |    0    0    0    0  |    0    0    0    0  |    0    0    0    0  |    0    0    0    0  |    0    0    0    0  |    0    0    0    0  |    0    0    0    0  |    0    0    0    0  |    0    0    0    0  |    0    0    0    0  |    0    0    0    0  |    0    0    0    0  |    0    0    0    0  |    0    0    0    0  |    0    0    0    0  |    0    0    0    0  | 
   0    0    0    0  |    0    0    0    0  |    0    0    0    0  |    0    0    0    0  |    0    0    0    0  |    0    0    0  0x1  |    0    0    0  0x1  |    0    0    0  0x8  |  0x8    0    0    0  |    0    0    0    0  |    0    0    0    0  |    0    0    0    0  |    0    0    0    0  |    0    0    0    0  |    0    0    0    0  |    0    0    0    0  |    0    0    0    0  |    0    0    0    0  |    0    0    0    0  |    0    0    0    0  |    0    0    0    0  |    0    0    0    0  |    0    0    0    0  |    0    0    0    0  |    0    0    0    0  |    0    0    0    0  |    0    0    0    0  |    0    0    0    0  | 
------------------------
   0    0    0    0  |    0    0    0    0  |    0    0    0    0  |    0    0    0    0  |    0    0    0    0  |    0    0    0    0  |    0    0    0    0  |  0x1    0    0    0  |  0x1    0    0    0  |  0x8    0    0    0  |    0    0    0    0  |    0    0    0    0  |    0    0    0    0  |    0    0    0    0  |    0    0    0    0  |    0    0    0    0  |    0    0    0    0  |    0    0    0    0  |    0    0    0    0  |    0    0    0    0  |    0    0    0    0  |    0    0    0    0  |    0    0    0    0  |    0    0    0    0  |    0    0    0    0  |    0    0    0    0  |    0    0    0    0  |    0    0    0    0  | 
   0    0    0    0  |    0    0    0    0  |    0    0    0    0  |    0    0    0    0  |    0    0    0    0  |    0    0    0    0  |    0    0    0    0  |    0    0    0    0  |    0    0    0    0  |    0    0    0    0  |    0    0    0    0  |    0    0    0    0  |    0    0    0    0  |    0    0    0    0  |    0    0    0    0  |    0    0    0    0  |    0    0    0    0  |    0    0    0    0  |    0    0    0    0  |    0    0    0    0  |    0    0    0    0  |    0    0    0    0  |    0    0    0    0  |    0    0    0    0  |    0    0    0    0  |    0    0    0    0  |    0    0    0    0  |    0    0    0    0  | 
   0    0    0    0  |    0    0    0    0  |    0    0    0    0  |    0    0    0    0  |    0    0    0    0  |    0    0    0    0  |    0    0    0  0x8  |    0    0    0    0  |    0    0    0    0  |    0    0    0    0  |    0    0    0    0  |    0    0    0    0  |    0    0    0    0  |    0    0    0    0  |    0    0    0    0  |    0    0    0    0  |    0    0    0    0  |    0    0    0    0  |    0    0    0    0  |    0    0    0    0  |    0    0    0    0  |    0    0    0    0  |    0    0    0    0  |    0    0    0    0  |    0    0    0    0  |    0    0    0    0  |    0    0    0    0  |    0    0    0    0  | 
   0    0    0    0  |    0    0    0    0  |    0    0    0    0  |    0    0  0x1    0  |    0    0  0x1    0  |    0    0  0x8    0  |    0    0    0    0  |    0    0    0    0  |    0    0    0    0  |    0    0    0    0  |    0  0x8    0    0  |    0    0    0    0  |    0    0    0    0  |    0    0    0    0  |    0    0    0    0  |    0    0    0    0  |    0    0    0    0  |    0    0    0    0  |    0    0    0    0  |    0    0    0    0  |    0    0    0    0  |    0    0    0    0  |    0    0    0    0  |    0    0    0    0  |    0    0    0    0  |    0    0    0    0  |    0    0    0    0  |    0    0    0    0  | 
------------------------
   0    0    0    0  |    0    0    0    0  |    0    0    0    0  |    0    0    0    0  |    0    0    0    0  |    0    0    0    0  |    0    0    0    0  |    0    0    0    0  |    0    0    0    0  |    0  0x1    0    0  |    0  0x1    0    0  |    0  0x8    0    0  |    0    0    0    0  |    0    0    0    0  |    0    0    0    0  |    0    0    0    0  |    0    0    0    0  |    0    0    0    0  |    0    0    0    0  |    0    0    0    0  |    0    0    0    0  |    0    0    0    0  |    0    0    0    0  |    0    0    0    0  |    0    0    0    0  |    0    0    0    0  |    0    0    0    0  |    0    0    0    0  | 
   0    0    0    0  |    0    0    0    0  |    0    0    0    0  |    0    0    0    0  |    0    0    0    0  |    0    0    0    0  |    0    0    0    0  |    0    0    0    0  |    0    0    0    0  |    0    0    0    0  |    0    0    0    0  |    0    0    0    0  |    0    0    0    0  |    0    0    0    0  |    0    0    0    0  |    0    0    0    0  |    0    0    0    0  |    0    0    0    0  |    0    0    0    0  |    0    0    0    0  |    0    0    0    0  |    0    0    0    0  |    0    0    0    0  |    0    0    0    0  |    0    0    0    0  |    0    0    0    0  |    0    0    0    0  |    0    0    0    0  | 
   0    0    0    0  |    0    0    0    0  |    0    0    0    0  |    0    0    0    0  |    0    0    0    0  |    0    0    0    0  |    0    0    0  0x8  |    0    0    0    0  |    0    0    0    0  |    0    0    0    0  |    0    0    0    0  |    0    0    0    0  |    0    0    0    0  |    0    0    0    0  |    0    0    0    0  |    0    0    0    0  |    0    0    0    0  |    0    0    0    0  |    0    0    0    0  |    0    0    0    0  |    0    0    0    0  |    0    0    0    0  |    0    0    0    0  |    0    0    0    0  |    0    0    0    0  |    0    0    0    0  |    0    0    0    0  |    0    0    0    0  | 
   0    0    0    0  |    0    0    0    0  |    0    0    0    0  |    0    0  0x1    0  |    0    0  0x1    0  |    0    0  0x8    0  |    0    0    0    0  |    0    0    0    0  |    0    0    0    0  |    0    0    0    0  |    0    0    0    0  |    0    0    0    0  |    0    0  0x8    0  |    0    0    0    0  |    0    0    0    0  |    0    0    0    0  |    0    0    0    0  |    0    0    0    0  |    0    0    0    0  |    0    0    0    0  |    0    0    0    0  |    0    0    0    0  |    0    0    0    0  |    0    0    0    0  |    0    0    0    0  |    0    0    0    0  |    0    0    0    0  |    0    0    0    0  | 
------------------------
   0    0    0    0  |    0    0    0    0  |    0    0    0    0  |    0    0    0    0  |    0    0    0    0  |    0    0    0    0  |    0    0    0    0  |    0    0    0    0  |    0    0    0    0  |    0  0x1    0    0  |    0  0x1    0    0  |    0  0x8    0    0  |    0    0    0    0  |    0    0    0    0  |    0    0    0    0  |    0    0    0    0  |    0    0    0    0  |    0    0    0    0  |    0    0    0    0  |    0    0    0    0  |    0    0  0x4  0x8  |    0    0  0x2  0x1  |    0    0    0  0x3  |    0    0    0    0  |    0    0    0    0  |    0    0    0    0  |    0    0    0    0  |    0    0    0    0  | 
   0    0    0    0  |    0    0    0    0  |    0    0    0    0  |    0    0    0    0  |    0    0    0    0  |    0    0    0    0  |    0    0    0    0  |    0    0    0    0  |    0    0    0    0  |    0    0    0    0  |    0    0    0    0  |    0    0    0    0  |    0    0    0    0  |    0    0    0    0  |    0    0    0    0  |    0    0    0    0  |    0    0    0    0  |    0    0    0    0  |    0    0    0    0  |    0    0  0xc    0  |    0    0    0    0  |    0    0    0    0  |    0    0    0    0  |    0    0    0    0  |    0    0    0    0  |    0    0    0    0  |    0    0    0    0  |    0    0    0    0  | 
   0    0    0    0  |    0    0    0    0  |    0    0    0    0  |    0    0    0    0  |    0    0    0    0  |    0    0    0    0  |    0    0    0  0x8  |    0    0    0    0  |    0    0    0    0  |    0    0    0    0  |    0    0    0    0  |    0    0    0    0  |    0    0    0    0  |    0    0    0    0  |    0    0    0    0  |    0    0    0    0  |    0    0    0    0  |    0    0    0    0  |    0    0    0    0  |    0    0    0    0  |    0    0    0    0  |    0    0    0    0  |    0    0    0    0  |    0    0    0    0  |    0    0    0    0  |    0    0    0    0  |    0    0    0    0  |    0    0    0    0  | 
   0    0    0    0  |    0    0    0    0  |    0    0    0    0  |    0    0  0x1    0  |    0    0  0x1    0  |    0    0  0x8    0  |    0    0    0    0  |    0    0    0    0  |    0    0    0    0  |    0    0    0    0  |    0    0    0    0  |    0    0    0    0  |    0    0  0x8    0  |    0    0    0    0  |    0    0    0    0  |    0    0    0    0  |    0    0    0    0  |    0    0    0    0  |    0    0    0    0  |    0    0    0    0  |    0    0    0    0  |    0    0    0    0  |    0    0    0    0  |    0    0    0    0  |    0    0    0    0  |    0    0    0    0  |    0    0    0    0  |    0    0    0    0  | 
------------------------
   0    0    0    0  |    0    0    0    0  |    0    0    0    0  |    0    0    0    0  |    0    0    0    0  |    0    0    0    0  |    0    0    0    0  |    0    0    0    0  |    0    0    0    0  |    0    0    0    0  |    0    0    0    0  |    0    0  0x1    0  |    0    0  0x1    0  |    0    0  0x8    0  |    0    0    0    0  |    0    0    0    0  |    0    0    0    0  |    0    0    0    0  |    0    0    0    0  |    0    0    0    0  |    0    0  0x8    0  |    0    0    0    0  |    0    0    0    0  |    0    0    0    0  |    0    0    0    0  |    0    0    0    0  |    0    0    0    0  |    0    0    0    0  | 
   0    0    0    0  |    0    0    0    0  |    0    0    0    0  |    0    0    0    0  |    0    0    0    0  |    0    0    0    0  |    0    0    0    0  |    0    0    0    0  |    0    0    0    0  |    0    0    0    0  |    0    0    0    0  |    0    0    0    0  |    0    0    0    0  |    0    0    0    0  |    0    0    0    0  |    0    0    0    0  |    0    0    0    0  |    0  0x1    0    0  |    0  0x1    0    0  |    0  0x8    0    0  |    0    0    0    0  |    0    0    0    0  |    0    0    0    0  |    0    0    0    0  |    0    0    0    0  |    0    0    0    0  |    0    0    0    0  |    0    0    0    0  | 
   0    0    0    0  |    0    0    0    0  |    0    0    0    0  |    0    0    0    0  |    0    0    0    0  |    0    0    0    0  |    0    0    0    0  |    0    0    0    0  |    0    0    0    0  |    0    0    0    0  |    0    0    0    0  |    0    0    0    0  |    0    0    0    0  |    0    0    0    0  |    0    0    0    0  |    0    0    0    0  |    0    0    0    0  |    0    0    0    0  |    0    0    0    0  |    0    0    0    0  |    0    0    0    0  |    0    0    0    0  |    0    0    0    0  |    0    0    0    0  |    0    0    0    0  |    0    0    0    0  |    0    0    0    0  |    0    0    0    0  | 
   0    0    0    0  |    0    0    0    0  |    0    0    0    0  |    0    0    0    0  |    0    0    0    0  |    0    0    0    0  |    0    0    0    0  |    0    0    0    0  |    0    0    0    0  |    0    0    0    0  |    0    0    0    0  |    0    0    0    0  |    0    0    0    0  |    0    0    0    0  |    0    0    0  0x8  |    0    0    0    0  |    0    0    0    0  |    0    0    0    0  |    0    0    0    0  |    0    0    0    0  |    0    0    0    0  |    0    0    0    0  |    0    0    0    0  |    0    0    0    0  |    0    0    0    0  |    0    0    0    0  |    0    0    0    0  |    0    0    0    0  | 
------------------------
   0    0    0    0  |    0    0    0    0  |    0    0    0    0  |    0    0    0    0  |    0    0    0    0  |    0    0    0    0  |    0    0    0    0  |    0    0    0    0  |    0    0    0    0  |    0    0    0    0  |    0    0    0    0  |    0    0    0    0  |    0    0    0    0  |    0    0    0    0  |    0    0    0    0  |    0    0    0    0  |    0  0x8    0    0  |    0  0x3    0    0  |    0  0x9  0xa    0  |    0    0  0x3    0  |    0    0  0x5  0xa  |    0    0  0x2  0x1  |    0    0    0  0x3  |    0    0    0    0  |    0    0    0    0  |    0    0    0    0  |    0    0    0    0  |    0    0    0    0  | 
   0    0    0    0  |    0    0    0    0  |    0    0    0    0  |    0    0    0    0  |    0    0    0    0  |    0    0    0    0  |    0    0    0    0  |    0    0    0    0  |    0    0    0    0  |    0    0    0    0  |    0    0    0    0  |    0    0    0    0  |    0    0    0    0  |    0    0    0    0  |    0    0    0    0  |  0x9    0    0    0  |  0x1    0    0    0  |  0x8  0x8    0    0  |    0    0    0    0  |    0    0  0xc    0  |    0    0    0    0  |    0    0    0    0  |    0    0    0    0  |    0    0    0    0  |    0    0    0    0  |    0    0    0    0  |    0    0    0    0  |    0    0    0    0  | 
   0    0    0    0  |    0    0    0    0  |    0    0    0    0  |    0    0    0    0  |    0    0    0    0  |    0    0    0    0  |    0    0    0    0  |    0    0    0    0  |    0    0    0    0  |    0    0    0    0  |    0    0    0    0  |    0    0    0    0  |    0    0    0    0  |    0    0    0    0  |    0    0    0    0  |    0    0    0    0  |    0    0    0    0  |    0    0    0    0  |    0    0    0    0  |    0    0    0    0  |    0    0    0    0  |    0    0    0    0  |    0    0    0    0  |    0    0    0    0  |    0    0    0    0  |    0    0    0    0  |    0    0    0    0  |    0    0    0    0  | 
   0    0    0    0  |    0    0    0    0  |    0    0    0    0  |    0    0    0    0  |    0    0    0    0  |    0    0    0    0  |    0    0    0    0  |    0    0    0    0  |    0    0    0    0  |    0    0    0    0  |    0    0    0    0  |    0    0    0    0  |    0    0    0    0  |    0    0    0    0  |    0    0    0    0  |    0    0    0    0  |    0    0    0    0  |    0    0    0    0  |    0    0    0    0  |    0    0    0    0  |    0    0    0    0  |    0    0    0    0  |    0    0    0    0  |    0    0    0    0  |    0    0    0    0  |    0    0    0    0  |    0    0    0    0  |    0    0    0    0  | 
------------------------
   0    0    0    0  |    0    0    0    0  |    0    0    0    0  |    0    0    0    0  |    0    0    0    0  |    0    0    0    0  |    0    0    0    0  |    0    0    0    0  |    0    0    0    0  |    0    0    0    0  |    0    0    0    0  |    0    0  0x1    0  |    0    0  0x1    0  |    0    0  0x8    0  |    0    0    0    0  |    0    0    0    0  |    0    0    0    0  |    0    0    0    0  |    0    0    0    0  |    0    0    0    0  |    0    0  0xc  0x8  |    0    0  0x2  0x1  |    0    0    0  0x3  |    0    0    0    0  |    0    0    0    0  |    0    0    0    0  |    0    0    0    0  |    0    0    0    0  | 
   0    0    0    0  |    0    0    0    0  |    0    0    0    0  |    0    0    0    0  |    0    0    0    0  |    0    0    0    0  |    0    0    0    0  |    0    0    0    0  |    0    0    0    0  |    0    0    0    0  |    0    0    0    0  |    0    0    0    0  |    0    0    0    0  |    0    0    0    0  |    0    0    0    0  |    0    0    0    0  |    0    0    0    0  |    0  0x1    0    0  |    0  0x1    0    0  |    0  0x8  0xc    0  |    0    0    0    0  |    0    0    0    0  |    0    0    0    0  |    0    0    0    0  |    0    0    0    0  |    0    0    0    0  |    0    0    0    0  |    0    0    0    0  | 
   0    0    0    0  |    0    0    0    0  |    0    0    0    0  |    0    0    0    0  |    0    0    0    0  |    0    0    0    0  |    0    0    0    0  |    0    0    0    0  |    0    0    0    0  |    0    0    0    0  |    0    0    0    0  |    0    0    0    0  |    0    0    0    0  |    0    0    0    0  |    0    0    0    0  |    0    0    0    0  |    0    0    0    0  |    0    0    0    0  |    0    0    0    0  |    0    0    0    0  |    0    0    0    0  |    0    0    0    0  |    0    0    0    0  |    0    0    0    0  |    0    0    0    0  |    0    0    0    0  |    0    0    0    0  |    0    0    0    0  | 
   0    0    0    0  |    0    0    0    0  |    0    0    0    0  |    0    0    0    0  |    0    0    0    0  |    0    0    0    0  |    0    0    0    0  |    0    0    0    0  |    0    0    0    0  |    0    0    0    0  |    0    0    0    0  |    0    0    0    0  |    0    0    0    0  |    0    0    0    0  |    0    0    0  0x8  |    0    0    0    0  |    0    0    0    0  |    0    0    0    0  |    0    0    0    0  |    0    0    0    0  |    0    0    0    0  |    0    0    0    0  |    0    0    0    0  |    0    0    0    0  |    0    0    0    0  |    0    0    0    0  |    0    0    0    0  |    0    0    0    0  | 
------------------------
   0    0    0    0  |    0    0    0    0  |    0    0    0    0  |    0    0    0    0  |    0    0    0    0  |    0    0    0    0  |    0    0    0    0  |    0    0    0    0  |    0    0    0    0  |    0    0    0    0  |    0    0    0    0  |    0    0  0x1    0  |    0    0  0x1    0  |    0    0  0x8    0  |    0    0    0    0  |    0    0    0    0  |    0    0    0    0  |    0    0    0    0  |    0    0    0    0  |    0    0    0    0  |    0    0    0    0  |    0    0    0    0  |    0    0    0  0x8  |    0    0    0    0  |    0    0    0    0  |    0    0    0    0  |    0    0    0    0  |    0    0    0    0  | 
   0    0    0    0  |    0    0    0    0  |    0    0    0    0  |    0    0    0    0  |    0    0    0    0  |    0    0    0    0  |    0    0    0    0  |    0    0    0    0  |    0    0    0    0  |    0    0    0    0  |    0    0    0    0  |    0    0    0    0  |    0    0    0    0  |    0    0    0    0  |    0    0    0    0  |    0    0    0    0  |    0    0    0    0  |    0    0    0    0  |    0    0    0    0  |    0    0  0x1    0  |    0    0  0x1    0  |    0    0  0x8    0  |    0    0    0    0  |    0    0    0    0  |    0    0    0    0  |    0    0    0    0  |    0    0    0    0  |    0    0    0    0  | 
   0    0    0    0  |    0    0    0    0  |    0    0    0    0  |    0    0    0    0  |    0    0    0    0  |    0    0    0    0  |    0    0    0    0  |    0    0    0    0  |    0    0    0    0  |    0    0    0    0  |    0    0    0    0  |    0    0    0    0  |    0    0    0    0  |    0    0    0    0  |    0    0    0    0  |    0    0    0    0  |    0    0    0    0  |    0    0    0    0  |    0    0    0    0  |    0    0    0    0  |    0    0    0    0  |    0    0    0    0  |    0    0    0    0  |    0    0    0    0  |    0    0    0    0  |    0    0    0    0  |    0    0    0    0  |    0    0    0    0  | 
   0    0    0    0  |    0    0    0    0  |    0    0    0    0  |    0    0    0    0  |    0    0    0    0  |    0    0    0    0  |    0    0    0    0  |    0    0    0    0  |    0    0    0    0  |    0    0    0    0  |    0    0    0    0  |    0    0    0    0  |    0    0    0    0  |    0    0    0    0  |    0    0    0  0x8  |    0    0    0    0  |    0    0    0    0  |    0    0    0    0  |    0    0    0    0  |    0    0    0    0  |    0    0    0    0  |    0    0    0    0  |    0    0    0    0  |    0    0    0    0  |    0    0    0    0  |    0    0    0    0  |    0    0    0    0  |    0    0    0    0  | 
------------------------
   0    0    0    0  |    0    0    0    0  |    0    0    0    0  |    0    0    0    0  |    0    0    0    0  |    0    0    0    0  |    0    0    0    0  |    0    0    0    0  |    0    0    0    0  |    0    0    0    0  |    0    0    0    0  |    0    0  0x1    0  |    0    0  0x1    0  |    0    0  0x8    0  |    0    0    0    0  |    0    0    0    0  |    0    0    0    0  |    0    0    0    0  |    0    0    0    0  |    0    0    0    0  |    0    0  0x4  0x8  |    0    0  0x2  0x1  |    0    0    0  0xb  |    0    0    0    0  |    0    0    0    0  |    0    0    0    0  |    0    0    0    0  |    0    0    0    0  | 
   0    0    0    0  |    0    0    0    0  |    0    0    0    0  |    0    0    0    0  |    0    0    0    0  |    0    0    0    0  |    0    0    0    0  |    0    0    0    0  |    0    0    0    0  |    0    0    0    0  |    0    0    0    0  |    0    0    0    0  |    0    0    0    0  |    0    0    0    0  |    0    0    0    0  |    0    0    0    0  |    0    0    0    0  |    0    0    0    0  |    0    0    0    0  |    0    0  0xd    0  |    0    0  0x1    0  |    0    0  0x8    0  |    0    0    0    0  |    0    0    0    0  |    0    0    0    0  |    0    0    0    0  |    0    0    0    0  |    0    0    0    0  | 
   0    0    0    0  |    0    0    0    0  |    0    0    0    0  |    0    0    0    0  |    0    0    0    0  |    0    0    0    0  |    0    0    0    0  |    0    0    0    0  |    0    0    0    0  |    0    0    0    0  |    0    0    0    0  |    0    0    0    0  |    0    0    0    0  |    0    0    0    0  |    0    0    0    0  |    0    0    0    0  |    0    0    0    0  |    0    0    0    0  |    0    0    0    0  |    0    0    0    0  |    0    0    0    0  |    0    0    0    0  |    0    0    0    0  |    0    0    0    0  |    0    0    0    0  |    0    0    0    0  |    0    0    0    0  |    0    0    0    0  | 
   0    0    0    0  |    0    0    0    0  |    0    0    0    0  |    0    0    0    0  |    0    0    0    0  |    0    0    0    0  |    0    0    0    0  |    0    0    0    0  |    0    0    0    0  |    0    0    0    0  |    0    0    0    0  |    0    0    0    0  |    0    0    0    0  |    0    0    0    0  |    0    0    0  0x8  |    0    0    0    0  |    0    0    0    0  |    0    0    0    0  |    0    0    0    0  |    0    0    0    0  |    0    0    0    0  |    0    0    0    0  |    0    0    0    0  |    0    0    0    0  |    0    0    0    0  |    0    0    0    0  |    0    0    0    0  |    0    0    0    0  | 
------------------------
   0    0    0    0  |    0    0    0    0  |    0    0    0    0  |    0    0    0    0  |    0    0    0    0  |    0    0    0    0  |    0    0    0    0  |    0    0    0    0  |    0    0    0    0  |    0  0x1    0    0  |    0  0x1    0    0  |    0  0x8    0    0  |    0    0    0    0  |    0    0    0    0  |    0    0    0    0  |    0    0    0    0  |    0    0    0    0  |    0    0    0    0  |    0    0    0    0  |    0    0    0    0  |    0    0    0    0  |    0    0    0    0  |    0    0    0  0x8  |    0    0    0    0  |    0    0    0    0  |    0    0    0    0  |    0    0    0    0  |    0    0    0    0  | 
   0    0    0    0  |    0    0    0    0  |    0    0    0    0  |    0    0    0    0  |    0    0    0    0  |    0    0    0    0  |    0    0    0    0  |    0    0    0    0  |    0    0    0    0  |    0    0    0    0  |    0    0    0    0  |    0    0    0    0  |    0    0    0    0  |    0    0    0    0  |    0    0    0    0  |    0    0    0    0  |    0    0    0    0  |    0    0    0    0  |    0    0    0    0  |    0    0  0x1    0  |    0    0  0x1    0  |    0    0  0x8    0  |    0    0    0    0  |    0    0    0    0  |    0    0    0    0  |    0    0    0    0  |    0    0    0    0  |    0    0    0    0  | 
   0    0    0    0  |    0    0    0    0  |    0    0    0    0  |    0    0    0    0  |    0    0    0    0  |    0    0    0    0  |    0    0    0    0  |    0    0    0    0  |    0    0    0    0  |    0    0    0    0  |    0    0    0    0  |    0    0    0    0  |    0    0    0    0  |    0    0    0    0  |    0    0    0    0  |    0    0    0    0  |    0    0    0    0  |    0    0    0    0  |    0    0    0    0  |    0    0    0    0  |    0    0    0    0  |    0    0    0    0  |    0    0    0    0  |    0    0    0    0  |    0    0    0    0  |    0    0    0    0  |    0    0    0    0  |    0    0    0    0  | 
   0    0    0    0  |    0    0    0    0  |    0    0    0    0  |    0    0    0    0  |    0    0    0    0  |    0    0    0    0  |    0    0    0    0  |    0    0    0    0  |    0    0    0    0  |    0    0    0    0  |    0    0    0    0  |    0    0    0    0  |    0    0  0x8    0  |    0    0    0    0  |    0    0    0    0  |    0    0    0    0  |    0    0    0    0  |    0    0    0    0  |    0    0    0    0  |    0    0    0    0  |    0    0    0    0  |    0    0    0    0  |    0    0    0    0  |    0    0    0    0  |    0    0    0    0  |    0    0    0    0  |    0    0    0    0  |    0    0    0    0  | 
------------------------
   0    0    0    0  |    0    0    0    0  |    0    0    0    0  |    0    0    0    0  |    0    0    0    0  |    0    0    0    0  |    0    0    0    0  |    0    0    0    0  |    0    0    0    0  |    0  0x1    0    0  |    0  0x1    0    0  |    0  0x8    0    0  |    0    0    0    0  |    0    0    0    0  |    0    0    0    0  |    0    0    0    0  |    0    0    0    0  |    0    0    0    0  |    0    0    0    0  |    0    0    0    0  |    0    0  0x4  0x8  |    0    0  0x2  0x1  |    0    0    0  0xb  |    0    0    0    0  |    0    0    0    0  |    0    0    0    0  |    0    0    0    0  |    0    0    0    0  | 
   0    0    0    0  |    0    0    0    0  |    0    0    0    0  |    0    0    0    0  |    0    0    0    0  |    0    0    0    0  |    0    0    0    0  |    0    0    0    0  |    0    0    0    0  |    0    0    0    0  |    0    0    0    0  |    0    0    0    0  |    0    0    0    0  |    0    0    0    0  |    0    0    0    0  |    0    0    0    0  |    0    0    0    0  |    0    0    0    0  |    0    0    0    0  |    0    0  0xd    0  |    0    0  0x1    0  |    0    0  0x8    0  |    0    0    0    0  |    0    0    0    0  |    0    0    0    0  |    0    0    0    0  |    0    0    0    0  |    0    0    0    0  | 
   0    0    0    0  |    0    0    0    0  |    0    0    0    0  |    0    0    0    0  |    0    0    0    0  |    0    0    0    0  |    0    0    0    0  |    0    0    0    0  |    0    0    0    0  |    0    0    0    0  |    0    0    0    0  |    0    0    0    0  |    0    0    0    0  |    0    0    0    0  |    0    0    0    0  |    0    0    0    0  |    0    0    0    0  |    0    0    0    0  |    0    0    0    0  |    0    0    0    0  |    0    0    0    0  |    0    0    0    0  |    0    0    0    0  |    0    0    0    0  |    0    0    0    0  |    0    0    0    0  |    0    0    0    0  |    0    0    0    0  | 
   0    0    0    0  |    0    0    0    0  |    0    0    0    0  |    0    0    0    0  |    0    0    0    0  |    0    0    0    0  |    0    0    0    0  |    0    0    0    0  |    0    0    0    0  |    0    0    0    0  |    0    0    0    0  |    0    0    0    0  |    0    0  0x8    0  |    0    0    0    0  |    0    0    0    0  |    0    0    0    0  |    0    0    0    0  |    0    0    0    0  |    0    0    0    0  |    0    0    0    0  |    0    0    0    0  |    0    0    0    0  |    0    0    0    0  |    0    0    0    0  |    0    0    0    0  |    0    0    0    0  |    0    0    0    0  |    0    0    0    0  | 
------------------------
   0    0    0    0  |    0    0    0    0  |    0    0    0    0  |    0    0    0    0  |    0    0    0    0  |    0    0    0    0  |    0    0    0    0  |    0    0    0    0  |    0    0    0    0  |    0    0    0    0  |    0    0    0    0  |    0    0    0    0  |    0    0    0    0  |    0    0    0    0  |    0    0    0    0  |    0    0    0    0  |    0    0    0    0  |    0    0    0    0  |    0  0x8    0    0  |    0    0    0    0  |    0    0  0xc  0x8  |    0    0  0x2  0x1  |    0    0    0  0x3  |    0    0    0    0  |    0    0    0    0  |    0    0    0    0  |    0    0    0    0  |    0    0    0    0  | 
   0    0    0    0  |    0    0    0    0  |    0    0    0    0  |    0    0    0    0  |    0    0    0    0  |    0    0    0    0  |    0    0    0    0  |    0    0    0    0  |    0    0    0    0  |    0    0    0    0  |    0    0    0    0  |    0    0    0    0  |    0    0    0    0  |    0    0    0    0  |    0    0    0    0  |  0x1    0    0    0  |  0x1    0    0    0  |  0x8  0x1    0    0  |    0  0x1    0    0  |    0  0x8  0xc    0  |    0    0    0    0  |    0    0    0    0  |    0    0    0    0  |    0    0    0    0  |    0    0    0    0  |    0    0    0    0  |    0    0    0    0  |    0    0    0    0  | 
   0    0    0    0  |    0    0    0    0  |    0    0    0    0  |    0    0    0    0  |    0    0    0    0  |    0    0    0    0  |    0    0    0    0  |    0    0    0    0  |    0    0    0    0  |    0    0    0    0  |    0    0    0    0  |    0    0    0    0  |    0    0    0    0  |    0    0    0    0  |    0    0    0    0  |    0    0    0    0  |    0    0    0    0  |    0    0    0    0  |    0    0    0    0  |    0    0    0    0  |    0    0    0    0  |    0    0    0    0  |    0    0    0    0  |    0    0    0    0  |    0    0    0    0  |    0    0    0    0  |    0    0    0    0  |    0    0    0    0  | 
   0    0    0    0  |    0    0    0    0  |    0    0    0    0  |    0    0    0    0  |    0    0    0    0  |    0    0    0    0  |    0    0    0    0  |    0    0    0    0  |    0    0    0    0  |    0    0    0    0  |    0    0    0    0  |    0    0    0    0  |    0    0    0    0  |    0    0    0    0  |    0    0    0    0  |    0    0    0    0  |    0    0    0    0  |    0    0    0    0  |    0    0    0    0  |    0    0    0    0  |    0    0    0    0  |    0    0    0    0  |    0    0    0    0  |    0    0    0    0  |    0    0    0    0  |    0    0    0    0  |    0    0    0    0  |    0    0    0    0  | 
------------------------
   0    0    0    0  |    0    0    0    0  |    0    0    0    0  |    0    0    0    0  |    0    0    0    0  |    0    0    0    0  |    0    0    0    0  |    0    0    0    0  |    0    0    0    0  |    0    0    0    0  |    0    0    0    0  |    0    0    0    0  |    0    0    0    0  |    0    0    0    0  |    0    0    0    0  |    0    0    0    0  |    0  0x8    0    0  |    0  0x3    0    0  |    0  0x1  0xa    0  |    0    0  0x3    0  |    0    0  0xd  0xa  |    0    0  0x2  0x1  |    0    0    0  0x3  |    0    0    0    0  |    0    0    0    0  |    0    0    0    0  |    0    0    0    0  |    0    0    0    0  | 
   0    0    0    0  |    0    0    0    0  |    0    0    0    0  |    0    0    0    0  |    0    0    0    0  |    0    0    0    0  |    0    0    0    0  |    0    0    0    0  |    0    0    0    0  |    0    0    0    0  |    0    0    0    0  |    0    0    0    0  |    0    0    0    0  |    0    0    0    0  |    0    0    0    0  |  0x8    0    0    0  |    0    0    0    0  |    0  0x9    0    0  |    0  0x1    0    0  |    0  0x8  0xc    0  |    0    0    0    0  |    0    0    0    0  |    0    0    0    0  |    0    0    0    0  |    0    0    0    0  |    0    0    0    0  |    0    0    0    0  |    0    0    0    0  | 
   0    0    0    0  |    0    0    0    0  |    0    0    0    0  |    0    0    0    0  |    0    0    0    0  |    0    0    0    0  |    0    0    0    0  |    0    0    0    0  |    0    0    0    0  |    0    0    0    0  |    0    0    0    0  |    0    0    0    0  |    0    0    0    0  |    0    0    0    0  |    0    0    0    0  |    0    0    0    0  |    0    0    0    0  |    0    0    0    0  |    0    0    0    0  |    0    0    0    0  |    0    0    0    0  |    0    0    0    0  |    0    0    0    0  |    0    0    0    0  |    0    0    0    0  |    0    0    0    0  |    0    0    0    0  |    0    0    0    0  | 
   0    0    0    0  |    0    0    0    0  |    0    0    0    0  |    0    0    0    0  |    0    0    0    0  |    0    0    0    0  |    0    0    0    0  |    0    0    0    0  |    0    0    0    0  |    0    0    0    0  |    0    0    0    0  |    0    0    0    0  |    0    0    0    0  |    0    0    0    0  |    0    0    0    0  |    0    0    0    0  |    0    0    0    0  |    0    0    0    0  |    0    0    0    0  |    0    0    0    0  |    0    0    0    0  |    0    0    0    0  |    0    0    0    0  |    0    0    0    0  |    0    0    0    0  |    0    0    0    0  |    0    0    0    0  |    0    0    0    0  | 
------------------------
   0    0    0    0  |    0    0    0    0  |    0    0    0    0  |    0    0    0    0  |    0    0    0    0  |    0    0    0    0  |    0    0    0    0  |    0    0    0    0  |    0    0    0    0  |    0    0    0    0  |    0    0    0    0  |    0    0    0    0  |    0    0    0    0  |    0    0    0    0  |    0    0    0    0  |    0    0    0    0  |    0    0    0    0  |    0    0    0    0  |    0    0    0    0  |    0    0    0    0  |    0    0  0xc  0x8  |    0    0  0x2  0x1  |    0    0    0  0x3  |    0    0    0    0  |    0    0    0    0  |    0    0    0    0  |    0    0    0    0  |    0    0    0    0  | 
   0    0    0    0  |    0    0    0    0  |    0    0    0    0  |    0    0    0    0  |    0    0    0    0  |    0    0    0    0  |    0    0    0    0  |    0    0    0    0  |    0    0    0    0  |    0    0    0    0  |    0    0    0    0  |    0    0    0    0  |    0    0    0    0  |    0    0    0    0  |    0    0    0    0  |    0    0    0    0  |    0    0    0    0  |    0  0x1    0    0  |    0  0x1    0    0  |    0  0x8  0xc    0  |    0    0    0    0  |    0    0    0    0  |    0    0    0    0  |    0    0    0    0  |    0    0    0    0  |    0    0    0    0  |    0    0    0    0  |    0    0    0    0  | 
   0    0    0    0  |    0    0    0    0  |    0    0    0    0  |    0    0    0    0  |    0    0  0x8    0  |    0    0    0    0  |    0    0    0    0  |    0    0    0    0  |    0    0    0    0  |    0    0    0    0  |    0    0    0    0  |    0    0    0    0  |    0    0    0    0  |    0    0    0    0  |    0    0    0    0  |    0    0    0    0  |    0    0    0    0  |    0    0    0    0  |    0    0    0    0  |    0    0    0    0  |    0    0    0    0  |    0    0    0    0  |    0    0    0    0  |    0    0    0    0  |    0    0    0    0  |    0    0    0    0  |    0    0    0    0  |    0    0    0    0  | 
   0    0    0    0  |    0  0x1    0    0  |    0  0x1    0    0  |    0  0x8    0    0  |    0    0    0    0  |    0    0    0    0  |    0    0    0    0  |    0    0    0    0  |    0    0    0    0  |    0    0    0    0  |    0    0    0    0  |    0    0    0    0  |    0    0    0    0  |    0    0    0    0  |    0    0    0    0  |    0    0    0    0  |    0    0    0    0  |    0    0    0    0  |    0    0    0    0  |    0    0    0    0  |    0    0    0    0  |    0    0    0    0  |    0    0    0    0  |    0    0    0    0  |    0    0    0    0  |    0    0    0    0  |    0    0    0    0  |    0    0    0    0  | 
------------------------
   0    0    0    0  |    0    0    0    0  |    0    0    0    0  |    0    0    0    0  |    0    0    0    0  |    0    0    0    0  |    0    0    0    0  |    0    0    0    0  |    0    0    0    0  |    0  0x1    0    0  |    0  0x1    0    0  |    0  0x8    0    0  |    0    0    0    0  |    0    0    0    0  |    0    0    0    0  |    0    0    0    0  |    0    0    0    0  |    0    0    0    0  |    0  0x8    0    0  |    0    0    0    0  |    0    0  0x4  0x8  |    0    0  0x2  0x1  |    0    0    0  0x3  |    0    0    0    0  |    0    0    0    0  |    0    0    0    0  |    0    0    0    0  |    0    0    0    0  | 
   0    0    0    0  |    0    0    0    0  |    0    0    0    0  |    0    0    0    0  |    0    0    0    0  |    0    0    0    0  |    0    0    0    0  |    0    0    0    0  |    0    0    0    0  |    0    0    0    0  |    0    0    0    0  |    0    0    0    0  |    0    0    0    0  |    0    0    0    0  |    0    0    0    0  |  0x1    0    0    0  |  0x1    0    0    0  |  0x8    0    0    0  |    0    0    0    0  |    0    0  0xc    0  |    0    0    0    0  |    0    0    0    0  |    0    0    0    0  |    0    0    0    0  |    0    0    0    0  |    0    0    0    0  |    0    0    0    0  |    0    0    0    0  | 
   0    0    0    0  |    0    0    0    0  |    0    0    0    0  |    0    0    0    0  |    0    0    0    0  |    0    0    0    0  |    0    0    0    0  |    0    0    0    0  |    0    0    0    0  |    0    0    0    0  |    0    0    0    0  |    0    0    0    0  |    0    0    0    0  |    0    0    0    0  |    0    0    0    0  |    0    0    0    0  |    0    0    0    0  |    0    0    0    0  |    0    0    0    0  |    0    0    0    0  |    0    0    0    0  |    0    0    0    0  |    0    0    0    0  |    0    0    0    0  |    0    0    0    0  |    0    0    0    0  |    0    0    0    0  |    0    0    0    0  | 
   0    0    0    0  |    0    0    0    0  |    0    0    0    0  |    0    0    0    0  |    0    0    0    0  |    0    0    0    0  |    0    0    0    0  |    0    0    0    0  |    0    0    0    0  |    0    0    0    0  |    0    0    0    0  |    0    0    0    0  |    0    0  0x8    0  |    0    0    0    0  |    0    0    0    0  |    0    0    0    0  |    0    0    0    0  |    0    0    0    0  |    0    0    0    0  |    0    0    0    0  |    0    0    0    0  |    0    0    0    0  |    0    0    0    0  |    0    0    0    0  |    0    0    0    0  |    0    0    0    0  |    0    0    0    0  |    0    0    0    0  | 
------------------------
   0    0    0    0  |    0    0    0    0  |    0    0    0    0  |    0    0    0    0  |    0    0    0    0  |    0    0    0    0  |    0    0    0    0  |    0    0    0    0  |    0    0    0    0  |    0    0    0    0  |    0    0    0    0  |    0    0  0x1    0  |    0    0  0x1    0  |    0    0  0x8    0  |    0    0    0    0  |    0    0    0    0  |    0    0    0    0  |    0    0    0    0  |    0    0    0    0  |    0    0    0    0  |    0    0  0x4  0x8  |    0    0  0x2  0x1  |    0    0    0  0x3  |    0    0    0    0  |    0    0    0    0  |    0    0    0    0  |    0    0    0    0  |    0    0    0    0  | 
   0    0    0    0  |    0    0    0    0  |    0    0    0    0  |    0    0    0    0  |    0    0    0    0  |    0    0    0    0  |    0    0    0    0  |    0    0    0    0  |    0    0    0    0  |    0    0    0    0  |    0    0    0    0  |    0    0    0    0  |    0    0    0    0  |    0    0    0    0  |    0    0    0    0  |    0    0    0    0  |    0    0    0    0  |    0    0    0    0  |    0    0    0    0  |    0    0  0xc    0  |    0    0    0    0  |    0    0    0    0  |    0    0    0    0  |    0    0    0    0  |    0    0    0    0  |    0    0    0    0  |    0    0    0    0  |    0    0    0    0  | 
   0    0    0    0  |    0    0    0    0  |    0    0    0    0  |    0    0    0    0  |    0    0    0    0  |    0    0    0    0  |    0    0    0  0x8  |    0    0    0    0  |    0    0    0    0  |    0    0    0    0  |    0    0    0    0  |    0    0    0    0  |    0    0    0    0  |    0    0    0    0  |    0    0    0    0  |    0    0    0    0  |    0    0    0    0  |    0    0    0    0  |    0    0    0    0  |    0    0    0    0  |    0    0    0    0  |    0    0    0    0  |    0    0    0    0  |    0    0    0    0  |    0    0    0    0  |    0    0    0    0  |    0    0    0    0  |    0    0    0    0  | 
   0    0    0    0  |    0    0    0    0  |    0    0    0    0  |    0    0  0x1    0  |    0    0  0x1    0  |    0    0  0x8    0  |    0    0    0    0  |    0    0    0    0  |    0    0    0    0  |    0    0    0    0  |    0    0    0    0  |    0    0    0    0  |    0    0    0    0  |    0    0    0    0  |    0    0    0  0x8  |    0    0    0    0  |    0    0    0    0  |    0    0    0    0  |    0    0    0    0  |    0    0    0    0  |    0    0    0    0  |    0    0    0    0  |    0    0    0    0  |    0    0    0    0  |    0    0    0    0  |    0    0    0    0  |    0    0    0    0  |    0    0    0    0  | 
------------------------
   0    0    0    0  |    0    0    0    0  |    0    0    0    0  |    0    0    0    0  |    0    0    0    0  |    0    0    0    0  |    0    0    0    0  |    0    0    0    0  |    0    0    0    0  |    0    0    0    0  |    0    0    0    0  |    0    0    0    0  |    0    0    0    0  |    0    0    0    0  |    0    0    0    0  |    0    0    0    0  |    0    0    0    0  |    0    0    0    0  |    0    0    0    0  |    0    0    0    0  |    0    0  0xc  0x8  |    0    0  0x2  0x1  |    0    0    0  0xb  |    0    0    0    0  |    0    0    0    0  |    0    0    0    0  |    0    0    0    0  |    0    0    0    0  | 
   0    0    0    0  |    0    0    0    0  |    0    0    0    0  |    0    0    0    0  |    0    0    0    0  |    0    0    0    0  |    0    0    0    0  |    0    0    0    0  |    0    0    0    0  |    0    0    0    0  |    0    0    0    0  |    0    0    0    0  |    0    0    0    0  |    0    0    0    0  |    0    0    0    0  |    0    0    0    0  |    0    0    0    0  |    0  0x1    0    0  |    0  0x1    0    0  |    0  0x8  0xd    0  |    0    0  0x1    0  |    0    0  0x8    0  |    0    0    0    0  |    0    0    0    0  |    0    0    0    0  |    0    0    0    0  |    0    0    0    0  |    0    0    0    0  | 
   0    0    0    0  |    0    0    0    0  |    0    0    0    0  |    0    0    0    0  |    0    0    0    0  |    0    0    0    0  |    0    0    0    0  |    0    0    0    0  |    0    0    0    0  |    0    0    0    0  |    0    0    0    0  |    0    0    0    0  |    0    0    0    0  |    0    0    0    0  |    0    0    0    0  |    0    0    0    0  |    0    0    0    0  |    0    0    0    0  |    0    0    0    0  |    0    0    0    0  |    0    0    0    0  |    0    0    0    0  |    0    0    0    0  |    0    0    0    0  |    0    0    0    0  |    0    0    0    0  |    0    0    0    0  |    0    0    0    0  | 
   0    0    0    0  |    0    0    0    0  |    0    0    0    0  |    0    0    0    0  |    0    0    0    0  |    0    0    0    0  |    0    0    0    0  |    0    0    0    0  |    0    0    0    0  |    0    0    0    0  |    0    0    0    0  |    0    0    0    0  |    0    0    0    0  |    0    0    0    0  |    0    0    0    0  |    0    0    0    0  |    0    0    0    0  |    0    0    0    0  |    0    0    0    0  |    0    0    0    0  |    0    0    0    0  |    0    0    0    0  |    0    0    0    0  |    0    0    0    0  |    0    0    0    0  |    0    0    0    0  |    0    0    0    0  |    0    0    0    0  | 
------------------------
   0    0    0    0  |    0    0    0    0  |    0    0    0    0  |    0    0    0    0  |    0    0    0    0  |    0    0    0    0  |    0    0    0    0  |    0    0    0    0  |    0    0    0    0  |    0  0x1    0    0  |    0  0x1    0    0  |    0  0xa  0x1    0  |    0    0  0x3    0  |    0    0  0x8    0  |    0    0    0    0  |    0    0    0    0  |    0    0    0    0  |    0    0    0    0  |    0    0    0    0  |    0    0    0    0  |    0    0  0x4  0x8  |    0    0  0x2  0x1  |    0    0    0  0x3  |    0    0    0    0  |    0    0    0    0  |    0    0    0    0  |    0    0    0    0  |    0    0    0    0  | 
   0    0    0    0  |    0    0    0    0  |    0    0    0    0  |    0    0    0    0  |    0    0    0    0  |    0    0    0    0  |    0    0    0    0  |    0    0    0    0  |    0    0    0    0  |    0    0    0    0  |    0    0    0    0  |    0    0    0    0  |    0    0    0    0  |    0    0    0    0  |    0    0    0    0  |    0    0    0    0  |    0    0    0    0  |    0    0    0    0  |    0    0    0    0  |    0    0  0xc    0  |    0    0    0    0  |    0    0    0    0  |    0    0    0    0  |    0    0    0    0  |    0    0    0    0  |    0    0    0    0  |    0    0    0    0  |    0    0    0    0  | 
   0    0    0    0  |    0    0    0    0  |    0    0    0    0  |    0    0    0    0  |    0    0    0    0  |    0    0    0    0  |    0    0    0    0  |    0    0    0    0  |    0    0    0    0  |    0    0    0    0  |    0    0    0    0  |    0    0    0    0  |    0    0    0    0  |    0    0    0    0  |    0    0    0    0  |    0    0    0    0  |    0    0    0    0  |    0    0    0    0  |    0    0    0    0  |    0    0    0    0  |    0    0    0    0  |    0    0    0    0  |    0    0    0    0  |    0    0    0    0  |    0    0    0    0  |    0    0    0    0  |    0    0    0    0  |    0    0    0    0  | 
   0    0    0    0  |    0    0    0    0  |    0    0    0    0  |    0    0    0    0  |    0    0    0    0  |    0    0    0    0  |    0    0    0    0  |    0    0    0    0  |    0    0    0    0  |    0    0    0    0  |    0    0    0    0  |    0    0    0    0  |    0    0  0x8    0  |    0    0    0    0  |    0    0    0  0x8  |    0    0    0    0  |    0    0    0    0  |    0    0    0    0  |    0    0    0    0  |    0    0    0    0  |    0    0    0    0  |    0    0    0    0  |    0    0    0    0  |    0    0    0    0  |    0    0    0    0  |    0    0    0    0  |    0    0    0    0  |    0    0    0    0  | 
------------------------
   0    0    0    0  |    0    0    0    0  |    0    0    0    0  |    0    0    0    0  |    0    0    0    0  |    0    0    0    0  |    0    0    0    0  |    0    0    0    0  |    0    0    0    0  |    0  0x1    0    0  |    0  0x1    0    0  |    0  0x8    0    0  |    0    0    0    0  |    0    0    0  0x1  |    0    0    0  0x1  |    0    0    0  0x8  |  0x8    0    0    0  |    0    0    0    0  |    0    0    0    0  |    0    0    0    0  |    0    0  0x4  0x8  |    0    0  0x2  0x1  |    0    0    0  0x3  |    0    0    0    0  |    0    0    0    0  |    0    0    0    0  |    0    0    0    0  |    0    0    0    0  | 
   0    0    0    0  |    0    0    0    0  |    0    0    0    0  |    0    0    0    0  |    0    0    0    0  |    0    0    0    0  |    0    0    0    0  |    0    0    0    0  |    0    0    0    0  |    0    0    0    0  |    0    0    0    0  |    0    0    0    0  |    0    0    0    0  |    0    0    0    0  |    0    0    0    0  |    0    0    0    0  |    0    0    0    0  |    0    0    0    0  |    0    0    0    0  |    0    0  0xc    0  |    0    0    0    0  |    0    0    0    0  |    0    0    0    0  |    0    0    0    0  |    0    0    0    0  |    0    0    0    0  |    0    0    0    0  |    0    0    0    0  | 
   0    0    0    0  |    0    0    0    0  |    0    0    0    0  |    0    0    0    0  |    0    0    0    0  |    0    0    0    0  |    0    0    0    0  |    0    0    0    0  |    0    0    0    0  |    0    0    0    0  |    0    0    0    0  |    0    0    0    0  |    0    0    0    0  |    0    0    0    0  |    0    0    0    0  |    0    0    0    0  |    0    0    0    0  |    0    0    0    0  |    0    0    0    0  |    0    0    0    0  |    0    0    0    0  |    0    0    0    0  |    0    0    0    0  |    0    0    0    0  |    0    0    0    0  |    0    0    0    0  |    0    0    0    0  |    0    0    0    0  | 
   0    0    0    0  |    0    0    0    0  |    0    0    0    0  |    0    0    0    0  |    0    0    0    0  |    0    0    0    0  |    0    0    0    0  |    0    0    0    0  |    0    0    0    0  |    0    0    0    0  |    0    0    0    0  |    0    0    0    0  |    0    0  0x8    0  |    0    0    0    0  |    0    0    0    0  |    0    0    0    0  |    0    0    0    0  |    0    0    0    0  |    0    0    0    0  |    0    0    0    0  |    0    0    0    0  |    0    0    0    0  |    0    0    0    0  |    0    0    0    0  |    0    0    0    0  |    0    0    0    0  |    0    0    0    0  |    0    0    0    0  | 
------------------------
   0    0    0    0  |    0    0    0    0  |    0    0    0    0  |    0    0    0    0  |    0    0    0    0  |    0    0    0    0  |    0    0    0    0  |    0    0    0    0  |    0    0    0    0  |    0    0    0    0  |    0    0    0    0  |    0    0    0    0  |    0    0    0    0  |    0    0    0    0  |    0    0    0    0  |    0    0    0    0  |    0  0x8    0    0  |    0  0x3    0    0  |    0  0x1  0xa    0  |    0    0  0x3    0  |    0    0  0x1  0x2  |    0    0    0    0  |    0    0    0    0  |    0    0    0    0  |    0    0    0    0  |    0    0    0    0  |    0    0    0    0  |    0    0    0    0  | 
   0    0    0    0  |    0    0    0    0  |    0    0    0    0  |    0    0    0    0  |    0    0    0    0  |    0    0    0    0  |    0    0    0    0  |    0    0    0    0  |    0    0    0    0  |    0    0    0    0  |    0    0    0    0  |    0    0    0    0  |    0    0    0    0  |    0    0    0    0  |    0    0    0    0  |  0x8    0    0    0  |    0    0    0    0  |    0  0x8    0    0  |    0    0    0    0  |    0    0    0    0  |    0    0    0    0  |    0    0    0    0  |    0    0    0    0  |    0    0    0    0  |    0    0    0    0  |    0    0    0    0  |    0    0    0    0  |    0    0    0    0  | 
   0    0    0    0  |    0    0    0    0  |    0    0    0    0  |    0    0    0    0  |    0    0    0    0  |    0    0    0    0  |    0    0    0  0x8  |    0    0    0    0  |    0    0    0    0  |    0    0    0    0  |    0    0    0    0  |    0    0    0    0  |    0    0    0    0  |    0    0    0    0  |    0    0    0    0  |    0    0    0    0  |    0    0    0    0  |    0    0    0    0  |    0    0    0    0  |    0    0    0    0  |    0    0    0    0  |    0    0    0    0  |    0    0    0    0  |    0    0    0    0  |    0    0    0    0  |    0    0    0    0  |    0    0    0    0  |    0    0    0    0  | 
   0    0    0    0  |    0    0    0    0  |    0    0    0    0  |    0    0  0x1    0  |    0    0  0x1    0  |    0    0  0x8    0  |    0    0    0    0  |    0    0    0    0  |    0    0    0    0  |    0    0    0    0  |    0    0    0    0  |    0    0    0    0  |    0    0    0    0  |    0    0    0    0  |    0    0    0    0  |    0    0    0    0  |    0    0    0    0  |    0    0    0    0  |    0    0    0    0  |    0    0    0    0  |    0    0    0    0  |    0    0    0    0  |    0    0    0    0  |    0    0    0    0  |    0    0    0    0  |    0    0    0    0  |    0    0    0    0  |    0    0    0    0  | 
------------------------
   0    0    0    0  |    0    0    0    0  |    0    0    0    0  |    0    0    0    0  |    0    0    0    0  |    0    0    0    0  |    0    0    0    0  |    0    0    0    0  |    0    0    0    0  |    0    0    0    0  |    0    0    0    0  |    0    0    0    0  |    0    0    0    0  |    0    0    0    0  |    0    0    0    0  |    0    0    0    0  |    0  0x8    0    0  |    0  0x3    0    0  |    0  0x1  0xa    0  |    0    0  0x3    0  |    0    0  0x1  0x2  |    0    0    0    0  |    0    0    0    0  |    0    0    0    0  |    0    0    0    0  |    0    0    0    0  |    0    0    0    0  |    0    0    0    0  | 
   0    0    0    0  |    0    0    0    0  |    0    0    0    0  |    0    0    0    0  |    0    0    0    0  |    0    0    0    0  |    0    0    0    0  |    0    0    0    0  |    0    0    0    0  |    0    0    0    0  |    0    0    0    0  |    0    0    0    0  |    0    0    0    0  |    0    0    0    0  |    0    0    0    0  |  0x8    0    0    0  |    0    0    0    0  |    0  0x8    0    0  |    0    0    0    0  |    0    0    0    0  |    0    0    0    0  |    0    0    0    0  |    0    0    0    0  |    0    0    0    0  |    0    0    0    0  |    0    0    0    0  |    0    0    0    0  |    0    0    0    0  | 
   0    0    0    0  |    0    0    0    0  |    0    0    0    0  |    0    0    0    0  |    0    0    0    0  |    0    0    0    0  |    0    0    0    0  |    0    0    0    0  |    0    0    0    0  |    0    0    0    0  |    0    0    0    0  |    0    0    0    0  |    0    0    0    0  |    0    0    0    0  |    0    0    0    0  |    0    0    0    0  |    0    0    0    0  |    0    0    0    0  |    0    0    0    0  |    0    0    0    0  |    0    0    0    0  |    0    0    0    0  |    0    0    0    0  |    0    0    0    0  |    0    0    0    0  |    0    0    0    0  |    0    0    0    0  |    0    0    0    0  | 
   0    0    0    0  |    0    0    0    0  |    0    0    0    0  |    0    0    0    0  |    0    0    0    0  |    0    0    0  0x1  |    0    0    0  0x1  |    0    0    0  0x8  |  0x8    0    0    0  |    0    0    0    0  |    0    0    0    0  |    0    0    0    0  |    0    0    0    0  |    0    0    0    0  |    0    0    0    0  |    0    0    0    0  |    0    0    0    0  |    0    0    0    0  |    0    0    0    0  |    0    0    0    0  |    0    0    0    0  |    0    0    0    0  |    0    0    0    0  |    0    0    0    0  |    0    0    0    0  |    0    0    0    0  |    0    0    0    0  |    0    0    0    0  | 
------------------------
   0    0    0    0  |    0    0    0    0  |    0    0    0    0  |    0    0    0    0  |    0    0    0    0  |    0    0    0    0  |    0    0    0    0  |    0    0    0    0  |    0    0    0    0  |    0  0x1    0    0  |    0  0x1    0    0  |    0  0x8    0    0  |    0    0    0    0  |    0    0    0    0  |    0    0    0    0  |    0    0    0    0  |    0    0    0    0  |    0    0    0    0  |    0    0    0    0  |    0    0    0    0  |    0    0    0    0  |    0    0    0    0  |    0    0    0    0  |    0    0    0    0  |    0    0    0    0  |    0    0    0    0  |    0    0    0    0  |    0    0    0    0  | 
   0    0    0    0  |    0    0    0    0  |    0    0    0    0  |    0    0    0    0  |    0    0    0    0  |    0    0    0    0  |    0    0    0    0  |    0    0    0    0  |    0    0    0    0  |    0    0    0    0  |    0    0    0    0  |    0    0    0    0  |    0    0    0    0  |    0    0    0    0  |    0    0    0    0  |    0    0    0    0  |    0    0    0    0  |    0    0    0    0  |    0    0    0    0  |    0    0    0    0  |    0    0    0    0  |    0    0    0    0  |    0    0    0    0  |    0    0    0    0  |    0    0    0    0  |    0    0    0    0  |    0    0    0    0  |    0    0    0    0  | 
   0    0    0    0  |    0    0    0    0  |    0    0    0    0  |    0    0    0    0  |    0    0    0    0  |    0    0    0    0  |    0    0    0    0  |    0    0    0    0  |    0    0    0    0  |    0    0    0    0  |    0    0    0    0  |    0    0    0    0  |    0    0    0    0  |    0    0    0    0  |    0    0    0    0  |    0    0    0    0  |    0    0    0    0  |    0    0    0    0  |    0    0    0    0  |    0    0    0    0  |    0    0    0    0  |    0    0    0    0  |    0    0    0    0  |    0    0    0    0  |    0    0    0    0  |    0    0    0    0  |    0    0    0    0  |    0    0    0    0  | 
   0    0    0    0  |    0    0    0    0  |    0    0    0    0  |    0    0    0    0  |    0    0    0    0  |    0    0    0  0x1  |    0    0    0  0x1  |    0    0    0  0x8  |  0x8    0    0    0  |    0    0    0    0  |    0    0    0    0  |    0    0    0    0  |    0    0  0x8    0  |    0    0    0    0  |    0    0    0    0  |    0    0    0    0  |    0    0    0    0  |    0    0    0    0  |    0    0    0    0  |    0    0    0    0  |    0    0    0    0  |    0    0    0    0  |    0    0    0    0  |    0    0    0    0  |    0    0    0    0  |    0    0    0    0  |    0    0    0    0  |    0    0    0    0  | 
------------------------
   0    0    0    0  |    0    0    0    0  |    0    0    0    0  |    0    0    0    0  |    0    0    0    0  |    0    0    0    0  |    0    0    0    0  |    0    0    0    0  |    0    0    0    0  |    0    0    0    0  |    0    0    0    0  |    0    0  0x1    0  |    0    0  0x1    0  |    0    0  0x8    0  |    0    0    0    0  |    0    0    0    0  |    0    0    0    0  |    0    0    0    0  |    0    0    0    0  |    0    0    0    0  |    0    0    0    0  |    0    0    0    0  |    0    0    0    0  |    0    0    0    0  |    0    0    0    0  |    0    0    0    0  |    0    0    0    0  |    0    0    0    0  | 
   0    0    0    0  |    0    0    0    0  |    0    0    0    0  |    0    0    0    0  |    0    0    0    0  |    0    0    0    0  |    0    0    0    0  |    0    0    0    0  |    0    0    0    0  |    0    0    0    0  |    0    0    0    0  |    0    0    0    0  |    0    0    0    0  |    0    0    0    0  |    0    0    0    0  |    0    0    0    0  |    0    0    0    0  |    0    0    0    0  |    0    0    0    0  |    0    0    0    0  |    0    0    0    0  |    0    0    0    0  |    0    0    0    0  |    0    0    0    0  |    0    0    0    0  |    0    0    0    0  |    0    0    0    0  |    0    0    0    0  | 
   0    0    0    0  |    0    0    0    0  |    0    0    0    0  |    0    0    0    0  |    0    0    0    0  |    0    0    0    0  |    0    0    0    0  |    0    0    0    0  |    0    0    0    0  |    0    0    0    0  |    0    0    0    0  |    0    0    0    0  |    0    0    0    0  |    0    0    0    0  |    0    0    0    0  |    0    0    0    0  |    0    0    0    0  |    0    0    0    0  |    0    0    0    0  |    0    0    0    0  |    0    0    0    0  |    0    0    0    0  |    0    0    0    0  |    0    0    0    0  |    0    0    0    0  |    0    0    0    0  |    0    0    0    0  |    0    0    0    0  | 
   0    0    0    0  |    0    0    0    0  |    0    0    0    0  |    0    0    0    0  |    0    0    0    0  |    0    0    0  0x1  |    0    0    0  0x1  |    0    0    0  0x8  |  0x8    0    0    0  |    0    0    0    0  |    0    0    0    0  |    0    0    0    0  |    0    0    0    0  |    0    0    0    0  |    0    0    0  0x8  |    0    0    0    0  |    0    0    0    0  |    0    0    0    0  |    0    0    0    0  |    0    0    0    0  |    0    0    0    0  |    0    0    0    0  |    0    0    0    0  |    0    0    0    0  |    0    0    0    0  |    0    0    0    0  |    0    0    0    0  |    0    0    0    0  | 
------------------------
   0    0    0    0  |    0    0    0    0  |    0    0    0    0  |    0    0    0    0  |    0    0    0    0  |    0    0    0    0  |    0    0    0    0  |  0x1    0    0    0  |  0x1    0    0    0  |  0x8    0    0    0  |    0    0    0    0  |    0    0  0x1    0  |    0    0  0x1    0  |    0    0  0x8    0  |    0    0    0    0  |    0    0    0    0  |    0    0    0    0  |    0    0    0    0  |    0    0    0    0  |    0    0    0    0  |    0    0    0    0  |    0    0    0    0  |    0    0    0    0  |    0    0    0    0  |    0    0    0    0  |    0    0    0    0  |    0    0    0    0  |    0    0    0    0  | 
   0    0    0    0  |    0    0    0    0  |    0    0    0    0  |    0    0    0    0  |    0    0    0    0  |    0    0    0    0  |    0    0    0    0  |    0    0    0    0  |    0    0    0    0  |    0    0    0    0  |    0    0    0    0  |    0    0    0    0  |    0    0    0    0  |    0    0    0    0  |    0    0    0    0  |    0    0    0    0  |    0    0    0    0  |    0    0    0    0  |    0    0    0    0  |    0    0    0    0  |    0    0    0    0  |    0    0    0    0  |    0    0    0    0  |    0    0    0    0  |    0    0    0    0  |    0    0    0    0  |    0    0    0    0  |    0    0    0    0  | 
   0    0    0    0  |    0    0    0    0  |    0    0    0    0  |    0    0    0    0  |    0    0    0    0  |    0    0    0    0  |    0    0    0    0  |    0    0    0    0  |    0    0    0    0  |    0    0    0    0  |    0    0    0    0  |    0    0    0    0  |    0    0    0    0  |    0    0    0    0  |    0    0    0    0  |    0    0    0    0  |    0    0    0    0  |    0    0    0    0  |    0    0    0    0  |    0    0    0    0  |    0    0    0    0  |    0    0    0    0  |    0    0    0    0  |    0    0    0    0  |    0    0    0    0  |    0    0    0    0  |    0    0    0    0  |    0    0    0    0  | 
   0    0    0    0  |    0    0    0    0  |    0    0    0    0  |    0    0    0    0  |    0    0    0    0  |    0    0    0    0  |    0    0    0    0  |    0    0    0    0  |    0    0    0    0  |    0    0    0    0  |    0  0x8    0    0  |    0    0    0    0  |    0    0    0    0  |    0    0    0    0  |    0    0    0  0x8  |    0    0    0    0  |    0    0    0    0  |    0    0    0    0  |    0    0    0    0  |    0    0    0    0  |    0    0    0    0  |    0    0    0    0  |    0    0    0    0  |    0    0    0    0  |    0    0    0    0  |    0    0    0    0  |    0    0    0    0  |    0    0    0    0  | 
------------------------
   0    0    0    0  |    0    0    0    0  |    0    0    0    0  |    0    0    0    0  |    0    0    0    0  |    0    0    0    0  |    0    0    0    0  |    0    0    0    0  |    0    0    0    0  |    0    0    0    0  |    0    0    0    0  |    0    0    0    0  |    0    0    0    0  |    0    0    0    0  |    0    0    0    0  |    0    0    0    0  |    0    0    0    0  |    0    0    0    0  |    0  0x8    0    0  |    0    0    0    0  |    0    0    0    0  |    0    0    0    0  |    0    0    0    0  |    0    0    0    0  |    0    0    0    0  |    0    0    0    0  |    0    0    0    0  |    0    0    0    0  | 
   0    0    0    0  |    0    0    0    0  |    0    0    0    0  |    0    0    0    0  |    0    0    0    0  |    0    0    0    0  |    0    0    0    0  |    0    0    0    0  |    0    0    0    0  |    0    0    0    0  |    0    0    0    0  |    0    0    0    0  |    0    0    0    0  |    0    0    0    0  |    0    0    0    0  |  0x1    0    0    0  |  0x1    0    0    0  |  0x8    0    0    0  |    0    0    0    0  |    0    0    0    0  |    0    0    0    0  |    0    0    0    0  |    0    0    0    0  |    0    0    0    0  |    0    0    0    0  |    0    0    0    0  |    0    0    0    0  |    0    0    0    0  | 
   0    0    0    0  |    0    0    0    0  |    0    0    0    0  |    0    0    0    0  |    0    0  0x8    0  |    0    0    0    0  |    0    0    0    0  |    0    0    0    0  |    0    0    0    0  |    0    0    0    0  |    0    0    0    0  |    0    0    0    0  |    0    0    0    0  |    0    0    0    0  |    0    0    0    0  |    0    0    0    0  |    0    0    0    0  |    0    0    0    0  |    0    0    0    0  |    0    0    0    0  |    0    0    0    0  |    0    0    0    0  |    0    0    0    0  |    0    0    0    0  |    0    0    0    0  |    0    0    0    0  |    0    0    0    0  |    0    0    0    0  | 
   0    0    0    0  |    0  0x1    0    0  |    0  0x1    0    0  |    0  0x8    0    0  |    0    0    0    0  |    0    0    0    0  |    0    0    0    0  |    0    0    0    0  |    0    0    0    0  |    0    0    0    0  |    0    0    0    0  |    0    0    0    0  |    0    0    0    0  |    0    0    0    0  |    0    0    0    0  |    0    0    0    0  |    0    0    0    0  |    0    0    0    0  |    0    0    0    0  |    0    0    0    0  |    0    0    0    0  |    0    0    0    0  |    0    0    0    0  |    0    0    0    0  |    0    0    0    0  |    0    0    0    0  |    0    0    0    0  |    0    0    0    0  | 
------------------------
   0    0    0    0  |    0    0    0    0  |    0    0    0    0  |    0    0    0    0  |    0    0    0    0  |    0    0    0    0  |    0    0    0    0  |    0    0    0    0  |    0    0    0    0  |    0    0    0    0  |    0    0    0    0  |    0    0    0    0  |    0    0    0    0  |    0    0    0    0  |    0    0    0    0  |    0    0    0    0  |    0    0    0    0  |    0    0    0    0  |    0    0    0    0  |    0    0    0    0  |    0    0    0    0  |    0    0    0    0  |    0    0    0  0x8  |    0    0    0    0  |    0    0    0    0  |    0    0    0    0  |    0    0    0    0  |    0    0    0    0  | 
   0    0    0    0  |    0    0    0    0  |    0    0    0    0  |    0    0    0    0  |    0    0    0    0  |    0    0    0    0  |    0    0    0    0  |    0    0    0    0  |    0    0    0    0  |    0    0    0    0  |    0    0    0    0  |    0    0    0    0  |    0    0    0    0  |    0    0    0    0  |    0    0    0    0  |    0    0    0    0  |    0    0    0    0  |    0    0    0    0  |    0    0    0    0  |    0    0  0x1    0  |    0    0  0x1    0  |    0    0  0x8    0  |    0    0    0    0  |    0    0    0    0  |    0    0    0    0  |    0    0    0    0  |    0    0    0    0  |    0    0    0    0  | 
   0    0    0    0  |    0    0    0    0  |    0    0    0    0  |    0    0    0    0  |    0    0  0x8    0  |    0    0    0    0  |    0    0    0    0  |    0    0    0    0  |    0    0    0    0  |    0    0    0    0  |    0    0    0    0  |    0    0    0    0  |    0    0    0    0  |    0    0    0    0  |    0    0    0    0  |    0    0    0    0  |    0    0    0    0  |    0    0    0    0  |    0    0    0    0  |    0    0    0    0  |    0    0    0    0  |    0    0    0    0  |    0    0    0    0  |    0    0    0    0  |    0    0    0    0  |    0    0    0    0  |    0    0    0    0  |    0    0    0    0  | 
   0    0    0    0  |    0  0x1    0    0  |    0  0x1    0    0  |    0  0x8    0    0  |    0    0    0    0  |    0    0    0    0  |    0    0    0    0  |    0    0    0    0  |    0    0    0    0  |    0    0    0    0  |    0    0    0    0  |    0    0    0    0  |    0    0    0    0  |    0    0    0    0  |    0    0    0    0  |    0    0    0    0  |    0    0    0    0  |    0    0    0    0  |    0    0    0    0  |    0    0    0    0  |    0    0    0    0  |    0    0    0    0  |    0    0    0    0  |    0    0    0    0  |    0    0    0    0  |    0    0    0    0  |    0    0    0    0  |    0    0    0    0  | 
------------------------
   0    0    0    0  |    0    0    0    0  |    0    0    0    0  |    0    0    0    0  |    0    0    0    0  |    0    0    0    0  |    0    0    0    0  |    0    0    0    0  |    0    0    0    0  |    0    0    0    0  |    0    0    0    0  |    0    0    0    0  |    0    0    0    0  |    0    0    0    0  |    0    0    0    0  |    0    0    0    0  |    0    0    0    0  |    0    0    0    0  |    0    0    0    0  |    0    0    0    0  |    0    0  0x8    0  |    0    0    0    0  |    0    0    0    0  |    0    0    0    0  |    0    0    0    0  |    0    0    0    0  |    0    0    0    0  |    0    0    0    0  | 
   0    0    0    0  |    0    0    0    0  |    0    0    0    0  |    0    0    0    0  |    0    0    0    0  |    0    0    0    0  |    0    0    0    0  |    0    0    0    0  |    0    0    0    0  |    0    0    0    0  |    0    0    0    0  |    0    0    0    0  |    0    0    0    0  |    0    0    0    0  |    0    0    0    0  |    0    0    0    0  |    0    0    0    0  |    0  0x1    0    0  |    0  0x1    0    0  |    0  0x8    0    0  |    0    0    0    0  |    0    0    0    0  |    0    0    0    0  |    0    0    0    0  |    0    0    0    0  |    0    0    0    0  |    0    0    0    0  |    0    0    0    0  | 
   0    0    0    0  |    0    0    0    0  |    0    0    0    0  |    0    0    0    0  |    0    0    0    0  |    0    0    0    0  |    0    0    0  0x8  |    0    0    0    0  |    0    0    0    0  |    0    0    0    0  |    0    0    0    0  |    0    0    0    0  |    0    0    0    0  |    0    0    0    0  |    0    0    0    0  |    0    0    0    0  |    0    0    0    0  |    0    0    0    0  |    0    0    0    0  |    0    0    0    0  |    0    0    0    0  |    0    0    0    0  |    0    0    0    0  |    0    0    0    0  |    0    0    0    0  |    0    0    0    0  |    0    0    0    0  |    0    0    0    0  | 
   0    0    0    0  |    0    0    0    0  |    0    0    0    0  |    0    0  0x1    0  |    0    0  0x1    0  |    0    0  0x8    0  |    0    0    0    0  |    0    0    0    0  |    0    0    0    0  |    0    0    0    0  |    0    0    0    0  |    0    0    0    0  |    0    0    0    0  |    0    0    0    0  |    0    0    0    0  |    0    0    0    0  |    0    0    0    0  |    0    0    0    0  |    0    0    0    0  |    0    0    0    0  |    0    0    0    0  |    0    0    0    0  |    0    0    0    0  |    0    0    0    0  |    0    0    0    0  |    0    0    0    0  |    0    0    0    0  |    0    0    0    0  | 
------------------------
   0    0    0    0  |    0    0    0    0  |    0    0    0    0  |    0    0    0    0  |    0    0    0    0  |    0    0    0    0  |    0    0    0    0  |    0    0    0    0  |    0    0    0    0  |    0    0    0    0  |    0    0    0    0  |    0    0    0    0  |    0    0    0    0  |    0    0    0    0  |    0    0    0    0  |    0    0    0    0  |    0    0    0    0  |    0    0    0    0  |    0    0    0    0  |    0    0    0    0  |    0    0  0x8    0  |    0    0    0    0  |    0    0    0    0  |    0    0    0    0  |    0    0    0    0  |    0    0    0    0  |    0    0    0    0  |    0    0    0    0  | 
   0    0    0    0  |    0    0    0    0  |    0    0    0    0  |    0    0    0    0  |    0    0    0    0  |    0    0    0    0  |    0    0    0    0  |    0    0    0    0  |    0    0    0    0  |    0    0    0    0  |    0    0    0    0  |    0    0    0    0  |    0    0    0    0  |    0    0    0    0  |    0    0    0    0  |    0    0    0    0  |    0    0    0    0  |    0  0x1    0    0  |    0  0x1    0    0  |    0  0x8    0    0  |    0    0    0    0  |    0    0    0    0  |    0    0    0    0  |    0    0    0    0  |    0    0    0    0  |    0    0    0    0  |    0    0    0    0  |    0    0    0    0  | 
   0    0    0    0  |    0    0    0    0  |    0    0    0    0  |    0    0    0    0  |    0    0    0    0  |    0    0    0    0  |    0    0    0    0  |    0    0    0    0  |    0    0    0    0  |    0    0    0    0  |    0    0    0    0  |    0    0    0    0  |    0    0    0    0  |    0    0    0    0  |    0    0    0    0  |    0    0    0    0  |    0    0    0    0  |    0    0    0    0  |    0    0    0    0  |    0    0    0    0  |    0    0    0    0  |    0    0    0    0  |    0    0    0    0  |    0    0    0    0  |    0    0    0    0  |    0    0    0    0  |    0    0    0    0  |    0    0    0    0  | 
   0    0    0    0  |    0    0    0    0  |    0    0    0    0  |    0    0    0    0  |    0    0    0    0  |    0    0    0  0x1  |    0    0    0  0x1  |    0    0    0  0x8  |  0x8    0    0    0  |    0    0    0    0  |    0    0    0    0  |    0    0    0    0  |    0    0    0    0  |    0    0    0    0  |    0    0    0    0  |    0    0    0    0  |    0    0    0    0  |    0    0    0    0  |    0    0    0    0  |    0    0    0    0  |    0    0    0    0  |    0    0    0    0  |    0    0    0    0  |    0    0    0    0  |    0    0    0    0  |    0    0    0    0  |    0    0    0    0  |    0    0    0    0  | 
------------------------
   0    0    0    0  |    0    0    0    0  |    0    0    0    0  |    0    0    0    0  |    0    0    0    0  |    0    0    0    0  |    0    0    0    0  |    0    0    0    0  |    0    0    0    0  |    0    0    0    0  |    0    0    0    0  |    0    0    0    0  |    0    0    0    0  |    0    0    0  0x1  |    0    0    0  0x1  |    0    0    0  0x8  |  0x8  0x8    0    0  |    0  0x3    0    0  |    0  0x1  0xa    0  |    0    0  0x3    0  |    0    0  0x5  0xa  |    0    0  0x2  0x1  |    0    0    0  0x3  |    0    0    0    0  |    0    0    0    0  |    0    0    0    0  |    0    0    0    0  |    0    0    0    0  | 
   0    0    0    0  |    0    0    0    0  |    0    0    0    0  |    0    0    0    0  |    0    0    0    0  |    0    0    0    0  |    0    0    0    0  |    0    0    0    0  |    0    0    0    0  |    0    0    0    0  |    0    0    0    0  |    0    0    0    0  |    0    0    0    0  |    0    0    0    0  |    0    0    0    0  |  0x8    0    0    0  |    0    0    0    0  |    0  0x8    0    0  |    0    0    0    0  |    0    0  0xc    0  |    0    0    0    0  |    0    0    0    0  |    0    0    0    0  |    0    0    0    0  |    0    0    0    0  |    0    0    0    0  |    0    0    0    0  |    0    0    0    0  | 
   0    0    0    0  |    0    0    0    0  |    0    0    0    0  |    0    0    0    0  |    0    0    0    0  |    0    0    0    0  |    0    0    0    0  |    0    0    0    0  |    0    0    0    0  |    0    0    0    0  |    0    0    0    0  |    0    0    0    0  |    0    0    0    0  |    0    0    0    0  |    0    0    0    0  |    0    0    0    0  |    0    0    0    0  |    0    0    0    0  |    0    0    0    0  |    0    0    0    0  |    0    0    0    0  |    0    0    0    0  |    0    0    0    0  |    0    0    0    0  |    0    0    0    0  |    0    0    0    0  |    0    0    0    0  |    0    0    0    0  | 
   0    0    0    0  |    0    0    0    0  |    0    0    0    0  |    0    0    0    0  |    0    0    0    0  |    0    0    0    0  |    0    0    0    0  |    0    0    0    0  |    0    0    0    0  |    0    0    0    0  |    0    0    0    0  |    0    0    0    0  |    0    0    0    0  |    0    0    0    0  |    0    0    0    0  |    0    0    0    0  |    0    0    0    0  |    0    0    0    0  |    0    0    0    0  |    0    0    0    0  |    0    0    0    0  |    0    0    0    0  |    0    0    0    0  |    0    0    0    0  |    0    0    0    0  |    0    0    0    0  |    0    0    0    0  |    0    0    0    0  | 
------------------------
   0    0    0    0  |    0    0    0    0  |    0    0    0    0  |    0    0    0    0  |    0    0    0    0  |    0    0    0    0  |    0    0    0    0  |    0    0    0    0  |    0    0    0    0  |    0    0    0    0  |    0    0    0    0  |    0    0    0    0  |    0    0    0    0  |    0    0    0    0  |    0    0    0    0  |    0    0    0    0  |    0    0    0    0  |    0    0    0    0  |    0  0x8    0    0  |    0    0    0    0  |    0    0  0xc  0x8  |    0    0  0x2  0x1  |    0    0    0  0x3  |    0    0    0    0  |    0    0    0    0  |    0    0    0    0  |    0    0    0    0  |    0    0    0    0  | 
   0    0    0    0  |    0    0    0    0  |    0    0    0    0  |    0    0    0    0  |    0    0    0    0  |    0    0    0    0  |    0    0    0    0  |    0    0    0    0  |    0    0    0    0  |    0    0    0    0  |    0    0    0    0  |    0    0    0    0  |    0    0    0    0  |    0    0    0    0  |    0    0    0    0  |  0x1    0    0    0  |  0x1    0    0    0  |  0xa  0x1    0    0  |    0  0x3    0    0  |    0  0x8  0xc    0  |    0    0    0    0  |    0    0    0    0  |    0    0    0    0  |    0    0    0    0  |    0    0    0    0  |    0    0    0    0  |    0    0    0    0  |    0    0    0    0  | 
   0    0    0    0  |    0    0    0    0  |    0    0    0    0  |    0    0    0    0  |    0    0    0    0  |    0    0    0    0  |    0    0    0    0  |    0    0    0    0  |    0    0    0    0  |    0    0    0    0  |    0    0    0    0  |    0    0    0    0  |    0    0    0    0  |    0    0    0    0  |    0    0    0    0  |    0    0    0    0  |    0    0    0    0  |    0    0    0    0  |    0    0    0    0  |    0    0    0    0  |    0    0    0    0  |    0    0    0    0  |    0    0    0    0  |    0    0    0    0  |    0    0    0    0  |    0    0    0    0  |    0    0    0    0  |    0    0    0    0  | 
   0    0    0    0  |    0    0    0    0  |    0    0    0    0  |    0    0    0    0  |    0    0    0    0  |    0    0    0    0  |    0    0    0    0  |    0    0    0    0  |    0    0    0    0  |    0    0    0    0  |    0    0    0    0  |    0    0    0    0  |    0    0    0    0  |    0    0    0    0  |    0    0    0    0  |    0    0    0    0  |    0    0    0    0  |    0    0    0    0  |    0    0    0    0  |    0    0    0    0  |    0    0    0    0  |    0    0    0    0  |    0    0    0    0  |    0    0    0    0  |    0    0    0    0  |    0    0    0    0  |    0    0    0    0  |    0    0    0    0  | 
------------------------
   0    0    0    0  |    0    0    0    0  |    0    0    0    0  |    0    0    0    0  |    0    0    0    0  |    0    0    0    0  |    0    0    0    0  |    0    0    0    0  |    0    0    0    0  |    0    0    0    0  |    0    0    0    0  |    0    0    0    0  |    0    0    0    0  |    0    0    0    0  |    0    0    0    0  |    0    0    0    0  |    0    0    0    0  |    0    0    0    0  |    0  0x8    0    0  |    0    0    0    0  |    0    0  0x4  0x8  |    0    0  0x2  0x1  |    0    0    0  0x3  |    0    0    0    0  |    0    0    0    0  |    0    0    0    0  |    0    0    0    0  |    0    0    0    0  | 
   0    0    0    0  |    0    0    0    0  |    0    0    0    0  |    0    0    0    0  |    0    0    0    0  |    0    0    0    0  |    0    0    0    0  |    0    0    0    0  |    0    0    0    0  |    0    0    0    0  |    0    0    0    0  |    0    0    0    0  |    0    0    0    0  |    0    0    0    0  |    0    0    0    0  |  0x1    0    0    0  |  0x1    0    0    0  |  0x8    0    0    0  |    0    0    0    0  |    0    0  0xc    0  |    0    0    0    0  |    0    0    0    0  |    0    0    0    0  |    0    0    0    0  |    0    0    0    0  |    0    0    0    0  |    0    0    0    0  |    0    0    0    0  | 
   0    0    0    0  |    0    0    0    0  |    0    0    0    0  |    0    0    0    0  |    0    0    0    0  |    0    0    0    0  |    0    0    0    0  |    0    0    0    0  |    0    0    0    0  |    0    0    0    0  |    0    0    0    0  |    0    0    0    0  |    0    0    0    0  |    0    0    0    0  |    0    0    0    0  |    0    0    0    0  |    0    0    0    0  |    0    0    0    0  |    0    0    0    0  |    0    0    0    0  |    0    0    0    0  |    0    0    0    0  |    0    0    0    0  |    0    0    0    0  |    0    0    0    0  |    0    0    0    0  |    0    0    0    0  |    0    0    0    0  | 
   0    0    0    0  |    0    0    0    0  |    0    0    0    0  |    0    0    0    0  |    0    0    0    0  |    0    0    0  0x1  |    0    0    0  0x1  |    0    0    0  0x8  |  0x8    0    0    0  |    0    0    0    0  |    0    0    0    0  |    0    0    0    0  |    0    0    0    0  |    0    0    0    0  |    0    0    0    0  |    0    0    0    0  |    0    0    0    0  |    0    0    0    0  |    0    0    0    0  |    0    0    0    0  |    0    0    0    0  |    0    0    0    0  |    0    0    0    0  |    0    0    0    0  |    0    0    0    0  |    0    0    0    0  |    0    0    0    0  |    0    0    0    0  | 
------------------------
   0    0    0    0  |    0    0    0    0  |    0    0    0    0  |    0    0    0    0  |    0    0    0    0  |    0    0    0    0  |    0    0    0    0  |  0x1    0    0    0  |  0x1    0    0    0  |  0x8    0    0    0  |    0    0    0    0  |    0    0  0x1    0  |    0    0  0x1    0  |    0    0  0x8    0  |    0    0    0    0  |    0    0    0    0  |    0    0    0    0  |    0    0    0    0  |    0    0    0    0  |    0    0    0    0  |    0    0  0x4  0x8  |    0    0  0x2  0x1  |    0    0    0  0x3  |    0    0    0    0  |    0    0    0    0  |    0    0    0    0  |    0    0    0    0  |    0    0    0    0  | 
   0    0    0    0  |    0    0    0    0  |    0    0    0    0  |    0    0    0    0  |    0    0    0    0  |    0    0    0    0  |    0    0    0    0  |    0    0    0    0  |    0    0    0    0  |    0    0    0    0  |    0    0    0    0  |    0    0    0    0  |    0    0    0    0  |    0    0    0    0  |    0    0    0    0  |    0    0    0    0  |    0    0    0    0  |    0    0    0    0  |    0    0    0    0  |    0    0  0xc    0  |    0    0    0    0  |    0    0    0    0  |    0    0    0    0  |    0    0    0    0  |    0    0    0    0  |    0    0    0    0  |    0    0    0    0  |    0    0    0    0  | 
   0    0    0    0  |    0    0    0    0  |    0    0    0    0  |    0    0    0    0  |    0    0    0    0  |    0    0    0    0  |    0    0    0    0  |    0    0    0    0  |    0    0    0    0  |    0    0    0    0  |    0    0    0    0  |    0    0    0    0  |    0    0    0    0  |    0    0    0    0  |    0    0    0    0  |    0    0    0    0  |    0    0    0    0  |    0    0    0    0  |    0    0    0    0  |    0    0    0    0  |    0    0    0    0  |    0    0    0    0  |    0    0    0    0  |    0    0    0    0  |    0    0    0    0  |    0    0    0    0  |    0    0    0    0  |    0    0    0    0  | 
   0    0    0    0  |    0    0    0    0  |    0    0    0    0  |    0    0    0    0  |    0    0    0    0  |    0    0    0    0  |    0    0    0    0  |    0    0    0    0  |    0    0    0    0  |    0    0    0    0  |    0  0x8    0    0  |    0    0    0    0  |    0    0    0    0  |    0    0    0    0  |    0    0    0  0x8  |    0    0    0    0  |    0    0    0    0  |    0    0    0    0  |    0    0    0    0  |    0    0    0    0  |    0    0    0    0  |    0    0    0    0  |    0    0    0    0  |    0    0    0    0  |    0    0    0    0  |    0    0    0    0  |    0    0    0    0  |    0    0    0    0  | 
------------------------
   0    0    0    0  |    0    0    0    0  |    0    0    0    0  |    0    0    0    0  |    0    0    0    0  |    0    0    0    0  |    0    0    0    0  |    0    0    0    0  |    0    0    0    0  |    0  0x1    0    0  |    0  0x1    0    0  |    0  0x8    0    0  |    0    0    0    0  |    0    0    0    0  |    0    0    0    0  |    0    0    0    0  |    0    0    0    0  |    0    0    0    0  |    0  0x4    0    0  |    0  0x2    0    0  |    0    0  0x6    0  |    0    0  0x8  0x4  |    0    0    0    0  |    0    0    0  0x4  |    0    0    0    0  |    0    0    0    0  |  0x2    0    0    0  |    0    0    0    0  | 
   0    0    0    0  |    0    0    0    0  |    0    0    0    0  |    0    0    0    0  |    0    0    0    0  |    0    0    0    0  |    0    0    0    0  |    0    0    0    0  |    0    0    0    0  |    0    0    0    0  |    0    0    0    0  |    0    0    0    0  |    0    0    0    0  |    0    0    0    0  |    0    0    0    0  |    0    0    0    0  |    0    0    0    0  |    0  0x6    0    0  |    0    0  0x2    0  |    0    0  0x4    0  |    0    0    0    0  |    0    0    0    0  |    0    0    0    0  |    0    0    0    0  |    0    0    0    0  |    0    0    0    0  |    0    0    0    0  |    0    0    0    0  | 
   0    0    0    0  |    0    0    0    0  |    0    0    0    0  |    0    0    0    0  |    0    0    0    0  |    0    0    0    0  |    0    0    0    0  |    0    0    0    0  |    0    0    0    0  |    0    0    0    0  |    0    0    0    0  |    0    0    0    0  |    0    0    0    0  |    0    0    0    0  |    0    0    0    0  |    0    0    0    0  |    0    0    0    0  |    0    0    0    0  |    0    0    0    0  |    0    0    0    0  |    0    0    0    0  |    0    0    0    0  |    0    0    0    0  |    0    0    0    0  |    0    0    0    0  |    0    0    0    0  |    0    0    0    0  |    0    0    0    0  | 
   0    0    0    0  |    0    0    0    0  |    0    0    0    0  |    0    0    0    0  |    0    0    0    0  |    0    0    0    0  |    0    0    0    0  |    0    0    0    0  |    0    0    0    0  |    0    0    0    0  |    0    0    0    0  |    0    0    0    0  |    0    0  0x8    0  |    0    0    0    0  |    0    0    0    0  |    0    0    0    0  |    0    0    0    0  |    0    0    0    0  |    0    0    0    0  |    0    0    0    0  |    0    0    0    0  |    0    0    0    0  |    0    0    0  0xc  |    0    0    0  0x1  |    0    0    0  0x5  |    0    0    0  0x2  |    0    0    0    0  |    0    0    0    0  | 
------------------------
   0    0    0    0  |    0    0    0    0  |    0    0    0    0  |    0    0    0    0  |    0    0    0    0  |    0    0    0    0  |    0    0    0    0  |    0    0    0    0  |    0    0    0    0  |    0  0x1    0    0  |    0  0x1    0    0  |    0  0x8    0    0  |    0    0    0    0  |    0    0    0    0  |    0    0    0    0  |    0    0    0    0  |    0    0    0    0  |    0    0    0    0  |    0  0x4    0    0  |    0  0x2    0    0  |    0    0  0x6    0  |    0    0  0x8    0  |    0    0    0    0  |    0    0    0  0x4  |  0x2    0    0    0  |    0    0    0    0  |  0x2    0    0    0  |    0    0    0    0  | 
   0    0    0    0  |    0    0    0    0  |    0    0    0    0  |    0    0    0    0  |    0    0    0    0  |    0    0    0    0  |    0    0    0    0  |    0    0    0    0  |    0    0    0    0  |    0    0    0    0  |    0    0    0    0  |    0    0    0    0  |    0    0    0    0  |    0    0    0    0  |    0    0    0    0  |    0    0    0    0  |    0    0    0    0  |    0  0x6    0    0  |    0    0  0x2    0  |    0    0  0x4    0  |    0    0    0    0  |    0    0    0    0  |    0    0    0    0  |    0    0    0    0  |    0    0    0    0  |    0    0    0    0  |    0    0    0    0  |    0    0    0    0  | 
   0    0    0    0  |    0    0    0    0  |    0    0    0    0  |    0    0    0    0  |    0    0    0    0  |    0    0    0    0  |    0    0    0    0  |    0    0    0    0  |    0    0    0    0  |    0    0    0    0  |    0    0    0    0  |    0    0    0    0  |    0    0    0    0  |    0    0    0    0  |    0    0    0    0  |    0    0    0    0  |    0    0    0    0  |    0    0    0    0  |    0    0    0    0  |    0    0    0    0  |    0    0    0    0  |    0    0    0    0  |    0    0    0    0  |    0    0    0    0  |    0    0    0    0  |    0    0    0    0  |    0    0    0    0  |    0    0    0    0  | 
   0    0    0    0  |    0    0    0    0  |    0    0    0    0  |    0    0    0    0  |    0    0    0    0  |    0    0    0    0  |    0    0    0    0  |    0    0    0    0  |    0    0    0    0  |    0    0    0    0  |    0    0    0    0  |    0    0    0    0  |    0    0  0x8    0  |    0    0    0    0  |    0    0    0    0  |    0    0    0    0  |    0    0    0    0  |    0    0    0    0  |    0    0    0    0  |    0    0    0    0  |    0    0    0    0  |    0    0    0    0  |    0    0    0  0x8  |    0    0    0  0x3  |    0    0    0  0x5  |    0    0    0  0x2  |    0    0    0    0  |    0    0    0    0  | 
------------------------
   0    0    0    0  |    0    0    0    0  |    0    0    0    0  |    0    0    0    0  |    0    0    0    0  |    0    0    0    0  |    0    0    0    0  |    0    0    0    0  |    0    0    0    0  |    0  0x1    0    0  |    0  0x1    0    0  |    0  0x8    0    0  |    0    0    0    0  |    0    0    0    0  |    0    0    0    0  |    0    0    0    0  |    0    0    0    0  |    0    0    0    0  |    0  0x4    0    0  |    0  0x2    0    0  |    0    0  0x2  0x8  |    0    0  0xa  0x1  |    0    0    0  0x3  |    0    0    0  0x4  |  0x2    0    0    0  |    0    0    0    0  |  0x2    0    0    0  |    0    0    0    0  | 
   0    0    0    0  |    0    0    0    0  |    0    0    0    0  |    0    0    0    0  |    0    0    0    0  |    0    0    0    0  |    0    0    0    0  |    0    0    0    0  |    0    0    0    0  |    0    0    0    0  |    0    0    0    0  |    0    0    0    0  |    0    0    0    0  |    0    0    0    0  |    0    0    0    0  |    0    0    0    0  |    0    0    0    0  |    0  0x6    0    0  |    0    0  0x2    0  |    0    0  0x8    0  |    0    0    0    0  |    0    0    0    0  |    0    0    0    0  |    0    0    0    0  |    0    0    0    0  |    0    0    0    0  |    0    0    0    0  |    0    0    0    0  | 
   0    0    0    0  |    0    0    0    0  |    0    0    0    0  |    0    0    0    0  |    0    0    0    0  |    0    0    0    0  |    0    0    0    0  |    0    0    0    0  |    0    0    0    0  |    0    0    0    0  |    0    0    0    0  |    0    0    0    0  |    0    0    0    0  |    0    0    0    0  |    0    0    0    0  |    0    0    0    0  |    0    0    0    0  |    0    0    0    0  |    0    0    0    0  |    0    0    0    0  |    0    0    0    0  |    0    0    0    0  |    0    0    0    0  |    0    0    0    0  |    0    0    0    0  |    0    0    0    0  |    0    0    0    0  |    0    0    0    0  | 
   0    0    0    0  |    0    0    0    0  |    0    0    0    0  |    0    0    0    0  |    0    0    0    0  |    0    0    0    0  |    0    0    0    0  |    0    0    0    0  |    0    0    0    0  |    0    0    0    0  |    0    0    0    0  |    0    0    0    0  |    0    0  0x8    0  |    0    0    0    0  |    0    0    0    0  |    0    0    0    0  |    0    0    0    0  |    0    0    0    0  |    0    0    0    0  |    0    0    0    0  |    0    0    0    0  |    0    0    0    0  |    0    0    0  0x8  |    0    0    0  0x3  |    0    0    0  0x5  |    0    0    0  0x2  |    0    0    0    0  |    0    0    0    0  | 
------------------------
   0    0    0    0  |    0    0    0    0  |    0    0    0    0  |    0    0    0    0  |    0    0    0    0  |    0    0    0    0  |    0    0    0    0  |    0    0    0    0  |    0    0    0    0  |    0  0x1    0    0  |    0  0x1    0    0  |    0  0x8    0    0  |    0    0    0    0  |    0    0    0    0  |    0    0    0    0  |    0    0    0    0  |    0    0    0    0  |    0    0    0    0  |    0  0x4    0    0  |    0  0x2    0    0  |    0    0  0x2  0x8  |    0    0  0xa  0x5  |    0    0    0  0x3  |    0    0    0  0x4  |    0    0    0    0  |    0    0    0    0  |  0x2    0    0    0  |    0    0    0    0  | 
   0    0    0    0  |    0    0    0    0  |    0    0    0    0  |    0    0    0    0  |    0    0    0    0  |    0    0    0    0  |    0    0    0    0  |    0    0    0    0  |    0    0    0    0  |    0    0    0    0  |    0    0    0    0  |    0    0    0    0  |    0    0    0    0  |    0    0    0    0  |    0    0    0    0  |    0    0    0    0  |    0    0    0    0  |    0  0x6    0    0  |    0    0  0x2    0  |    0    0  0x8    0  |    0    0    0    0  |    0    0    0    0  |    0    0    0    0  |    0    0    0    0  |    0    0    0    0  |    0    0    0    0  |    0    0    0    0  |    0    0    0    0  | 
   0    0    0    0  |    0    0    0    0  |    0    0    0    0  |    0    0    0    0  |    0    0    0    0  |    0    0    0    0  |    0    0    0    0  |    0    0    0    0  |    0    0    0    0  |    0    0    0    0  |    0    0    0    0  |    0    0    0    0  |    0    0    0    0  |    0    0    0    0  |    0    0    0    0  |    0    0    0    0  |    0    0    0    0  |    0    0    0    0  |    0    0    0    0  |    0    0    0    0  |    0    0    0    0  |    0    0    0    0  |    0    0    0    0  |    0    0    0    0  |    0    0    0    0  |    0    0    0    0  |    0    0    0    0  |    0    0    0    0  | 
   0    0    0    0  |    0    0    0    0  |    0    0    0    0  |    0    0    0    0  |    0    0    0    0  |    0    0    0    0  |    0    0    0    0  |    0    0    0    0  |    0    0    0    0  |    0    0    0    0  |    0    0    0    0  |    0    0    0    0  |    0    0  0x8    0  |    0    0    0    0  |    0    0    0    0  |    0    0    0    0  |    0    0    0    0  |    0    0    0    0  |    0    0    0    0  |    0    0    0    0  |    0    0    0    0  |    0    0    0    0  |    0    0    0  0xc  |    0    0    0  0x1  |    0    0    0  0x5  |    0    0    0  0x2  |    0    0    0    0  |    0    0    0    0  | 
------------------------
   0    0    0    0  |    0    0    0    0  |    0    0    0    0  |    0    0    0    0  |    0    0    0    0  |    0    0    0    0  |    0    0    0    0  |    0    0    0    0  |    0    0    0    0  |    0    0    0    0  |    0    0    0    0  |    0    0    0    0  |    0    0    0    0  |    0    0    0  0x1  |    0    0    0  0x1  |    0    0    0  0x8  |  0x8    0    0    0  |    0    0    0    0  |    0  0x4    0    0  |    0  0x2    0    0  |    0    0  0x6    0  |    0    0  0x8  0x4  |    0    0    0    0  |    0    0    0  0x4  |    0    0    0    0  |    0    0    0    0  |  0x2    0    0    0  |    0    0    0    0  | 
   0    0    0    0  |    0    0    0    0  |    0    0    0    0  |    0    0    0    0  |    0    0    0    0  |    0    0    0    0  |    0    0    0    0  |    0    0    0    0  |    0    0    0    0  |    0    0    0    0  |    0    0    0    0  |    0    0    0    0  |    0    0    0    0  |    0    0    0    0  |    0    0    0    0  |    0    0    0    0  |    0    0    0    0  |    0  0x6    0    0  |    0    0  0x2    0  |    0    0  0x4    0  |    0    0    0    0  |    0    0    0    0  |    0    0    0    0  |    0    0    0    0  |    0    0    0    0  |    0    0    0    0  |    0    0    0    0  |    0    0    0    0  | 
   0    0    0    0  |    0    0    0    0  |    0    0    0    0  |    0    0    0    0  |    0    0    0    0  |    0    0    0    0  |    0    0    0    0  |    0    0    0    0  |    0    0    0    0  |    0    0    0    0  |    0    0    0    0  |    0    0    0    0  |    0    0    0    0  |    0    0    0    0  |    0    0    0    0  |    0    0    0    0  |    0    0    0    0  |    0    0    0    0  |    0    0    0    0  |    0    0    0    0  |    0    0    0    0  |    0    0    0    0  |    0    0    0    0  |    0    0    0    0  |    0    0    0    0  |    0    0    0    0  |    0    0    0    0  |    0    0    0    0  | 
   0    0    0    0  |    0    0    0    0  |    0    0    0    0  |    0    0    0    0  |    0    0    0    0  |    0    0    0    0  |    0    0    0    0  |    0    0    0    0  |    0    0    0    0  |    0    0    0    0  |    0    0    0    0  |    0    0    0    0  |    0    0    0    0  |    0    0    0    0  |    0    0    0    0  |    0    0    0    0  |    0    0    0    0  |    0    0    0    0  |    0    0    0    0  |    0    0    0    0  |    0    0    0    0  |    0    0    0    0  |    0    0    0  0xc  |    0    0    0  0x1  |    0    0    0  0x5  |    0    0    0  0x2  |    0    0    0    0  |    0    0    0    0  | 
------------------------
   0    0    0    0  |    0    0    0    0  |    0    0    0    0  |    0    0    0    0  |    0    0    0    0  |    0    0    0    0  |    0    0    0    0  |  0x1    0    0    0  |  0x1    0    0    0  |  0x8    0    0    0  |    0    0    0    0  |    0    0    0    0  |    0    0    0    0  |    0    0    0    0  |    0    0    0    0  |    0    0    0    0  |    0    0    0    0  |    0    0    0    0  |    0    0    0    0  |    0    0    0    0  |    0    0    0    0  |    0    0    0    0  |    0    0    0    0  |    0    0    0    0  |    0    0    0    0  |    0    0    0    0  |    0    0    0    0  |    0    0    0    0  | 
   0    0    0    0  |    0    0    0    0  |    0    0    0    0  |    0    0    0    0  |    0    0    0    0  |    0    0    0    0  |    0    0    0    0  |    0    0    0    0  |    0    0    0    0  |    0    0    0    0  |    0    0    0    0  |    0    0    0    0  |    0    0    0    0  |    0    0    0    0  |    0    0    0    0  |    0    0    0    0  |    0    0    0    0  |    0    0    0    0  |    0    0    0    0  |    0    0    0    0  |    0    0    0    0  |    0    0    0    0  |    0    0    0    0  |    0    0    0    0  |    0    0    0    0  |    0    0    0    0  |    0    0    0    0  |    0    0    0    0  | 
   0    0    0    0  |    0    0    0    0  |    0    0    0    0  |    0    0    0    0  |    0    0    0    0  |    0    0    0    0  |    0    0    0    0  |    0    0    0    0  |    0    0    0    0  |    0    0    0    0  |    0    0    0    0  |    0    0    0    0  |    0    0    0    0  |    0    0    0    0  |    0    0    0    0  |    0    0    0    0  |    0    0    0    0  |    0    0    0    0  |    0    0    0    0  |    0    0    0    0  |    0    0    0    0  |    0    0    0    0  |    0    0    0    0  |    0    0    0    0  |    0    0    0    0  |    0    0    0    0  |    0    0    0    0  |    0    0    0    0  | 
   0    0    0    0  |    0    0    0    0  |    0    0    0    0  |    0    0    0    0  |    0    0    0    0  |    0    0    0  0x1  |    0    0    0  0x1  |    0    0    0  0x8  |  0x8    0    0    0  |    0    0    0    0  |    0  0x8    0    0  |    0    0    0    0  |    0    0    0    0  |    0    0    0    0  |    0    0    0    0  |    0    0    0    0  |    0    0    0    0  |    0    0    0    0  |    0    0    0    0  |    0    0    0    0  |    0    0    0    0  |    0    0    0    0  |    0    0    0    0  |    0    0    0    0  |    0    0    0    0  |    0    0    0    0  |    0    0    0    0  |    0    0    0    0  | 
------------------------
   0    0    0    0  |    0    0    0    0  |    0    0    0    0  |    0    0    0    0  |    0    0    0    0  |    0    0    0    0  |    0    0    0    0  |  0x1    0    0    0  |  0x1    0    0    0  |  0x8    0    0    0  |    0    0    0    0  |    0    0    0    0  |    0    0    0    0  |    0    0    0    0  |    0    0    0    0  |    0    0    0    0  |    0    0    0    0  |    0    0    0    0  |    0    0    0    0  |    0    0    0    0  |    0    0  0x4  0x8  |    0    0  0x2  0x1  |    0    0    0  0x3  |    0    0    0    0  |    0    0    0    0  |    0    0    0    0  |    0    0    0    0  |    0    0    0    0  | 
   0    0    0    0  |    0    0    0    0  |    0    0    0    0  |    0    0    0    0  |    0    0    0    0  |    0    0    0    0  |    0    0    0    0  |    0    0    0    0  |    0    0    0    0  |    0    0    0    0  |    0    0    0    0  |    0    0    0    0  |    0    0    0    0  |    0    0    0    0  |    0    0    0    0  |    0    0    0    0  |    0    0    0    0  |    0    0    0    0  |    0    0    0    0  |    0    0  0xc    0  |    0    0    0    0  |    0    0    0    0  |    0    0    0    0  |    0    0    0    0  |    0    0    0    0  |    0    0    0    0  |    0    0    0    0  |    0    0    0    0  | 
   0    0    0    0  |    0    0    0    0  |    0    0    0    0  |    0    0    0    0  |    0    0    0    0  |    0    0    0    0  |    0    0    0    0  |    0    0    0    0  |    0    0    0    0  |    0    0    0    0  |    0    0    0    0  |    0    0    0    0  |    0    0    0    0  |    0    0    0    0  |    0    0    0    0  |    0    0    0    0  |    0    0    0    0  |    0    0    0    0  |    0    0    0    0  |    0    0    0    0  |    0    0    0    0  |    0    0    0    0  |    0    0    0    0  |    0    0    0    0  |    0    0    0    0  |    0    0    0    0  |    0    0    0    0  |    0    0    0    0  | 
   0    0    0    0  |    0    0    0    0  |    0    0    0    0  |    0    0    0    0  |    0    0    0    0  |    0    0    0  0x1  |    0    0    0  0x1  |    0    0    0  0x8  |  0x8    0    0    0  |    0    0    0    0  |    0  0x8    0    0  |    0    0    0    0  |    0    0    0    0  |    0    0    0    0  |    0    0    0    0  |    0    0    0    0  |    0    0    0    0  |    0    0    0    0  |    0    0    0    0  |    0    0    0    0  |    0    0    0    0  |    0    0    0    0  |    0    0    0    0  |    0    0    0    0  |    0    0    0    0  |    0    0    0    0  |    0    0    0    0  |    0    0    0    0  | 
------------------------
   0    0    0    0  |    0    0    0    0  |    0    0    0    0  |    0    0    0    0  |    0    0    0    0  |    0    0    0    0  |    0    0    0    0  |  0x1    0    0    0  |  0x3    0    0    0  |  0x8    0    0    0  |    0    0    0    0  |    0    0    0    0  |    0    0    0    0  |    0    0    0    0  |    0    0    0    0  |    0    0    0    0  |    0    0    0    0  |    0    0    0    0  |    0    0    0    0  |    0    0    0    0  |    0    0    0    0  |    0    0    0    0  |    0    0    0    0  |    0    0    0    0  |    0    0    0    0  |    0    0    0    0  |    0    0    0    0  |    0    0    0    0  | 
   0    0    0    0  |    0    0    0    0  |    0    0    0    0  |    0    0    0    0  |    0    0    0    0  |    0    0    0    0  |    0    0    0    0  |    0    0    0    0  |    0    0    0    0  |    0    0    0    0  |    0    0    0    0  |    0    0    0    0  |    0    0    0    0  |    0    0    0    0  |    0    0    0    0  |    0    0    0    0  |    0    0    0    0  |    0    0    0    0  |    0    0    0    0  |    0    0    0    0  |    0    0    0    0  |    0    0    0    0  |    0    0    0    0  |    0    0    0    0  |    0    0    0    0  |    0    0    0    0  |    0    0    0    0  |    0    0    0    0  | 
   0    0    0    0  |    0    0    0    0  |    0    0    0    0  |    0    0    0    0  |    0    0    0    0  |    0    0    0    0  |    0    0    0    0  |    0    0    0    0  |    0    0    0    0  |    0    0    0    0  |    0    0    0    0  |    0    0    0    0  |    0    0    0    0  |    0    0    0    0  |    0    0    0    0  |    0    0    0    0  |    0    0    0    0  |    0    0    0    0  |    0    0    0    0  |    0    0    0    0  |    0    0    0    0  |    0    0    0    0  |    0    0    0    0  |    0    0    0    0  |    0    0    0    0  |    0    0    0    0  |    0    0    0    0  |    0    0    0    0  | 
   0    0    0    0  |    0    0    0    0  |    0    0    0    0  |    0    0    0    0  |    0    0    0    0  |    0    0    0  0x1  |    0    0    0  0x1  |    0    0    0  0xa  |  0x8    0    0    0  |    0    0    0    0  |    0  0x8    0    0  |    0    0    0    0  |    0    0    0    0  |    0    0    0    0  |    0    0    0    0  |    0    0    0    0  |    0    0    0    0  |    0    0    0    0  |    0    0    0    0  |    0    0    0    0  |    0    0    0    0  |    0    0    0    0  |    0    0    0    0  |    0    0    0    0  |    0    0    0    0  |    0    0    0    0  |    0    0    0    0  |    0    0    0    0  | 
------------------------
   0    0    0    0  |    0    0    0    0  |    0    0    0    0  |    0    0    0    0  |    0    0    0    0  |    0    0    0    0  |    0    0    0    0  |  0x1    0    0    0  |  0x3    0    0    0  |  0x8    0    0    0  |    0    0    0    0  |    0    0    0    0  |    0    0    0    0  |    0    0    0    0  |    0    0    0    0  |    0    0    0    0  |    0    0    0    0  |    0    0    0    0  |    0    0    0    0  |    0    0    0    0  |    0    0  0x4  0x8  |    0    0  0x2  0x1  |    0    0    0  0x3  |    0    0    0    0  |    0    0    0    0  |    0    0    0    0  |    0    0    0    0  |    0    0    0    0  | 
   0    0    0    0  |    0    0    0    0  |    0    0    0    0  |    0    0    0    0  |    0    0    0    0  |    0    0    0    0  |    0    0    0    0  |    0    0    0    0  |    0    0    0    0  |    0    0    0    0  |    0    0    0    0  |    0    0    0    0  |    0    0    0    0  |    0    0    0    0  |    0    0    0    0  |    0    0    0    0  |    0    0    0    0  |    0    0    0    0  |    0    0    0    0  |    0    0  0xc    0  |    0    0    0    0  |    0    0    0    0  |    0    0    0    0  |    0    0    0    0  |    0    0    0    0  |    0    0    0    0  |    0    0    0    0  |    0    0    0    0  | 
   0    0    0    0  |    0    0    0    0  |    0    0    0    0  |    0    0    0    0  |    0    0    0    0  |    0    0    0    0  |    0    0    0    0  |    0    0    0    0  |    0    0    0    0  |    0    0    0    0  |    0    0    0    0  |    0    0    0    0  |    0    0    0    0  |    0    0    0    0  |    0    0    0    0  |    0    0    0    0  |    0    0    0    0  |    0    0    0    0  |    0    0    0    0  |    0    0    0    0  |    0    0    0    0  |    0    0    0    0  |    0    0    0    0  |    0    0    0    0  |    0    0    0    0  |    0    0    0    0  |    0    0    0    0  |    0    0    0    0  | 
   0    0    0    0  |    0    0    0    0  |    0    0    0    0  |    0    0    0    0  |    0    0    0    0  |    0    0    0  0x1  |    0    0    0  0x1  |    0    0    0  0xa  |  0x8    0    0    0  |    0    0    0    0  |    0  0x8    0    0  |    0    0    0    0  |    0    0    0    0  |    0    0    0    0  |    0    0    0    0  |    0    0    0    0  |    0    0    0    0  |    0    0    0    0  |    0    0    0    0  |    0    0    0    0  |    0    0    0    0  |    0    0    0    0  |    0    0    0    0  |    0    0    0    0  |    0    0    0    0  |    0    0    0    0  |    0    0    0    0  |    0    0    0    0  | 
------------------------
   0    0    0    0  |    0    0    0    0  |    0    0    0    0  |    0    0    0    0  |    0    0    0    0  |    0    0    0    0  |    0    0    0    0  |  0x1    0    0    0  |  0x1    0    0    0  |  0x8    0    0    0  |    0    0    0    0  |    0    0    0    0  |    0    0    0    0  |    0    0    0  0x1  |    0    0    0  0x1  |    0    0    0  0x8  |  0x8    0    0    0  |    0    0    0    0  |    0    0    0    0  |    0    0    0    0  |    0    0    0    0  |    0    0    0    0  |    0    0    0    0  |    0    0    0    0  |    0    0    0    0  |    0    0    0    0  |    0    0    0    0  |    0    0    0    0  | 
   0    0    0    0  |    0    0    0    0  |    0    0    0    0  |    0    0    0    0  |    0    0    0    0  |    0    0    0    0  |    0    0    0    0  |    0    0    0    0  |    0    0    0    0  |    0    0    0    0  |    0    0    0    0  |    0    0    0    0  |    0    0    0    0  |    0    0    0    0  |    0    0    0    0  |    0    0    0    0  |    0    0    0    0  |    0    0    0    0  |    0    0    0    0  |    0    0    0    0  |    0    0    0    0  |    0    0    0    0  |    0    0    0    0  |    0    0    0    0  |    0    0    0    0  |    0    0    0    0  |    0    0    0    0  |    0    0    0    0  | 
   0    0    0    0  |    0    0    0    0  |    0    0    0    0  |    0    0    0    0  |    0    0    0    0  |    0    0    0    0  |    0    0    0    0  |    0    0    0    0  |    0    0    0    0  |    0    0    0    0  |    0    0    0    0  |    0    0    0    0  |    0    0    0    0  |    0    0    0    0  |    0    0    0    0  |    0    0    0    0  |    0    0    0    0  |    0    0    0    0  |    0    0    0    0  |    0    0    0    0  |    0    0    0    0  |    0    0    0    0  |    0    0    0    0  |    0    0    0    0  |    0    0    0    0  |    0    0    0    0  |    0    0    0    0  |    0    0    0    0  | 
   0    0    0    0  |    0    0    0    0  |    0    0    0    0  |    0    0    0    0  |    0    0    0    0  |    0    0    0    0  |    0    0    0    0  |    0    0    0    0  |    0    0    0    0  |    0    0    0    0  |    0  0x8    0    0  |    0    0    0    0  |    0    0    0    0  |    0    0    0    0  |    0    0    0    0  |    0    0    0    0  |    0    0    0    0  |    0    0    0    0  |    0    0    0    0  |    0    0    0    0  |    0    0    0    0  |    0    0    0    0  |    0    0    0    0  |    0    0    0    0  |    0    0    0    0  |    0    0    0    0  |    0    0    0    0  |    0    0    0    0  | 
------------------------
   0    0    0    0  |    0    0    0    0  |    0    0    0    0  |    0    0    0    0  |    0    0    0    0  |    0    0    0    0  |    0    0    0    0  |  0x1    0    0    0  |  0x1    0    0    0  |  0x8    0    0    0  |    0    0    0    0  |    0    0    0    0  |    0    0    0    0  |    0    0    0  0x1  |    0    0    0  0x1  |    0    0    0  0x8  |  0x8    0    0    0  |    0    0    0    0  |    0    0    0    0  |    0    0    0    0  |    0    0  0x4  0x8  |    0    0  0x2  0x1  |    0    0    0  0x3  |    0    0    0    0  |    0    0    0    0  |    0    0    0    0  |    0    0    0    0  |    0    0    0    0  | 
   0    0    0    0  |    0    0    0    0  |    0    0    0    0  |    0    0    0    0  |    0    0    0    0  |    0    0    0    0  |    0    0    0    0  |    0    0    0    0  |    0    0    0    0  |    0    0    0    0  |    0    0    0    0  |    0    0    0    0  |    0    0    0    0  |    0    0    0    0  |    0    0    0    0  |    0    0    0    0  |    0    0    0    0  |    0    0    0    0  |    0    0    0    0  |    0    0  0xc    0  |    0    0    0    0  |    0    0    0    0  |    0    0    0    0  |    0    0    0    0  |    0    0    0    0  |    0    0    0    0  |    0    0    0    0  |    0    0    0    0  | 
   0    0    0    0  |    0    0    0    0  |    0    0    0    0  |    0    0    0    0  |    0    0    0    0  |    0    0    0    0  |    0    0    0    0  |    0    0    0    0  |    0    0    0    0  |    0    0    0    0  |    0    0    0    0  |    0    0    0    0  |    0    0    0    0  |    0    0    0    0  |    0    0    0    0  |    0    0    0    0  |    0    0    0    0  |    0    0    0    0  |    0    0    0    0  |    0    0    0    0  |    0    0    0    0  |    0    0    0    0  |    0    0    0    0  |    0    0    0    0  |    0    0    0    0  |    0    0    0    0  |    0    0    0    0  |    0    0    0    0  | 
   0    0    0    0  |    0    0    0    0  |    0    0    0    0  |    0    0    0    0  |    0    0    0    0  |    0    0    0    0  |    0    0    0    0  |    0    0    0    0  |    0    0    0    0  |    0    0    0    0  |    0  0x8    0    0  |    0    0    0    0  |    0    0    0    0  |    0    0    0    0  |    0    0    0    0  |    0    0    0    0  |    0    0    0    0  |    0    0    0    0  |    0    0    0    0  |    0    0    0    0  |    0    0    0    0  |    0    0    0    0  |    0    0    0    0  |    0    0    0    0  |    0    0    0    0  |    0    0    0    0  |    0    0    0    0  |    0    0    0    0  | 
------------------------
   0    0    0    0  |    0    0    0    0  |    0    0    0    0  |    0    0    0    0  |    0    0    0    0  |    0    0    0    0  |    0    0    0    0  |    0    0    0    0  |    0    0    0    0  |    0    0    0    0  |    0    0    0    0  |    0    0    0    0  |    0    0    0    0  |    0    0    0  0x1  |    0    0    0  0x1  |    0    0    0  0x8  |  0x8    0    0    0  |    0    0    0    0  |    0    0    0    0  |    0    0    0    0  |    0    0    0    0  |    0    0    0    0  |    0    0    0    0  |    0    0    0    0  |    0    0    0    0  |    0    0    0    0  |    0    0    0    0  |    0    0    0    0  | 
   0    0    0    0  |    0    0    0    0  |    0    0    0    0  |    0    0    0    0  |    0    0    0    0  |    0    0    0    0  |    0    0    0    0  |    0    0    0    0  |    0    0    0    0  |    0    0    0    0  |    0    0    0    0  |    0    0    0    0  |    0    0    0    0  |    0    0    0    0  |    0    0    0    0  |    0    0    0    0  |    0    0    0    0  |    0    0    0    0  |    0    0    0    0  |    0    0    0    0  |    0    0    0    0  |    0    0    0    0  |    0    0    0    0  |    0    0    0    0  |    0    0    0    0  |    0    0    0    0  |    0    0    0    0  |    0    0    0    0  | 
   0    0    0    0  |    0    0    0    0  |    0    0    0    0  |    0    0    0    0  |    0    0  0x8    0  |    0    0    0    0  |    0    0    0    0  |    0    0    0    0  |    0    0    0    0  |    0    0    0    0  |    0    0    0    0  |    0    0    0    0  |    0    0    0    0  |    0    0    0    0  |    0    0    0    0  |    0    0    0    0  |    0    0    0    0  |    0    0    0    0  |    0    0    0    0  |    0    0    0    0  |    0    0    0    0  |    0    0    0    0  |    0    0    0    0  |    0    0    0    0  |    0    0    0    0  |    0    0    0    0  |    0    0    0    0  |    0    0    0    0  | 
   0    0    0    0  |    0  0x1    0    0  |    0  0x1    0    0  |    0  0x8    0    0  |    0    0    0    0  |    0    0    0    0  |    0    0    0    0  |    0    0    0    0  |    0    0    0    0  |    0    0    0    0  |    0    0    0    0  |    0    0    0    0  |    0    0    0    0  |    0    0    0    0  |    0    0    0    0  |    0    0    0    0  |    0    0    0    0  |    0    0    0    0  |    0    0    0    0  |    0    0    0    0  |    0    0    0    0  |    0    0    0    0  |    0    0    0    0  |    0    0    0    0  |    0    0    0    0  |    0    0    0    0  |    0    0    0    0  |    0    0    0    0  | 
------------------------
   0    0    0    0  |    0    0    0    0  |    0    0    0    0  |    0    0    0    0  |    0    0    0    0  |    0    0    0    0  |    0    0    0    0  |    0    0    0    0  |    0    0    0    0  |    0    0    0    0  |    0    0    0    0  |    0    0    0    0  |    0    0    0    0  |    0    0    0  0x1  |    0    0    0  0x1  |    0    0    0  0x8  |  0x8    0    0    0  |    0    0    0    0  |    0    0    0    0  |    0    0    0    0  |    0    0  0x4  0x8  |    0    0  0x2  0x1  |    0    0    0  0x3  |    0    0    0    0  |    0    0    0    0  |    0    0    0    0  |    0    0    0    0  |    0    0    0    0  | 
   0    0    0    0  |    0    0    0    0  |    0    0    0    0  |    0    0    0    0  |    0    0    0    0  |    0    0    0    0  |    0    0    0    0  |    0    0    0    0  |    0    0    0    0  |    0    0    0    0  |    0    0    0    0  |    0    0    0    0  |    0    0    0    0  |    0    0    0    0  |    0    0    0    0  |    0    0    0    0  |    0    0    0    0  |    0    0    0    0  |    0    0    0    0  |    0    0  0xc    0  |    0    0    0    0  |    0    0    0    0  |    0    0    0    0  |    0    0    0    0  |    0    0    0    0  |    0    0    0    0  |    0    0    0    0  |    0    0    0    0  | 
   0    0    0    0  |    0    0    0    0  |    0    0    0    0  |    0    0    0    0  |    0    0  0x8    0  |    0    0    0    0  |    0    0    0    0  |    0    0    0    0  |    0    0    0    0  |    0    0    0    0  |    0    0    0    0  |    0    0    0    0  |    0    0    0    0  |    0    0    0    0  |    0    0    0    0  |    0    0    0    0  |    0    0    0    0  |    0    0    0    0  |    0    0    0    0  |    0    0    0    0  |    0    0    0    0  |    0    0    0    0  |    0    0    0    0  |    0    0    0    0  |    0    0    0    0  |    0    0    0    0  |    0    0    0    0  |    0    0    0    0  | 
   0    0    0    0  |    0  0x1    0    0  |    0  0x1    0    0  |    0  0x8    0    0  |    0    0    0    0  |    0    0    0    0  |    0    0    0    0  |    0    0    0    0  |    0    0    0    0  |    0    0    0    0  |    0    0    0    0  |    0    0    0    0  |    0    0    0    0  |    0    0    0    0  |    0    0    0    0  |    0    0    0    0  |    0    0    0    0  |    0    0    0    0  |    0    0    0    0  |    0    0    0    0  |    0    0    0    0  |    0    0    0    0  |    0    0    0    0  |    0    0    0    0  |    0    0    0    0  |    0    0    0    0  |    0    0    0    0  |    0    0    0    0  | 
------------------------
   0    0    0    0  |    0    0    0    0  |    0    0    0    0  |    0    0    0    0  |    0    0    0    0  |    0    0    0    0  |    0    0    0    0  |    0    0    0    0  |    0    0    0    0  |    0    0    0    0  |    0    0    0    0  |    0    0    0    0  |    0    0    0    0  |    0    0    0  0x1  |    0    0    0  0x1  |    0    0    0  0x8  |  0x8    0    0    0  |    0    0    0    0  |    0    0    0    0  |    0    0    0    0  |    0    0    0    0  |    0    0    0    0  |    0    0    0  0x8  |    0    0    0    0  |    0    0    0    0  |    0    0    0    0  |    0    0    0    0  |    0    0    0    0  | 
   0    0    0    0  |    0    0    0    0  |    0    0    0    0  |    0    0    0    0  |    0    0    0    0  |    0    0    0    0  |    0    0    0    0  |    0    0    0    0  |    0    0    0    0  |    0    0    0    0  |    0    0    0    0  |    0    0    0    0  |    0    0    0    0  |    0    0    0    0  |    0    0    0    0  |    0    0    0    0  |    0    0    0    0  |    0    0    0    0  |    0    0    0    0  |    0    0  0x1    0  |    0    0  0x1    0  |    0    0  0x8    0  |    0    0    0    0  |    0    0    0    0  |    0    0    0    0  |    0    0    0    0  |    0    0    0    0  |    0    0    0    0  | 
   0    0    0    0  |    0    0    0    0  |    0    0    0    0  |    0    0    0    0  |    0    0    0    0  |    0    0    0    0  |    0    0    0    0  |    0    0    0    0  |    0    0    0    0  |    0    0    0    0  |    0    0    0    0  |    0    0    0    0  |    0    0    0    0  |    0    0    0    0  |    0    0    0    0  |    0    0    0    0  |    0    0    0    0  |    0    0    0    0  |    0    0    0    0  |    0    0    0    0  |    0    0    0    0  |    0    0    0    0  |    0    0    0    0  |    0    0    0    0  |    0    0    0    0  |    0    0    0    0  |    0    0    0    0  |    0    0    0    0  | 
   0    0    0    0  |    0    0    0    0  |    0    0    0    0  |    0    0    0    0  |    0    0    0    0  |    0    0    0    0  |    0    0    0    0  |    0    0    0    0  |    0    0    0    0  |    0    0    0    0  |    0    0    0    0  |    0    0    0    0  |    0    0    0    0  |    0    0    0    0  |    0    0    0    0  |    0    0    0    0  |    0    0    0    0  |    0    0    0    0  |    0    0    0    0  |    0    0    0    0  |    0    0    0    0  |    0    0    0    0  |    0    0    0    0  |    0    0    0    0  |    0    0    0    0  |    0    0    0    0  |    0    0    0    0  |    0    0    0    0  | 
------------------------
   0    0    0    0  |    0    0    0    0  |    0    0    0    0  |    0    0    0    0  |    0    0    0    0  |    0    0    0    0  |    0    0    0    0  |    0    0    0    0  |    0    0    0    0  |    0    0    0    0  |    0    0    0    0  |    0    0    0    0  |    0    0    0    0  |    0    0    0  0x1  |    0    0    0  0x1  |    0    0    0  0x8  |  0x8    0    0    0  |    0    0    0    0  |    0    0    0    0  |    0    0    0    0  |    0    0  0x4  0x8  |    0    0  0x2  0x1  |    0    0    0  0xb  |    0    0    0    0  |    0    0    0    0  |    0    0    0    0  |    0    0    0    0  |    0    0    0    0  | 
   0    0    0    0  |    0    0    0    0  |    0    0    0    0  |    0    0    0    0  |    0    0    0    0  |    0    0    0    0  |    0    0    0    0  |    0    0    0    0  |    0    0    0    0  |    0    0    0    0  |    0    0    0    0  |    0    0    0    0  |    0    0    0    0  |    0    0    0    0  |    0    0    0    0  |    0    0    0    0  |    0    0    0    0  |    0    0    0    0  |    0    0    0    0  |    0    0  0xd    0  |    0    0  0x1    0  |    0    0  0x8    0  |    0    0    0    0  |    0    0    0    0  |    0    0    0    0  |    0    0    0    0  |    0    0    0    0  |    0    0    0    0  | 
   0    0    0    0  |    0    0    0    0  |    0    0    0    0  |    0    0    0    0  |    0    0    0    0  |    0    0    0    0  |    0    0    0    0  |    0    0    0    0  |    0    0    0    0  |    0    0    0    0  |    0    0    0    0  |    0    0    0    0  |    0    0    0    0  |    0    0    0    0  |    0    0    0    0  |    0    0    0    0  |    0    0    0    0  |    0    0    0    0  |    0    0    0    0  |    0    0    0    0  |    0    0    0    0  |    0    0    0    0  |    0    0    0    0  |    0    0    0    0  |    0    0    0    0  |    0    0    0    0  |    0    0    0    0  |    0    0    0    0  | 
   0    0    0    0  |    0    0    0    0  |    0    0    0    0  |    0    0    0    0  |    0    0    0    0  |    0    0    0    0  |    0    0    0    0  |    0    0    0    0  |    0    0    0    0  |    0    0    0    0  |    0    0    0    0  |    0    0    0    0  |    0    0    0    0  |    0    0    0    0  |    0    0    0    0  |    0    0    0    0  |    0    0    0    0  |    0    0    0    0  |    0    0    0    0  |    0    0    0    0  |    0    0    0    0  |    0    0    0    0  |    0    0    0    0  |    0    0    0    0  |    0    0    0    0  |    0    0    0    0  |    0    0    0    0  |    0    0    0    0  | 
------------------------
   0    0    0    0  |    0    0    0    0  |    0    0    0    0  |    0    0    0    0  |    0    0    0    0  |    0    0    0    0  |    0    0    0    0  |    0    0    0    0  |    0    0    0    0  |    0    0    0    0  |    0    0    0    0  |    0    0    0    0  |    0    0    0    0  |    0    0    0    0  |    0    0    0    0  |    0    0    0    0  |    0    0    0    0  |    0    0    0    0  |    0  0x8    0    0  |    0    0    0    0  |    0    0    0    0  |    0    0    0    0  |    0    0    0  0x8  |    0    0    0    0  |    0    0    0    0  |    0    0    0    0  |    0    0    0    0  |    0    0    0    0  | 
   0    0    0    0  |    0    0    0    0  |    0    0    0    0  |    0    0    0    0  |    0    0    0    0  |    0    0    0    0  |    0    0    0    0  |    0    0    0    0  |    0    0    0    0  |    0    0    0    0  |    0    0    0    0  |    0    0    0    0  |    0    0    0    0  |    0    0    0    0  |    0    0    0    0  |  0x1    0    0    0  |  0x1    0    0    0  |  0x8    0    0    0  |    0    0    0    0  |    0    0  0x1    0  |    0    0  0x1    0  |    0    0  0x8    0  |    0    0    0    0  |    0    0    0    0  |    0    0    0    0  |    0    0    0    0  |    0    0    0    0  |    0    0    0    0  | 
   0    0    0    0  |    0    0    0    0  |    0    0    0    0  |    0    0    0    0  |    0    0    0    0  |    0    0    0    0  |    0    0    0    0  |    0    0    0    0  |    0    0    0    0  |    0    0    0    0  |    0    0    0    0  |    0    0    0    0  |    0    0    0    0  |    0    0    0    0  |    0    0    0    0  |    0    0    0    0  |    0    0    0    0  |    0    0    0    0  |    0    0    0    0  |    0    0    0    0  |    0    0    0    0  |    0    0    0    0  |    0    0    0    0  |    0    0    0    0  |    0    0    0    0  |    0    0    0    0  |    0    0    0    0  |    0    0    0    0  | 
   0    0    0    0  |    0    0    0    0  |    0    0    0    0  |    0    0    0    0  |    0    0    0    0  |    0    0    0    0  |    0    0    0    0  |    0    0    0    0  |    0    0    0    0  |    0    0    0    0  |    0    0    0    0  |    0    0    0    0  |    0    0    0    0  |    0    0    0    0  |    0    0    0    0  |    0    0    0    0  |    0    0    0    0  |    0    0    0    0  |    0    0    0    0  |    0    0    0    0  |    0    0    0    0  |    0    0    0    0  |    0    0    0    0  |    0    0    0    0  |    0    0    0    0  |    0    0    0    0  |    0    0    0    0  |    0    0    0    0  | 
------------------------
   0    0    0    0  |    0    0    0    0  |    0    0    0    0  |    0    0    0    0  |    0    0    0    0  |    0    0    0    0  |    0    0    0    0  |    0    0    0    0  |    0    0    0    0  |    0    0    0    0  |    0    0    0    0  |    0    0    0    0  |    0    0    0    0  |    0    0    0    0  |    0    0    0    0  |    0    0    0    0  |    0    0    0    0  |    0    0    0    0  |    0  0x8    0    0  |    0    0    0    0  |    0    0  0x4  0x8  |    0    0  0x2  0x1  |    0    0    0  0xb  |    0    0    0    0  |    0    0    0    0  |    0    0    0    0  |    0    0    0    0  |    0    0    0    0  | 
   0    0    0    0  |    0    0    0    0  |    0    0    0    0  |    0    0    0    0  |    0    0    0    0  |    0    0    0    0  |    0    0    0    0  |    0    0    0    0  |    0    0    0    0  |    0    0    0    0  |    0    0    0    0  |    0    0    0    0  |    0    0    0    0  |    0    0    0    0  |    0    0    0    0  |  0x1    0    0    0  |  0x1    0    0    0  |  0x8    0    0    0  |    0    0    0    0  |    0    0  0xd    0  |    0    0  0x1    0  |    0    0  0x8    0  |    0    0    0    0  |    0    0    0    0  |    0    0    0    0  |    0    0    0    0  |    0    0    0    0  |    0    0    0    0  | 
   0    0    0    0  |    0    0    0    0  |    0    0    0    0  |    0    0    0    0  |    0    0    0    0  |    0    0    0    0  |    0    0    0    0  |    0    0    0    0  |    0    0    0    0  |    0    0    0    0  |    0    0    0    0  |    0    0    0    0  |    0    0    0    0  |    0    0    0    0  |    0    0    0    0  |    0    0    0    0  |    0    0    0    0  |    0    0    0    0  |    0    0    0    0  |    0    0    0    0  |    0    0    0    0  |    0    0    0    0  |    0    0    0    0  |    0    0    0    0  |    0    0    0    0  |    0    0    0    0  |    0    0    0    0  |    0    0    0    0  | 
   0    0    0    0  |    0    0    0    0  |    0    0    0    0  |    0    0    0    0  |    0    0    0    0  |    0    0    0    0  |    0    0    0    0  |    0    0    0    0  |    0    0    0    0  |    0    0    0    0  |    0    0    0    0  |    0    0    0    0  |    0    0    0    0  |    0    0    0    0  |    0    0    0    0  |    0    0    0    0  |    0    0    0    0  |    0    0    0    0  |    0    0    0    0  |    0    0    0    0  |    0    0    0    0  |    0    0    0    0  |    0    0    0    0  |    0    0    0    0  |    0    0    0    0  |    0    0    0    0  |    0    0    0    0  |    0    0    0    0  | 
------------------------
   0    0    0    0  |    0    0    0    0  |    0    0    0    0  |    0    0    0    0  |    0    0    0    0  |    0    0    0    0  |    0    0    0    0  |    0    0    0    0  |    0    0    0    0  |    0    0    0    0  |    0    0    0    0  |    0    0    0    0  |    0    0    0    0  |    0    0    0    0  |    0    0    0    0  |    0    0    0    0  |    0  0x8    0    0  |    0  0x3    0    0  |    0  0x1  0xa    0  |    0    0  0x3    0  |    0    0  0x5  0xa  |    0    0  0x2  0x1  |    0    0    0  0x3  |    0    0    0    0  |    0    0    0    0  |    0    0    0    0  |    0    0    0    0  |    0    0    0    0  | 
   0    0    0    0  |    0    0    0    0  |    0    0    0    0  |    0    0    0    0  |    0    0    0    0  |    0    0    0    0  |    0    0    0    0  |    0    0    0    0  |    0    0    0    0  |    0    0    0    0  |    0    0    0    0  |    0    0    0    0  |    0    0    0    0  |    0    0    0    0  |    0    0    0    0  |  0x8    0    0    0  |    0    0    0    0  |    0  0x8    0    0  |    0    0    0    0  |    0    0  0xc    0  |    0    0    0    0  |    0    0    0    0  |    0    0    0    0  |    0    0    0    0  |    0    0    0    0  |    0    0    0    0  |    0    0    0    0  |    0    0    0    0  | 
   0    0    0    0  |    0    0    0    0  |    0    0    0    0  |    0    0    0    0  |    0    0    0    0  |    0    0    0    0  |    0    0    0    0  |    0    0    0    0  |    0    0    0    0  |    0    0    0    0  |    0    0    0    0  |    0    0    0    0  |    0    0    0    0  |    0    0    0    0  |    0    0    0    0  |    0    0    0    0  |    0    0    0    0  |    0    0    0    0  |    0    0    0    0  |    0    0    0    0  |    0    0    0    0  |    0    0    0    0  |    0    0    0    0  |    0    0    0    0  |    0    0    0    0  |    0    0    0    0  |    0    0    0    0  |    0    0    0    0  | 
   0    0    0    0  |    0    0    0    0  |    0    0    0    0  |    0    0    0    0  |    0    0    0    0  |    0    0    0  0x1  |    0    0    0  0x1  |    0    0    0  0x8  |  0x8    0    0    0  |    0    0    0    0  |    0    0    0    0  |    0    0    0    0  |    0    0    0    0  |    0    0    0    0  |    0    0    0    0  |    0    0    0    0  |    0    0    0    0  |    0    0    0    0  |    0    0    0    0  |    0    0    0    0  |    0    0    0    0  |    0    0    0    0  |    0    0    0    0  |    0    0    0    0  |    0    0    0    0  |    0    0    0    0  |    0    0    0    0  |    0    0    0    0  | 
------------------------
   0    0    0    0  |    0    0    0    0  |    0    0    0    0  |    0    0    0    0  |    0    0    0    0  |    0    0    0    0  |    0    0    0    0  |    0    0    0    0  |    0    0    0    0  |    0    0    0    0  |    0    0    0    0  |    0    0    0    0  |    0    0    0    0  |    0    0    0    0  |    0    0    0    0  |    0    0    0    0  |    0  0x8    0    0  |    0  0x3    0    0  |    0  0x1  0xa    0  |    0    0  0x3    0  |    0    0  0x1  0x2  |    0    0    0    0  |    0    0    0  0x8  |    0    0    0    0  |    0    0    0    0  |    0    0    0    0  |    0    0    0    0  |    0    0    0    0  | 
   0    0    0    0  |    0    0    0    0  |    0    0    0    0  |    0    0    0    0  |    0    0    0    0  |    0    0    0    0  |    0    0    0    0  |    0    0    0    0  |    0    0    0    0  |    0    0    0    0  |    0    0    0    0  |    0    0    0    0  |    0    0    0    0  |    0    0    0    0  |    0    0    0    0  |  0x8    0    0    0  |    0    0    0    0  |    0  0x8    0    0  |    0    0    0    0  |    0    0  0x1    0  |    0    0  0x1    0  |    0    0  0x8    0  |    0    0    0    0  |    0    0    0    0  |    0    0    0    0  |    0    0    0    0  |    0    0    0    0  |    0    0    0    0  | 
   0    0    0    0  |    0    0    0    0  |    0    0    0    0  |    0    0    0    0  |    0    0    0    0  |    0    0    0    0  |    0    0    0    0  |    0    0    0    0  |    0    0    0    0  |    0    0    0    0  |    0    0    0    0  |    0    0    0    0  |    0    0    0    0  |    0    0    0    0  |    0    0    0    0  |    0    0    0    0  |    0    0    0    0  |    0    0    0    0  |    0    0    0    0  |    0    0    0    0  |    0    0    0    0  |    0    0    0    0  |    0    0    0    0  |    0    0    0    0  |    0    0    0    0  |    0    0    0    0  |    0    0    0    0  |    0    0    0    0  | 
   0    0    0    0  |    0    0    0    0  |    0    0    0    0  |    0    0    0    0  |    0    0    0    0  |    0    0    0    0  |    0    0    0    0  |    0    0    0    0  |    0    0    0    0  |    0    0    0    0  |    0    0    0    0  |    0    0    0    0  |    0    0    0    0  |    0    0    0    0  |    0    0    0    0  |    0    0    0    0  |    0    0    0    0  |    0    0    0    0  |    0    0    0    0  |    0    0    0    0  |    0    0    0    0  |    0    0    0    0  |    0    0    0    0  |    0    0    0    0  |    0    0    0    0  |    0    0    0    0  |    0    0    0    0  |    0    0    0    0  | 
------------------------
   0    0    0    0  |    0    0    0    0  |    0    0    0    0  |    0    0    0    0  |    0    0    0    0  |    0    0    0    0  |    0    0    0    0  |    0    0    0    0  |    0    0    0    0  |    0    0    0    0  |    0    0    0    0  |    0    0    0    0  |    0    0    0    0  |    0    0    0    0  |    0    0    0    0  |    0    0    0    0  |    0  0x8    0    0  |    0  0x3    0    0  |    0  0x1  0xa    0  |    0    0  0x3    0  |    0    0  0x5  0xa  |    0    0  0x2  0x1  |    0    0    0  0xb  |    0    0    0    0  |    0    0    0    0  |    0    0    0    0  |    0    0    0    0  |    0    0    0    0  | 
   0    0    0    0  |    0    0    0    0  |    0    0    0    0  |    0    0    0    0  |    0    0    0    0  |    0    0    0    0  |    0    0    0    0  |    0    0    0    0  |    0    0    0    0  |    0    0    0    0  |    0    0    0    0  |    0    0    0    0  |    0    0    0    0  |    0    0    0    0  |    0    0    0    0  |  0x8    0    0    0  |    0    0    0    0  |    0  0x8    0    0  |    0    0    0    0  |    0    0  0xd    0  |    0    0  0x1    0  |    0    0  0x8    0  |    0    0    0    0  |    0    0    0    0  |    0    0    0    0  |    0    0    0    0  |    0    0    0    0  |    0    0    0    0  | 
   0    0    0    0  |    0    0    0    0  |    0    0    0    0  |    0    0    0    0  |    0    0    0    0  |    0    0    0    0  |    0    0    0    0  |    0    0    0    0  |    0    0    0    0  |    0    0    0    0  |    0    0    0    0  |    0    0    0    0  |    0    0    0    0  |    0    0    0    0  |    0    0    0    0  |    0    0    0    0  |    0    0    0    0  |    0    0    0    0  |    0    0    0    0  |    0    0    0    0  |    0    0    0    0  |    0    0    0    0  |    0    0    0    0  |    0    0    0    0  |    0    0    0    0  |    0    0    0    0  |    0    0    0    0  |    0    0    0    0  | 
   0    0    0    0  |    0    0    0    0  |    0    0    0    0  |    0    0    0    0  |    0    0    0    0  |    0    0    0    0  |    0    0    0    0  |    0    0    0    0  |    0    0    0    0  |    0    0    0    0  |    0    0    0    0  |    0    0    0    0  |    0    0    0    0  |    0    0    0    0  |    0    0    0    0  |    0    0    0    0  |    0    0    0    0  |    0    0    0    0  |    0    0    0    0  |    0    0    0    0  |    0    0    0    0  |    0    0    0    0  |    0    0    0    0  |    0    0    0    0  |    0    0    0    0  |    0    0    0    0  |    0    0    0    0  |    0    0    0    0  | 
------------------------
   0    0    0    0  |    0    0    0    0  |    0    0    0    0  |    0    0    0    0  |    0    0    0    0  |    0    0    0    0  |    0    0    0    0  |    0    0    0    0  |    0    0    0    0  |    0    0    0    0  |    0    0    0    0  |    0    0    0    0  |    0    0    0    0  |    0    0    0  0x1  |    0    0    0  0x1  |    0    0    0  0xa  |  0x8    0    0    0  |    0    0    0    0  |    0  0x8    0    0  |    0    0    0    0  |    0    0    0    0  |    0    0    0    0  |    0    0    0    0  |    0    0    0    0  |    0    0    0    0  |    0    0    0    0  |    0    0    0    0  |    0    0    0    0  | 
   0    0    0    0  |    0    0    0    0  |    0    0    0    0  |    0    0    0    0  |    0    0    0    0  |    0    0    0    0  |    0    0    0    0  |    0    0    0    0  |    0    0    0    0  |    0    0    0    0  |    0    0    0    0  |    0    0    0    0  |    0    0    0    0  |    0    0    0    0  |    0    0    0    0  |  0x1    0    0    0  |  0x3    0    0    0  |  0x8    0    0    0  |    0    0    0    0  |    0    0    0    0  |    0    0    0    0  |    0    0    0    0  |    0    0    0    0  |    0    0    0    0  |    0    0    0    0  |    0    0    0    0  |    0    0    0    0  |    0    0    0    0  | 
   0    0    0    0  |    0    0    0    0  |    0    0    0    0  |    0    0    0    0  |    0    0    0    0  |    0    0    0    0  |    0    0    0    0  |    0    0    0    0  |    0    0    0    0  |    0    0    0    0  |    0    0    0    0  |    0    0    0    0  |    0    0    0    0  |    0    0    0    0  |    0    0    0    0  |    0    0    0    0  |    0    0    0    0  |    0    0    0    0  |    0    0    0    0  |    0    0    0    0  |    0    0    0    0  |    0    0    0    0  |    0    0    0    0  |    0    0    0    0  |    0    0    0    0  |    0    0    0    0  |    0    0    0    0  |    0    0    0    0  | 
   0    0    0    0  |    0    0    0    0  |    0    0    0    0  |    0    0    0    0  |    0    0    0    0  |    0    0    0    0  |    0    0    0    0  |    0    0    0    0  |    0    0    0    0  |    0    0    0    0  |    0    0    0    0  |    0    0    0    0  |    0    0    0    0  |    0    0    0    0  |    0    0    0    0  |    0    0    0    0  |    0    0    0    0  |    0    0    0    0  |    0    0    0    0  |    0    0    0    0  |    0    0    0    0  |    0    0    0    0  |    0    0    0    0  |    0    0    0    0  |    0    0    0    0  |    0    0    0    0  |    0    0    0    0  |    0    0    0    0  | 
------------------------
   0    0    0    0  |    0    0    0    0  |    0    0    0    0  |    0    0    0    0  |    0    0    0    0  |    0    0    0    0  |    0    0    0    0  |    0    0    0    0  |    0    0    0    0  |    0    0    0    0  |    0    0    0    0  |    0    0    0    0  |    0    0    0    0  |    0    0    0  0x1  |    0    0    0  0x1  |    0    0    0  0xa  |  0x8    0    0    0  |    0    0    0    0  |    0  0x8    0    0  |    0    0    0    0  |    0    0  0x4  0x8  |    0    0  0x2  0x1  |    0    0    0  0x3  |    0    0    0    0  |    0    0    0    0  |    0    0    0    0  |    0    0    0    0  |    0    0    0    0  | 
   0    0    0    0  |    0    0    0    0  |    0    0    0    0  |    0    0    0    0  |    0    0    0    0  |    0    0    0    0  |    0    0    0    0  |    0    0    0    0  |    0    0    0    0  |    0    0    0    0  |    0    0    0    0  |    0    0    0    0  |    0    0    0    0  |    0    0    0    0  |    0    0    0    0  |  0x1    0    0    0  |  0x3    0    0    0  |  0x8    0    0    0  |    0    0    0    0  |    0    0  0xc    0  |    0    0    0    0  |    0    0    0    0  |    0    0    0    0  |    0    0    0    0  |    0    0    0    0  |    0    0    0    0  |    0    0    0    0  |    0    0    0    0  | 
   0    0    0    0  |    0    0    0    0  |    0    0    0    0  |    0    0    0    0  |    0    0    0    0  |    0    0    0    0  |    0    0    0    0  |    0    0    0    0  |    0    0    0    0  |    0    0    0    0  |    0    0    0    0  |    0    0    0    0  |    0    0    0    0  |    0    0    0    0  |    0    0    0    0  |    0    0    0    0  |    0    0    0    0  |    0    0    0    0  |    0    0    0    0  |    0    0    0    0  |    0    0    0    0  |    0    0    0    0  |    0    0    0    0  |    0    0    0    0  |    0    0    0    0  |    0    0    0    0  |    0    0    0    0  |    0    0    0    0  | 
   0    0    0    0  |    0    0    0    0  |    0    0    0    0  |    0    0    0    0  |    0    0    0    0  |    0    0    0    0  |    0    0    0    0  |    0    0    0    0  |    0    0    0    0  |    0    0    0    0  |    0    0    0    0  |    0    0    0    0  |    0    0    0    0  |    0    0    0    0  |    0    0    0    0  |    0    0    0    0  |    0    0    0    0  |    0    0    0    0  |    0    0    0    0  |    0    0    0    0  |    0    0    0    0  |    0    0    0    0  |    0    0    0    0  |    0    0    0    0  |    0    0    0    0  |    0    0    0    0  |    0    0    0    0  |    0    0    0    0  | 
------------------------
   0    0    0    0  |    0    0    0    0  |    0    0    0    0  |    0    0    0    0  |    0    0    0    0  |    0    0    0    0  |    0    0    0    0  |    0    0    0    0  |    0    0    0    0  |    0    0    0    0  |    0    0    0    0  |    0    0  0x1    0  |    0    0  0x1    0  |    0    0  0x8    0  |    0    0    0    0  |    0    0    0    0  |    0    0    0    0  |    0    0    0    0  |    0    0    0    0  |    0    0    0    0  |    0    0  0x4  0x8  |    0    0  0x2  0x1  |    0    0    0  0x3  |    0    0    0    0  |    0    0    0    0  |    0    0    0    0  |    0    0    0    0  |    0    0    0    0  | 
   0    0    0    0  |    0    0    0    0  |    0    0    0    0  |    0    0    0    0  |    0    0    0    0  |    0    0    0    0  |    0    0    0    0  |    0    0    0    0  |    0    0    0    0  |    0    0    0    0  |    0    0    0    0  |    0    0    0    0  |    0    0    0    0  |    0    0    0    0  |    0    0    0    0  |    0    0    0    0  |    0    0    0    0  |    0    0    0    0  |    0    0    0    0  |    0    0  0xc    0  |    0    0    0    0  |    0    0    0    0  |    0    0    0    0  |    0    0    0    0  |    0    0    0    0  |    0    0    0    0  |    0    0    0    0  |    0    0    0    0  | 
   0    0    0    0  |    0    0    0    0  |    0    0    0    0  |    0    0    0    0  |    0    0    0    0  |    0    0    0    0  |    0    0    0    0  |    0    0    0    0  |    0    0    0    0  |    0    0    0    0  |    0    0    0    0  |    0    0    0    0  |    0    0    0    0  |    0    0    0    0  |    0    0    0    0  |    0    0    0    0  |    0    0    0    0  |    0    0    0    0  |    0    0    0    0  |    0    0    0    0  |    0    0    0    0  |    0    0    0    0  |    0    0    0    0  |    0    0    0    0  |    0    0    0    0  |    0    0    0    0  |    0    0    0    0  |    0    0    0    0  | 
   0    0    0    0  |    0    0    0    0  |    0    0    0    0  |    0    0    0    0  |    0    0    0    0  |    0    0    0  0x1  |    0    0    0  0x1  |    0    0    0  0x8  |  0x8    0    0    0  |    0    0    0    0  |    0    0    0    0  |    0    0    0    0  |    0    0    0    0  |    0    0    0    0  |    0    0    0  0x8  |    0    0    0    0  |    0    0    0    0  |    0    0    0    0  |    0    0    0    0  |    0    0    0    0  |    0    0    0    0  |    0    0    0    0  |    0    0    0    0  |    0    0    0    0  |    0    0    0    0  |    0    0    0    0  |    0    0    0    0  |    0    0    0    0  | 
------------------------
   0    0    0    0  |    0    0    0    0  |    0    0    0    0  |    0    0    0    0  |    0    0    0    0  |    0    0    0    0  |    0    0    0    0  |    0    0    0    0  |    0    0    0    0  |    0    0    0    0  |    0    0    0    0  |    0    0    0    0  |    0    0    0    0  |    0    0    0    0  |    0    0    0    0  |    0    0    0    0  |  0x4    0    0    0  |  0x2    0    0    0  |    0  0x6    0    0  |    0  0x8    0    0  |    0    0    0    0  |    0    0  0xc  0x4  |    0    0    0    0  |    0    0    0  0x4  |    0    0    0    0  |    0    0    0    0  |  0x2    0    0    0  |    0    0    0    0  | 
   0    0    0    0  |    0    0    0    0  |    0    0    0    0  |    0    0    0    0  |    0    0    0    0  |    0    0    0    0  |    0    0    0    0  |    0    0    0    0  |    0    0    0    0  |    0    0    0    0  |    0    0    0    0  |    0    0    0    0  |    0    0    0    0  |    0    0    0    0  |    0    0    0    0  |  0x6    0    0    0  |    0  0x2    0    0  |    0  0x4    0    0  |    0    0    0    0  |    0    0    0    0  |    0    0    0    0  |    0    0    0    0  |    0    0    0    0  |    0    0    0    0  |    0    0    0    0  |    0    0    0    0  |    0    0    0    0  |    0    0    0    0  | 
   0    0    0    0  |    0    0    0    0  |    0    0    0    0  |    0    0    0    0  |    0    0    0    0  |    0    0    0    0  |    0    0    0    0  |    0    0    0    0  |    0    0    0    0  |    0    0    0    0  |    0    0    0    0  |    0    0    0    0  |    0    0    0    0  |    0    0    0    0  |    0    0    0    0  |    0    0    0    0  |    0    0    0    0  |    0    0    0    0  |    0    0    0    0  |    0    0    0    0  |    0    0    0    0  |    0    0    0    0  |    0    0    0    0  |    0    0    0    0  |    0    0    0    0  |    0    0    0    0  |    0    0    0    0  |    0    0    0    0  | 
   0    0    0    0  |    0    0    0    0  |    0    0    0    0  |    0    0    0    0  |    0    0    0    0  |    0    0    0    0  |    0    0    0    0  |    0    0    0    0  |    0    0    0    0  |    0    0    0    0  |    0    0    0    0  |    0    0    0    0  |    0    0    0    0  |    0    0    0    0  |    0    0    0    0  |    0    0    0    0  |    0    0    0    0  |    0    0    0    0  |    0    0    0    0  |    0    0    0    0  |    0    0  0x8    0  |    0    0  0x3    0  |    0    0  0x5  0xe  |    0    0  0x2  0x1  |    0    0    0  0x7  |    0    0    0  0x2  |    0    0    0    0  |    0    0    0    0  | 
------------------------
   0    0    0    0  |    0    0    0    0  |    0    0    0    0  |    0    0    0    0  |    0    0    0    0  |    0    0    0    0  |    0    0    0    0  |    0    0    0    0  |    0    0    0    0  |    0    0    0    0  |    0    0    0    0  |    0    0    0    0  |    0    0    0    0  |    0    0    0    0  |    0    0    0    0  |    0    0    0    0  |  0x4    0    0    0  |  0x2    0    0    0  |    0  0x6    0    0  |    0  0x8    0    0  |    0    0    0    0  |    0    0  0xc    0  |    0    0    0    0  |    0    0    0  0x4  |  0x2    0    0    0  |    0    0    0    0  |  0x2    0    0    0  |    0    0    0    0  | 
   0    0    0    0  |    0    0    0    0  |    0    0    0    0  |    0    0    0    0  |    0    0    0    0  |    0    0    0    0  |    0    0    0    0  |    0    0    0    0  |    0    0    0    0  |    0    0    0    0  |    0    0    0    0  |    0    0    0    0  |    0    0    0    0  |    0    0    0    0  |    0    0    0    0  |  0x6    0    0    0  |    0  0x2    0    0  |    0  0x4    0    0  |    0    0    0    0  |    0    0    0    0  |    0    0    0    0  |    0    0    0    0  |    0    0    0    0  |    0    0    0    0  |    0    0    0    0  |    0    0    0    0  |    0    0    0    0  |    0    0    0    0  | 
   0    0    0    0  |    0    0    0    0  |    0    0    0    0  |    0    0    0    0  |    0    0    0    0  |    0    0    0    0  |    0    0    0    0  |    0    0    0    0  |    0    0    0    0  |    0    0    0    0  |    0    0    0    0  |    0    0    0    0  |    0    0    0    0  |    0    0    0    0  |    0    0    0    0  |    0    0    0    0  |    0    0    0    0  |    0    0    0    0  |    0    0    0    0  |    0    0    0    0  |    0    0    0    0  |    0    0    0    0  |    0    0    0    0  |    0    0    0    0  |    0    0    0    0  |    0    0    0    0  |    0    0    0    0  |    0    0    0    0  | 
   0    0    0    0  |    0    0    0    0  |    0    0    0    0  |    0    0    0    0  |    0    0    0    0  |    0    0    0    0  |    0    0    0    0  |    0    0    0    0  |    0    0    0    0  |    0    0    0    0  |    0    0    0    0  |    0    0    0    0  |    0    0    0    0  |    0    0    0    0  |    0    0    0    0  |    0    0    0    0  |    0    0    0    0  |    0    0    0    0  |    0    0    0    0  |    0    0    0    0  |    0    0  0x8    0  |    0    0  0x3    0  |    0    0  0x5  0xa  |    0    0  0x2  0x3  |    0    0    0  0x7  |    0    0    0  0x2  |    0    0    0    0  |    0    0    0    0  | 
------------------------
   0    0    0    0  |    0    0    0    0  |    0    0    0    0  |    0    0    0    0  |    0    0    0    0  |    0    0    0    0  |    0    0    0    0  |    0    0    0    0  |    0    0    0    0  |    0    0    0    0  |    0    0    0    0  |    0    0    0    0  |    0    0    0    0  |    0    0    0    0  |    0    0    0    0  |    0    0    0    0  |    0    0    0    0  |    0    0    0    0  |    0    0    0    0  |    0    0    0    0  |    0    0    0    0  |    0    0  0x9  0x4  |    0    0  0x1    0  |    0    0  0x8  0x4  |    0    0    0    0  |    0    0    0    0  |  0x2    0    0    0  |    0    0    0    0  | 
   0    0    0    0  |    0    0    0    0  |    0    0    0    0  |    0    0    0    0  |    0    0    0    0  |    0    0    0    0  |    0    0    0    0  |    0    0    0    0  |    0    0    0    0  |    0    0    0    0  |    0    0    0    0  |    0    0    0    0  |    0    0    0    0  |    0    0    0    0  |    0    0    0    0  |    0    0    0    0  |    0    0    0    0  |    0    0    0    0  |    0    0    0    0  |    0    0    0    0  |    0    0    0    0  |    0    0    0    0  |    0    0    0    0  |    0    0    0    0  |    0    0    0    0  |    0    0    0    0  |    0    0    0    0  |    0    0    0    0  | 
   0    0    0    0  |    0    0    0    0  |    0    0    0    0  |    0    0    0    0  |    0    0    0    0  |    0    0    0    0  |    0    0    0    0  |    0    0    0    0  |    0    0    0    0  |    0    0    0    0  |    0    0    0    0  |    0    0    0    0  |    0    0    0    0  |    0    0    0    0  |    0    0    0    0  |    0    0    0    0  |    0    0    0    0  |    0    0    0    0  |    0    0    0    0  |    0    0    0    0  |    0    0    0    0  |    0    0    0    0  |    0    0    0    0  |    0    0    0    0  |    0    0    0    0  |    0    0    0    0  |    0    0    0    0  |    0    0    0    0  | 
   0    0    0    0  |    0    0    0    0  |    0    0    0    0  |    0    0    0    0  |    0    0    0    0  |    0    0    0    0  |    0    0    0    0  |    0    0    0    0  |    0    0    0    0  |    0    0    0    0  |    0    0    0    0  |    0    0    0    0  |    0    0    0    0  |    0    0    0    0  |    0    0    0    0  |    0    0    0    0  |    0    0    0    0  |    0    0    0    0  |    0    0    0    0  |    0    0    0    0  |    0    0    0    0  |    0    0    0    0  |    0    0    0  0xc  |    0    0    0  0x1  |    0    0    0  0xd  |    0    0    0  0x2  |    0    0    0    0  |    0    0    0    0  | 
------------------------
   0    0    0    0  |    0    0    0    0  |    0    0    0    0  |    0    0    0    0  |    0    0    0    0  |    0    0    0    0  |    0    0    0    0  |    0    0    0    0  |    0    0    0    0  |    0    0    0    0  |    0    0    0    0  |    0    0    0    0  |    0    0    0    0  |    0    0    0    0  |    0    0    0    0  |    0    0    0    0  |    0    0    0    0  |    0    0    0    0  |    0    0    0    0  |    0    0    0    0  |    0    0  0x4  0x8  |    0    0  0xb  0x1  |    0    0  0x1  0x3  |    0    0  0x8  0x4  |  0x2    0    0    0  |    0    0    0    0  |  0x2    0    0    0  |    0    0    0    0  | 
   0    0    0    0  |    0    0    0    0  |    0    0    0    0  |    0    0    0    0  |    0    0    0    0  |    0    0    0    0  |    0    0    0    0  |    0    0    0    0  |    0    0    0    0  |    0    0    0    0  |    0    0    0    0  |    0    0    0    0  |    0    0    0    0  |    0    0    0    0  |    0    0    0    0  |    0    0    0    0  |    0    0    0    0  |    0    0    0    0  |    0    0    0    0  |    0    0  0xc    0  |    0    0    0    0  |    0    0    0    0  |    0    0    0    0  |    0    0    0    0  |    0    0    0    0  |    0    0    0    0  |    0    0    0    0  |    0    0    0    0  | 
   0    0    0    0  |    0    0    0    0  |    0    0    0    0  |    0    0    0    0  |    0    0    0    0  |    0    0    0    0  |    0    0    0    0  |    0    0    0    0  |    0    0    0    0  |    0    0    0    0  |    0    0    0    0  |    0    0    0    0  |    0    0    0    0  |    0    0    0    0  |    0    0    0    0  |    0    0    0    0  |    0    0    0    0  |    0    0    0    0  |    0    0    0    0  |    0    0    0    0  |    0    0    0    0  |    0    0    0    0  |    0    0    0    0  |    0    0    0    0  |    0    0    0    0  |    0    0    0    0  |    0    0    0    0  |    0    0    0    0  | 
   0    0    0    0  |    0    0    0    0  |    0    0    0    0  |    0    0    0    0  |    0    0    0    0  |    0    0    0    0  |    0    0    0    0  |    0    0    0    0  |    0    0    0    0  |    0    0    0    0  |    0    0    0    0  |    0    0    0    0  |    0    0    0    0  |    0    0    0    0  |    0    0    0    0  |    0    0    0    0  |    0    0    0    0  |    0    0    0    0  |    0    0    0    0  |    0    0    0    0  |    0    0    0    0  |    0    0    0    0  |    0    0    0  0x8  |    0    0    0  0x3  |    0    0    0  0xd  |    0    0    0  0x2  |    0    0    0    0  |    0    0    0    0  | 
------------------------
   0    0    0    0  |    0    0    0    0  |    0    0    0    0  |    0    0    0    0  |    0    0    0    0  |    0    0    0    0  |    0    0    0    0  |    0    0    0    0  |    0    0    0    0  |    0    0    0    0  |    0    0    0    0  |    0    0    0    0  |    0    0    0    0  |    0    0    0    0  |    0    0    0    0  |    0    0    0    0  |    0    0    0    0  |    0    0    0    0  |    0    0    0    0  |    0    0    0    0  |    0    0  0x4  0x8  |    0    0  0xb  0x5  |    0    0  0x1  0x3  |    0    0  0x8  0x4  |    0    0    0    0  |    0    0    0    0  |  0x2    0    0    0  |    0    0    0    0  | 
   0    0    0    0  |    0    0    0    0  |    0    0    0    0  |    0    0    0    0  |    0    0    0    0  |    0    0    0    0  |    0    0    0    0  |    0    0    0    0  |    0    0    0    0  |    0    0    0    0  |    0    0    0    0  |    0    0    0    0  |    0    0    0    0  |    0    0    0    0  |    0    0    0    0  |    0    0    0    0  |    0    0    0    0  |    0    0    0    0  |    0    0    0    0  |    0    0  0xc    0  |    0    0    0    0  |    0    0    0    0  |    0    0    0    0  |    0    0    0    0  |    0    0    0    0  |    0    0    0    0  |    0    0    0    0  |    0    0    0    0  | 
   0    0    0    0  |    0    0    0    0  |    0    0    0    0  |    0    0    0    0  |    0    0    0    0  |    0    0    0    0  |    0    0    0    0  |    0    0    0    0  |    0    0    0    0  |    0    0    0    0  |    0    0    0    0  |    0    0    0    0  |    0    0    0    0  |    0    0    0    0  |    0    0    0    0  |    0    0    0    0  |    0    0    0    0  |    0    0    0    0  |    0    0    0    0  |    0    0    0    0  |    0    0    0    0  |    0    0    0    0  |    0    0    0    0  |    0    0    0    0  |    0    0    0    0  |    0    0    0    0  |    0    0    0    0  |    0    0    0    0  | 
   0    0    0    0  |    0    0    0    0  |    0    0    0    0  |    0    0    0    0  |    0    0    0    0  |    0    0    0    0  |    0    0    0    0  |    0    0    0    0  |    0    0    0    0  |    0    0    0    0  |    0    0    0    0  |    0    0    0    0  |    0    0    0    0  |    0    0    0    0  |    0    0    0    0  |    0    0    0    0  |    0    0    0    0  |    0    0    0    0  |    0    0    0    0  |    0    0    0    0  |    0    0    0    0  |    0    0    0    0  |    0    0    0  0xc  |    0    0    0  0x1  |    0    0    0  0xd  |    0    0    0  0x2  |    0    0    0    0  |    0    0    0    0  | 
------------------------
   0    0    0    0  |    0    0    0    0  |    0    0    0    0  |    0    0    0    0  |    0    0    0    0  |    0    0    0    0  |    0    0    0    0  |    0    0    0    0  |    0    0    0    0  |    0    0    0    0  |    0    0    0    0  |    0    0    0    0  |    0    0    0    0  |    0    0    0    0  |    0    0    0    0  |    0    0    0    0  |    0    0    0    0  |    0    0    0    0  |    0    0    0    0  |    0    0    0    0  |    0    0    0    0  |    0    0    0    0  |    0    0    0  0x8  |    0    0    0    0  |    0    0    0    0  |    0    0    0    0  |    0    0    0    0  |    0    0    0    0  | 
   0    0    0    0  |    0    0    0    0  |    0    0    0    0  |    0    0    0    0  |    0    0    0    0  |    0    0    0    0  |    0    0    0    0  |    0    0    0    0  |    0    0    0    0  |    0    0    0    0  |    0    0    0    0  |    0    0    0    0  |    0    0    0    0  |    0    0    0    0  |    0    0    0    0  |    0    0    0    0  |    0    0    0    0  |    0    0    0    0  |    0    0    0    0  |    0    0  0x1    0  |    0    0  0x1    0  |    0    0  0x8    0  |    0    0    0    0  |    0    0    0    0  |    0    0    0    0  |    0    0    0    0  |    0    0    0    0  |    0    0    0    0  | 
   0    0    0    0  |    0    0    0    0  |    0    0    0    0  |    0    0    0    0  |    0    0    0    0  |    0    0    0    0  |    0    0    0  0x8  |    0    0    0    0  |    0    0    0    0  |    0    0    0    0  |    0    0    0    0  |    0    0    0    0  |    0    0    0    0  |    0    0    0    0  |    0    0    0    0  |    0    0    0    0  |    0    0    0    0  |    0    0    0    0  |    0    0    0    0  |    0    0    0    0  |    0    0    0    0  |    0    0    0    0  |    0    0    0    0  |    0    0    0    0  |    0    0    0    0  |    0    0    0    0  |    0    0    0    0  |    0    0    0    0  | 
   0    0    0    0  |    0    0    0    0  |    0    0    0    0  |    0    0  0x1    0  |    0    0  0x1    0  |    0    0  0x8    0  |    0    0    0    0  |    0    0    0    0  |    0    0    0    0  |    0    0    0    0  |    0    0    0    0  |    0    0    0    0  |    0    0    0    0  |    0    0    0    0  |    0    0    0    0  |    0    0    0    0  |    0    0    0    0  |    0    0    0    0  |    0    0    0    0  |    0    0    0    0  |    0    0    0    0  |    0    0    0    0  |    0    0    0    0  |    0    0    0    0  |    0    0    0    0  |    0    0    0    0  |    0    0    0    0  |    0    0    0    0  | 
------------------------
   0    0    0    0  |    0    0    0    0  |    0    0    0    0  |    0    0    0    0  |    0    0    0    0  |    0    0    0    0  |    0    0    0    0  |    0    0    0    0  |    0    0    0    0  |    0    0    0    0  |    0    0    0    0  |    0    0    0    0  |    0    0    0    0  |    0    0    0    0  |    0    0    0    0  |    0    0    0    0  |    0    0    0    0  |    0    0    0    0  |    0    0    0    0  |    0    0    0    0  |    0    0    0    0  |    0    0    0    0  |    0    0    0  0x8  |    0    0    0    0  |    0    0    0    0  |    0    0    0    0  |    0    0    0    0  |    0    0    0    0  | 
   0    0    0    0  |    0    0    0    0  |    0    0    0    0  |    0    0    0    0  |    0    0    0    0  |    0    0    0    0  |    0    0    0    0  |    0    0    0    0  |    0    0    0    0  |    0    0    0    0  |    0    0    0    0  |    0    0    0    0  |    0    0    0    0  |    0    0    0    0  |    0    0    0    0  |    0    0    0    0  |    0    0    0    0  |    0    0    0    0  |    0    0    0    0  |    0    0  0x1    0  |    0    0  0x1    0  |    0    0  0x8    0  |    0    0    0    0  |    0    0    0    0  |    0    0    0    0  |    0    0    0    0  |    0    0    0    0  |    0    0    0    0  | 
   0    0    0    0  |    0    0    0    0  |    0    0    0    0  |    0    0    0    0  |    0    0    0    0  |    0    0    0    0  |    0    0    0    0  |    0    0    0    0  |    0    0    0    0  |    0    0    0    0  |    0    0    0    0  |    0    0    0    0  |    0    0    0    0  |    0    0    0    0  |    0    0    0    0  |    0    0    0    0  |    0    0    0    0  |    0    0    0    0  |    0    0    0    0  |    0    0    0    0  |    0    0    0    0  |    0    0    0    0  |    0    0    0    0  |    0    0    0    0  |    0    0    0    0  |    0    0    0    0  |    0    0    0    0  |    0    0    0    0  | 
   0    0    0    0  |    0    0    0    0  |    0    0    0    0  |    0    0    0    0  |    0    0    0    0  |    0    0    0  0x1  |    0    0    0  0x1  |    0    0    0  0x8  |  0x8    0    0    0  |    0    0    0    0  |    0    0    0    0  |    0    0    0    0  |    0    0    0    0  |    0    0    0    0  |    0    0    0    0  |    0    0    0    0  |    0    0    0    0  |    0    0    0    0  |    0    0    0    0  |    0    0    0    0  |    0    0    0    0  |    0    0    0    0  |    0    0    0    0  |    0    0    0    0  |    0    0    0    0  |    0    0    0    0  |    0    0    0    0  |    0    0    0    0  | 
------------------------
   0    0    0    0  |    0    0    0    0  |    0    0    0    0  |    0    0    0    0  |    0    0    0    0  |    0    0    0    0  |    0    0    0    0  |  0x1    0    0    0  |  0x1    0    0    0  |  0x8    0    0    0  |    0    0    0    0  |    0    0    0    0  |    0    0    0    0  |    0    0    0    0  |    0    0    0    0  |    0    0    0    0  |    0    0    0    0  |    0    0    0    0  |    0    0    0    0  |    0    0    0    0  |    0    0    0    0  |    0    0    0    0  |    0    0    0  0x8  |    0    0    0    0  |    0    0    0    0  |    0    0    0    0  |    0    0    0    0  |    0    0    0    0  | 
   0    0    0    0  |    0    0    0    0  |    0    0    0    0  |    0    0    0    0  |    0    0    0    0  |    0    0    0    0  |    0    0    0    0  |    0    0    0    0  |    0    0    0    0  |    0    0    0    0  |    0    0    0    0  |    0    0    0    0  |    0    0    0    0  |    0    0    0    0  |    0    0    0    0  |    0    0    0    0  |    0    0    0    0  |    0    0    0    0  |    0    0    0    0  |    0    0  0x1    0  |    0    0  0x1    0  |    0    0  0x8    0  |    0    0    0    0  |    0    0    0    0  |    0    0    0    0  |    0    0    0    0  |    0    0    0    0  |    0    0    0    0  | 
   0    0    0    0  |    0    0    0    0  |    0    0    0    0  |    0    0    0    0  |    0    0    0    0  |    0    0    0    0  |    0    0    0    0  |    0    0    0    0  |    0    0    0    0  |    0    0    0    0  |    0    0    0    0  |    0    0    0    0  |    0    0    0    0  |    0    0    0    0  |    0    0    0    0  |    0    0    0    0  |    0    0    0    0  |    0    0    0    0  |    0    0    0    0  |    0    0    0    0  |    0    0    0    0  |    0    0    0    0  |    0    0    0    0  |    0    0    0    0  |    0    0    0    0  |    0    0    0    0  |    0    0    0    0  |    0    0    0    0  | 
   0    0    0    0  |    0    0    0    0  |    0    0    0    0  |    0    0    0    0  |    0    0    0    0  |    0    0    0    0  |    0    0    0    0  |    0    0    0    0  |    0    0    0    0  |    0    0    0    0  |    0  0x8    0    0  |    0    0    0    0  |    0    0    0    0  |    0    0    0    0  |    0    0    0    0  |    0    0    0    0  |    0    0    0    0  |    0    0    0    0  |    0    0    0    0  |    0    0    0    0  |    0    0    0    0  |    0    0    0    0  |    0    0    0    0  |    0    0    0    0  |    0    0    0    0  |    0    0    0    0  |    0    0    0    0  |    0    0    0    0  | 
------------------------
   0    0    0    0  |    0    0    0    0  |    0    0    0    0  |    0    0    0    0  |    0    0    0    0  |    0    0    0    0  |    0    0    0    0  |    0    0    0    0  |    0    0    0    0  |    0    0    0    0  |    0    0    0    0  |    0    0    0    0  |    0    0    0    0  |    0    0    0    0  |    0    0    0    0  |    0    0    0    0  |    0    0    0    0  |    0    0    0    0  |    0  0x4    0    0  |    0  0x2    0    0  |    0    0  0x6    0  |    0    0  0x8  0x4  |    0    0    0    0  |    0    0    0  0x4  |    0    0    0    0  |    0    0    0    0  |  0x2    0    0    0  |    0    0    0    0  | 
   0    0    0    0  |    0    0    0    0  |    0    0    0    0  |    0    0    0    0  |    0    0    0    0  |    0    0    0    0  |    0    0    0    0  |    0    0    0    0  |    0    0    0    0  |    0    0    0    0  |    0    0    0    0  |    0    0    0    0  |    0    0    0    0  |    0    0    0    0  |    0    0    0    0  |    0    0    0    0  |    0    0    0    0  |    0  0x6    0    0  |    0    0  0x2    0  |    0    0  0x4    0  |    0    0    0    0  |    0    0    0    0  |    0    0    0    0  |    0    0    0    0  |    0    0    0    0  |    0    0    0    0  |    0    0    0    0  |    0    0    0    0  | 
   0    0    0    0  |    0    0    0    0  |    0    0    0    0  |    0    0    0    0  |    0    0    0    0  |    0    0    0    0  |    0    0    0  0x8  |    0    0    0    0  |    0    0    0    0  |    0    0    0    0  |    0    0    0    0  |    0    0    0    0  |    0    0    0    0  |    0    0    0    0  |    0    0    0    0  |    0    0    0    0  |    0    0    0    0  |    0    0    0    0  |    0    0    0    0  |    0    0    0    0  |    0    0    0    0  |    0    0    0    0  |    0    0    0    0  |    0    0    0    0  |    0    0    0    0  |    0    0    0    0  |    0    0    0    0  |    0    0    0    0  | 
   0    0    0    0  |    0    0    0    0  |    0    0    0    0  |    0    0  0x1    0  |    0    0  0x1    0  |    0    0  0x8    0  |    0    0    0    0  |    0    0    0    0  |    0    0    0    0  |    0    0    0    0  |    0    0    0    0  |    0    0    0    0  |    0    0    0    0  |    0    0    0    0  |    0    0    0    0  |    0    0    0    0  |    0    0    0    0  |    0    0    0    0  |    0    0    0    0  |    0    0    0    0  |    0    0    0    0  |    0    0    0    0  |    0    0    0  0xc  |    0    0    0  0x1  |    0    0    0  0x5  |    0    0    0  0x2  |    0    0    0    0  |    0    0    0    0  | 
------------------------
   0    0    0    0  |    0    0    0    0  |    0    0    0    0  |    0    0    0    0  |    0    0    0    0  |    0    0    0    0  |    0    0    0    0  |    0    0    0    0  |    0    0    0    0  |    0    0    0    0  |    0    0    0    0  |    0    0    0    0  |    0    0    0    0  |    0    0    0    0  |    0    0    0    0  |    0    0    0    0  |    0    0    0    0  |    0    0    0    0  |    0  0x4    0    0  |    0  0x2    0    0  |    0    0  0x6    0  |    0    0  0x8  0x4  |    0    0    0    0  |    0    0    0  0x4  |    0    0    0    0  |    0    0    0    0  |  0x2    0    0    0  |    0    0    0    0  | 
   0    0    0    0  |    0    0    0    0  |    0    0    0    0  |    0    0    0    0  |    0    0    0    0  |    0    0    0    0  |    0    0    0    0  |    0    0    0    0  |    0    0    0    0  |    0    0    0    0  |    0    0    0    0  |    0    0    0    0  |    0    0    0    0  |    0    0    0    0  |    0    0    0    0  |    0    0    0    0  |    0    0    0    0  |    0  0x6    0    0  |    0    0  0x2    0  |    0    0  0x4    0  |    0    0    0    0  |    0    0    0    0  |    0    0    0    0  |    0    0    0    0  |    0    0    0    0  |    0    0    0    0  |    0    0    0    0  |    0    0    0    0  | 
   0    0    0    0  |    0    0    0    0  |    0    0    0    0  |    0    0    0    0  |    0    0    0    0  |    0    0    0    0  |    0    0    0    0  |    0    0    0    0  |    0    0    0    0  |    0    0    0    0  |    0    0    0    0  |    0    0    0    0  |    0    0    0    0  |    0    0    0    0  |    0    0    0    0  |    0    0    0    0  |    0    0    0    0  |    0    0    0    0  |    0    0    0    0  |    0    0    0    0  |    0    0    0    0  |    0    0    0    0  |    0    0    0    0  |    0    0    0    0  |    0    0    0    0  |    0    0    0    0  |    0    0    0    0  |    0    0    0    0  | 
   0    0    0    0  |    0    0    0    0  |    0    0    0    0  |    0    0    0    0  |    0    0    0    0  |    0    0    0  0x1  |    0    0    0  0x1  |    0    0    0  0x8  |  0x8    0    0    0  |    0    0    0    0  |    0    0    0    0  |    0    0    0    0  |    0    0    0    0  |    0    0    0    0  |    0    0    0    0  |    0    0    0    0  |    0    0    0    0  |    0    0    0    0  |    0    0    0    0  |    0    0    0    0  |    0    0    0    0  |    0    0    0    0  |    0    0    0  0xc  |    0    0    0  0x1  |    0    0    0  0x5  |    0    0    0  0x2  |    0    0    0    0  |    0    0    0    0  | 
------------------------
   0    0    0    0  |    0    0    0    0  |    0    0    0    0  |    0    0    0    0  |    0    0    0    0  |    0    0    0    0  |    0    0    0    0  |    0    0    0    0  |    0    0    0    0  |    0    0    0    0  |    0    0    0    0  |    0    0    0    0  |    0    0    0    0  |    0    0    0    0  |    0    0    0    0  |    0    0    0    0  |    0    0    0    0  |    0    0    0    0  |    0  0x4    0    0  |    0  0x2    0    0  |    0    0  0x6    0  |    0    0  0x8    0  |    0    0    0    0  |    0    0    0  0x4  |  0x2    0    0    0  |    0    0    0    0  |  0x2    0    0    0  |    0    0    0    0  | 
   0    0    0    0  |    0    0    0    0  |    0    0    0    0  |    0    0    0    0  |    0    0    0    0  |    0    0    0    0  |    0    0    0    0  |    0    0    0    0  |    0    0    0    0  |    0    0    0    0  |    0    0    0    0  |    0    0    0    0  |    0    0    0    0  |    0    0    0    0  |    0    0    0    0  |    0    0    0    0  |    0    0    0    0  |    0  0x6    0    0  |    0    0  0x2    0  |    0    0  0x4    0  |    0    0    0    0  |    0    0    0    0  |    0    0    0    0  |    0    0    0    0  |    0    0    0    0  |    0    0    0    0  |    0    0    0    0  |    0    0    0    0  | 
   0    0    0    0  |    0    0    0    0  |    0    0    0    0  |    0    0    0    0  |    0    0    0    0  |    0    0    0    0  |    0    0    0    0  |    0    0    0    0  |    0    0    0    0  |    0    0    0    0  |    0    0    0    0  |    0    0    0    0  |    0    0    0    0  |    0    0    0    0  |    0    0    0    0  |    0    0    0    0  |    0    0    0    0  |    0    0    0    0  |    0    0    0    0  |    0    0    0    0  |    0    0    0    0  |    0    0    0    0  |    0    0    0    0  |    0    0    0    0  |    0    0    0    0  |    0    0    0    0  |    0    0    0    0  |    0    0    0    0  | 
   0    0    0    0  |    0    0    0    0  |    0    0    0    0  |    0    0    0    0  |    0    0    0    0  |    0    0    0  0x1  |    0    0    0  0x1  |    0    0    0  0x8  |  0x8    0    0    0  |    0    0    0    0  |    0    0    0    0  |    0    0    0    0  |    0    0    0    0  |    0    0    0    0  |    0    0    0    0  |    0    0    0    0  |    0    0    0    0  |    0    0    0    0  |    0    0    0    0  |    0    0    0    0  |    0    0    0    0  |    0    0    0    0  |    0    0    0  0x8  |    0    0    0  0x3  |    0    0    0  0x5  |    0    0    0  0x2  |    0    0    0    0  |    0    0    0    0  | 
------------------------
   0    0    0    0  |    0    0    0    0  |    0    0    0    0  |    0    0    0    0  |    0    0    0    0  |    0    0    0    0  |    0    0    0    0  |    0    0    0    0  |    0    0    0    0  |    0    0    0    0  |    0    0    0    0  |    0    0    0    0  |    0    0    0    0  |    0    0    0    0  |    0    0    0    0  |    0    0    0    0  |    0    0    0    0  |    0    0    0    0  |    0  0x4    0    0  |    0  0x2    0    0  |    0    0  0x2  0x8  |    0    0  0xa  0x1  |    0    0    0  0x3  |    0    0    0  0x4  |  0x2    0    0    0  |    0    0    0    0  |  0x2    0    0    0  |    0    0    0    0  | 
   0    0    0    0  |    0    0    0    0  |    0    0    0    0  |    0    0    0    0  |    0    0    0    0  |    0    0    0    0  |    0    0    0    0  |    0    0    0    0  |    0    0    0    0  |    0    0    0    0  |    0    0    0    0  |    0    0    0    0  |    0    0    0    0  |    0    0    0    0  |    0    0    0    0  |    0    0    0    0  |    0    0    0    0  |    0  0x6    0    0  |    0    0  0x2    0  |    0    0  0x8    0  |    0    0    0    0  |    0    0    0    0  |    0    0    0    0  |    0    0    0    0  |    0    0    0    0  |    0    0    0    0  |    0    0    0    0  |    0    0    0    0  | 
   0    0    0    0  |    0    0    0    0  |    0    0    0    0  |    0    0    0    0  |    0    0    0    0  |    0    0    0    0  |    0    0    0    0  |    0    0    0    0  |    0    0    0    0  |    0    0    0    0  |    0    0    0    0  |    0    0    0    0  |    0    0    0    0  |    0    0    0    0  |    0    0    0    0  |    0    0    0    0  |    0    0    0    0  |    0    0    0    0  |    0    0    0    0  |    0    0    0    0  |    0    0    0    0  |    0    0    0    0  |    0    0    0    0  |    0    0    0    0  |    0    0    0    0  |    0    0    0    0  |    0    0    0    0  |    0    0    0    0  | 
   0    0    0    0  |    0    0    0    0  |    0    0    0    0  |    0    0    0    0  |    0    0    0    0  |    0    0    0  0x1  |    0    0    0  0x1  |    0    0    0  0x8  |  0x8    0    0    0  |    0    0    0    0  |    0    0    0    0  |    0    0    0    0  |    0    0    0    0  |    0    0    0    0  |    0    0    0    0  |    0    0    0    0  |    0    0    0    0  |    0    0    0    0  |    0    0    0    0  |    0    0    0    0  |    0    0    0    0  |    0    0    0    0  |    0    0    0  0x8  |    0    0    0  0x3  |    0    0    0  0x5  |    0    0    0  0x2  |    0    0    0    0  |    0    0    0    0  | 
------------------------
   0    0    0    0  |    0    0    0    0  |    0    0    0    0  |    0    0    0    0  |    0    0    0    0  |    0    0    0    0  |    0    0    0    0  |    0    0    0    0  |    0    0    0    0  |    0    0    0    0  |    0    0    0    0  |    0    0    0    0  |    0    0    0    0  |    0    0    0    0  |    0    0    0    0  |    0    0    0    0  |    0    0    0    0  |    0    0    0    0  |    0  0x4    0    0  |    0  0x2    0    0  |    0    0  0x2  0x8  |    0    0  0xa  0x5  |    0    0    0  0x3  |    0    0    0  0x4  |    0    0    0    0  |    0    0    0    0  |  0x2    0    0    0  |    0    0    0    0  | 
   0    0    0    0  |    0    0    0    0  |    0    0    0    0  |    0    0    0    0  |    0    0    0    0  |    0    0    0    0  |    0    0    0    0  |    0    0    0    0  |    0    0    0    0  |    0    0    0    0  |    0    0    0    0  |    0    0    0    0  |    0    0    0    0  |    0    0    0    0  |    0    0    0    0  |    0    0    0    0  |    0    0    0    0  |    0  0x6    0    0  |    0    0  0x2    0  |    0    0  0x8    0  |    0    0    0    0  |    0    0    0    0  |    0    0    0    0  |    0    0    0    0  |    0    0    0    0  |    0    0    0    0  |    0    0    0    0  |    0    0    0    0  | 
   0    0    0    0  |    0    0    0    0  |    0    0    0    0  |    0    0    0    0  |    0    0    0    0  |    0    0    0    0  |    0    0    0    0  |    0    0    0    0  |    0    0    0    0  |    0    0    0    0  |    0    0    0    0  |    0    0    0    0  |    0    0    0    0  |    0    0    0    0  |    0    0    0    0  |    0    0    0    0  |    0    0    0    0  |    0    0    0    0  |    0    0    0    0  |    0    0    0    0  |    0    0    0    0  |    0    0    0    0  |    0    0    0    0  |    0    0    0    0  |    0    0    0    0  |    0    0    0    0  |    0    0    0    0  |    0    0    0    0  | 
   0    0    0    0  |    0    0    0    0  |    0    0    0    0  |    0    0    0    0  |    0    0    0    0  |    0    0    0  0x1  |    0    0    0  0x1  |    0    0    0  0x8  |  0x8    0    0    0  |    0    0    0    0  |    0    0    0    0  |    0    0    0    0  |    0    0    0    0  |    0    0    0    0  |    0    0    0    0  |    0    0    0    0  |    0    0    0    0  |    0    0    0    0  |    0    0    0    0  |    0    0    0    0  |    0    0    0    0  |    0    0    0    0  |    0    0    0  0xc  |    0    0    0  0x1  |    0    0    0  0x5  |    0    0    0  0x2  |    0    0    0    0  |    0    0    0    0  | 
------------------------
   0    0    0    0  |    0    0    0    0  |    0    0    0    0  |    0    0    0    0  |    0    0    0    0  |    0    0    0    0  |    0    0    0    0  |    0    0    0    0  |    0    0    0    0  |    0  0x1    0    0  |    0  0x1    0    0  |    0  0x8    0    0  |    0    0    0    0  |    0    0    0    0  |    0    0    0    0  |    0    0    0    0  |    0    0    0    0  |    0    0    0    0  |    0    0    0    0  |    0    0    0    0  |    0    0  0x4  0x8  |    0    0  0x2  0x1  |    0    0    0  0x3  |    0    0    0    0  |    0    0    0    0  |    0    0    0    0  |    0    0    0    0  |    0    0    0    0  | 
   0    0    0    0  |    0    0    0    0  |    0    0    0    0  |    0    0    0    0  |    0    0    0    0  |    0    0    0    0  |    0    0    0    0  |    0    0    0    0  |    0    0    0    0  |    0    0    0    0  |    0    0    0    0  |    0    0    0    0  |    0    0    0    0  |    0    0    0    0  |    0    0    0    0  |    0    0    0    0  |    0    0    0    0  |    0    0    0    0  |    0    0    0    0  |    0    0  0xc    0  |    0    0    0    0  |    0    0    0    0  |    0    0    0    0  |    0    0    0    0  |    0    0    0    0  |    0    0    0    0  |    0    0    0    0  |    0    0    0    0  | 
   0    0    0    0  |    0    0    0    0  |    0    0    0    0  |    0    0    0    0  |    0    0    0    0  |    0    0    0    0  |    0    0    0    0  |    0    0    0    0  |    0    0    0    0  |    0    0    0    0  |    0    0    0    0  |    0    0    0    0  |    0    0    0    0  |    0    0    0    0  |    0    0    0    0  |    0    0    0    0  |    0    0    0    0  |    0    0    0    0  |    0    0    0    0  |    0    0    0    0  |    0    0    0    0  |    0    0    0    0  |    0    0    0    0  |    0    0    0    0  |    0    0    0    0  |    0    0    0    0  |    0    0    0    0  |    0    0    0    0  | 
   0    0    0    0  |    0    0    0    0  |    0    0    0    0  |    0    0    0    0  |    0    0    0    0  |    0    0    0  0x1  |    0    0    0  0x1  |    0    0    0  0x8  |  0x8    0    0    0  |    0    0    0    0  |    0    0    0    0  |    0    0    0    0  |    0    0  0x8    0  |    0    0    0    0  |    0    0    0    0  |    0    0    0    0  |    0    0    0    0  |    0    0    0    0  |    0    0    0    0  |    0    0    0    0  |    0    0    0    0  |    0    0    0    0  |    0    0    0    0  |    0    0    0    0  |    0    0    0    0  |    0    0    0    0  |    0    0    0    0  |    0    0    0    0  | 
------------------------
   0    0    0    0  |    0    0    0    0  |    0    0    0    0  |    0    0    0    0  |    0    0    0    0  |    0    0    0    0  |    0    0    0    0  |    0    0    0    0  |    0    0    0    0  |    0    0    0    0  |    0    0    0    0  |    0    0    0    0  |    0    0    0    0  |    0    0    0    0  |    0    0    0    0  |    0    0    0    0  |    0    0    0    0  |    0    0    0    0  |    0  0x8    0    0  |    0    0    0    0  |    0    0  0x4  0x8  |    0    0  0x2  0x1  |    0    0    0  0x3  |    0    0    0    0  |    0    0    0    0  |    0    0    0    0  |    0    0    0    0  |    0    0    0    0  | 
   0    0    0    0  |    0    0    0    0  |    0    0    0    0  |    0    0    0    0  |    0    0    0    0  |    0    0    0    0  |    0    0    0    0  |    0    0    0    0  |    0    0    0    0  |    0    0    0    0  |    0    0    0    0  |    0    0    0    0  |    0    0    0    0  |    0    0    0    0  |    0    0    0    0  |  0x1    0    0    0  |  0x1    0    0    0  |  0x8    0    0    0  |    0    0    0    0  |    0    0  0xc    0  |    0    0    0    0  |    0    0    0    0  |    0    0    0    0  |    0    0    0    0  |    0    0    0    0  |    0    0    0    0  |    0    0    0    0  |    0    0    0    0  | 
   0    0    0    0  |    0    0    0    0  |    0    0    0    0  |    0    0    0    0  |    0    0    0    0  |    0    0    0    0  |    0    0    0  0x8  |    0    0    0    0  |    0    0    0    0  |    0    0    0    0  |    0    0    0    0  |    0    0    0    0  |    0    0    0    0  |    0    0    0    0  |    0    0    0    0  |    0    0    0    0  |    0    0    0    0  |    0    0    0    0  |    0    0    0    0  |    0    0    0    0  |    0    0    0    0  |    0    0    0    0  |    0    0    0    0  |    0    0    0    0  |    0    0    0    0  |    0    0    0    0  |    0    0    0    0  |    0    0    0    0  | 
   0    0    0    0  |    0    0    0    0  |    0    0    0    0  |    0    0  0x1    0  |    0    0  0x1    0  |    0    0  0x8    0  |    0    0    0    0  |    0    0    0    0  |    0    0    0    0  |    0    0    0    0  |    0    0    0    0  |    0    0    0    0  |    0    0    0    0  |    0    0    0    0  |    0    0    0    0  |    0    0    0    0  |    0    0    0    0  |    0    0    0    0  |    0    0    0    0  |    0    0    0    0  |    0    0    0    0  |    0    0    0    0  |    0    0    0    0  |    0    0    0    0  |    0    0    0    0  |    0    0    0    0  |    0    0    0    0  |    0    0    0    0  | 
------------------------
   0    0    0    0  |    0    0    0    0  |    0    0    0    0  |    0    0    0    0  |    0    0    0    0  |    0    0    0    0  |    0    0    0    0  |  0x1    0    0    0  |  0x1    0    0    0  |  0x8    0    0    0  |    0    0    0    0  |    0    0    0    0  |    0    0    0    0  |    0    0    0    0  |    0    0    0    0  |    0    0    0    0  |    0    0    0    0  |    0    0    0    0  |    0  0x8    0    0  |    0    0    0    0  |    0    0    0    0  |    0    0    0    0  |    0    0    0    0  |    0    0    0    0  |    0    0    0    0  |    0    0    0    0  |    0    0    0    0  |    0    0    0    0  | 
   0    0    0    0  |    0    0    0    0  |    0    0    0    0  |    0    0    0    0  |    0    0    0    0  |    0    0    0    0  |    0    0    0    0  |    0    0    0    0  |    0    0    0    0  |    0    0    0    0  |    0    0    0    0  |    0    0    0    0  |    0    0    0    0  |    0    0    0    0  |    0    0    0    0  |  0x1    0    0    0  |  0x1    0    0    0  |  0x8    0    0    0  |    0    0    0    0  |    0    0    0    0  |    0    0    0    0  |    0    0    0    0  |    0    0    0    0  |    0    0    0    0  |    0    0    0    0  |    0    0    0    0  |    0    0    0    0  |    0    0    0    0  | 
   0    0    0    0  |    0    0    0    0  |    0    0    0    0  |    0    0    0    0  |    0    0    0    0  |    0    0    0    0  |    0    0    0    0  |    0    0    0    0  |    0    0    0    0  |    0    0    0    0  |    0    0    0    0  |    0    0    0    0  |    0    0    0    0  |    0    0    0    0  |    0    0    0    0  |    0    0    0    0  |    0    0    0    0  |    0    0    0    0  |    0    0    0    0  |    0    0    0    0  |    0    0    0    0  |    0    0    0    0  |    0    0    0    0  |    0    0    0    0  |    0    0    0    0  |    0    0    0    0  |    0    0    0    0  |    0    0    0    0  | 
   0    0    0    0  |    0    0    0    0  |    0    0    0    0  |    0    0    0    0  |    0    0    0    0  |    0    0    0    0  |    0    0    0    0  |    0    0    0    0  |    0    0    0    0  |    0    0    0    0  |    0  0x8    0    0  |    0    0    0    0  |    0    0    0    0  |    0    0    0    0  |    0    0    0    0  |    0    0    0    0  |    0    0    0    0  |    0    0    0    0  |    0    0    0    0  |    0    0    0    0  |    0    0    0    0  |    0    0    0    0  |    0    0    0    0  |    0    0    0    0  |    0    0    0    0  |    0    0    0    0  |    0    0    0    0  |    0    0    0    0  | 
------------------------
   0    0    0    0  |    0    0    0    0  |    0    0    0    0  |    0    0    0    0  |    0    0    0    0  |    0    0    0    0  |    0    0    0    0  |    0    0    0    0  |    0    0    0    0  |    0    0    0    0  |    0    0    0    0  |    0    0  0x1    0  |    0    0  0x1    0  |    0    0  0x8    0  |    0    0    0    0  |    0    0    0    0  |    0    0    0    0  |    0    0    0    0  |    0  0x8    0    0  |    0    0    0    0  |    0    0  0x4  0x8  |    0    0  0x2  0x1  |    0    0    0  0x3  |    0    0    0    0  |    0    0    0    0  |    0    0    0    0  |    0    0    0    0  |    0    0    0    0  | 
   0    0    0    0  |    0    0    0    0  |    0    0    0    0  |    0    0    0    0  |    0    0    0    0  |    0    0    0    0  |    0    0    0    0  |    0    0    0    0  |    0    0    0    0  |    0    0    0    0  |    0    0    0    0  |    0    0    0    0  |    0    0    0    0  |    0    0    0    0  |    0    0    0    0  |  0x1    0    0    0  |  0x1    0    0    0  |  0x8    0    0    0  |    0    0    0    0  |    0    0  0xc    0  |    0    0    0    0  |    0    0    0    0  |    0    0    0    0  |    0    0    0    0  |    0    0    0    0  |    0    0    0    0  |    0    0    0    0  |    0    0    0    0  | 
   0    0    0    0  |    0    0    0    0  |    0    0    0    0  |    0    0    0    0  |    0    0    0    0  |    0    0    0    0  |    0    0    0    0  |    0    0    0    0  |    0    0    0    0  |    0    0    0    0  |    0    0    0    0  |    0    0    0    0  |    0    0    0    0  |    0    0    0    0  |    0    0    0    0  |    0    0    0    0  |    0    0    0    0  |    0    0    0    0  |    0    0    0    0  |    0    0    0    0  |    0    0    0    0  |    0    0    0    0  |    0    0    0    0  |    0    0    0    0  |    0    0    0    0  |    0    0    0    0  |    0    0    0    0  |    0    0    0    0  | 
   0    0    0    0  |    0    0    0    0  |    0    0    0    0  |    0    0    0    0  |    0    0    0    0  |    0    0    0    0  |    0    0    0    0  |    0    0    0    0  |    0    0    0    0  |    0    0    0    0  |    0    0    0    0  |    0    0    0    0  |    0    0    0    0  |    0    0    0    0  |    0    0    0  0x8  |    0    0    0    0  |    0    0    0    0  |    0    0    0    0  |    0    0    0    0  |    0    0    0    0  |    0    0    0    0  |    0    0    0    0  |    0    0    0    0  |    0    0    0    0  |    0    0    0    0  |    0    0    0    0  |    0    0    0    0  |    0    0    0    0  | 
------------------------
   0    0    0    0  |    0    0    0    0  |    0    0    0    0  |    0    0    0    0  |    0    0    0    0  |    0    0    0    0  |    0    0    0    0  |  0x1    0    0    0  |  0x1    0    0    0  |  0x8    0    0    0  |    0    0    0    0  |    0    0    0    0  |    0    0    0    0  |    0    0    0    0  |    0    0    0    0  |    0    0    0    0  |    0    0    0    0  |    0    0    0    0  |    0    0    0    0  |    0    0    0    0  |    0    0  0x4  0x8  |    0    0  0x2  0x1  |    0    0    0  0x3  |    0    0    0    0  |    0    0    0    0  |    0    0    0    0  |    0    0    0    0  |    0    0    0    0  | 
   0    0    0    0  |    0    0    0    0  |    0    0    0    0  |    0    0    0    0  |    0    0    0    0  |    0    0    0    0  |    0    0    0    0  |    0    0    0    0  |    0    0    0    0  |    0    0    0    0  |    0    0    0    0  |    0    0    0    0  |    0    0    0    0  |    0    0    0    0  |    0    0    0    0  |    0    0    0    0  |    0    0    0    0  |    0    0    0    0  |    0    0    0    0  |    0    0  0xc    0  |    0    0    0    0  |    0    0    0    0  |    0    0    0    0  |    0    0    0    0  |    0    0    0    0  |    0    0    0    0  |    0    0    0    0  |    0    0    0    0  | 
   0    0    0    0  |    0    0    0    0  |    0    0    0    0  |    0    0    0    0  |    0    0    0    0  |    0    0    0    0  |    0    0    0  0x8  |    0    0    0    0  |    0    0    0    0  |    0    0    0    0  |    0    0    0    0  |    0    0    0    0  |    0    0    0    0  |    0    0    0    0  |    0    0    0    0  |    0    0    0    0  |    0    0    0    0  |    0    0    0    0  |    0    0    0    0  |    0    0    0    0  |    0    0    0    0  |    0    0    0    0  |    0    0    0    0  |    0    0    0    0  |    0    0    0    0  |    0    0    0    0  |    0    0    0    0  |    0    0    0    0  | 
   0    0    0    0  |    0    0    0    0  |    0    0    0    0  |    0    0  0x1    0  |    0    0  0x1    0  |    0    0  0x8    0  |    0    0    0    0  |    0    0    0    0  |    0    0    0    0  |    0    0    0    0  |    0  0x8    0    0  |    0    0    0    0  |    0    0    0    0  |    0    0    0    0  |    0    0    0    0  |    0    0    0    0  |    0    0    0    0  |    0    0    0    0  |    0    0    0    0  |    0    0    0    0  |    0    0    0    0  |    0    0    0    0  |    0    0    0    0  |    0    0    0    0  |    0    0    0    0  |    0    0    0    0  |    0    0    0    0  |    0    0    0    0  | 
------------------------
   0    0    0    0  |    0    0    0    0  |    0    0    0    0  |    0    0    0    0  |    0    0    0    0  |    0    0    0    0  |    0    0    0    0  |    0    0    0    0  |    0    0    0    0  |    0    0    0    0  |    0    0    0    0  |    0    0  0x1    0  |    0    0  0x1    0  |    0    0  0x8    0  |    0    0    0    0  |    0    0    0    0  |    0    0    0    0  |    0    0    0    0  |    0  0x4    0    0  |    0  0x2    0    0  |    0    0  0x6    0  |    0    0  0x8  0x4  |    0    0    0    0  |    0    0    0  0x4  |    0    0    0    0  |    0    0    0    0  |  0x2    0    0    0  |    0    0    0    0  | 
   0    0    0    0  |    0    0    0    0  |    0    0    0    0  |    0    0    0    0  |    0    0    0    0  |    0    0    0    0  |    0    0    0    0  |    0    0    0    0  |    0    0    0    0  |    0    0    0    0  |    0    0    0    0  |    0    0    0    0  |    0    0    0    0  |    0    0    0    0  |    0    0    0    0  |    0    0    0    0  |    0    0    0    0  |    0  0x6    0    0  |    0    0  0x2    0  |    0    0  0x4    0  |    0    0    0    0  |    0    0    0    0  |    0    0    0    0  |    0    0    0    0  |    0    0    0    0  |    0    0    0    0  |    0    0    0    0  |    0    0    0    0  | 
   0    0    0    0  |    0    0    0    0  |    0    0    0    0  |    0    0    0    0  |    0    0    0    0  |    0    0    0    0  |    0    0    0    0  |    0    0    0    0  |    0    0    0    0  |    0    0    0    0  |    0    0    0    0  |    0    0    0    0  |    0    0    0    0  |    0    0    0    0  |    0    0    0    0  |    0    0    0    0  |    0    0    0    0  |    0    0    0    0  |    0    0    0    0  |    0    0    0    0  |    0    0    0    0  |    0    0    0    0  |    0    0    0    0  |    0    0    0    0  |    0    0    0    0  |    0    0    0    0  |    0    0    0    0  |    0    0    0    0  | 
   0    0    0    0  |    0    0    0    0  |    0    0    0    0  |    0    0    0    0  |    0    0    0    0  |    0    0    0    0  |    0    0    0    0  |    0    0    0    0  |    0    0    0    0  |    0    0    0    0  |    0    0    0    0  |    0    0    0    0  |    0    0    0    0  |    0    0    0    0  |    0    0    0  0x8  |    0    0    0    0  |    0    0    0    0  |    0    0    0    0  |    0    0    0    0  |    0    0    0    0  |    0    0    0    0  |    0    0    0    0  |    0    0    0  0xc  |    0    0    0  0x1  |    0    0    0  0x5  |    0    0    0  0x2  |    0    0    0    0  |    0    0    0    0  | 
------------------------
   0    0    0    0  |    0    0    0    0  |    0    0    0    0  |    0    0    0    0  |    0    0    0    0  |    0    0    0    0  |    0    0    0    0  |    0    0    0    0  |    0    0    0    0  |    0    0    0    0  |    0    0    0    0  |    0    0  0x1    0  |    0    0  0x1    0  |    0    0  0x8    0  |    0    0    0    0  |    0    0    0    0  |    0    0    0    0  |    0    0    0    0  |    0  0x4    0    0  |    0  0x2    0    0  |    0    0  0x6    0  |    0    0  0x8    0  |    0    0    0    0  |    0    0    0  0x4  |  0x2    0    0    0  |    0    0    0    0  |  0x2    0    0    0  |    0    0    0    0  | 
   0    0    0    0  |    0    0    0    0  |    0    0    0    0  |    0    0    0    0  |    0    0    0    0  |    0    0    0    0  |    0    0    0    0  |    0    0    0    0  |    0    0    0    0  |    0    0    0    0  |    0    0    0    0  |    0    0    0    0  |    0    0    0    0  |    0    0    0    0  |    0    0    0    0  |    0    0    0    0  |    0    0    0    0  |    0  0x6    0    0  |    0    0  0x2    0  |    0    0  0x4    0  |    0    0    0    0  |    0    0    0    0  |    0    0    0    0  |    0    0    0    0  |    0    0    0    0  |    0    0    0    0  |    0    0    0    0  |    0    0    0    0  | 
   0    0    0    0  |    0    0    0    0  |    0    0    0    0  |    0    0    0    0  |    0    0    0    0  |    0    0    0    0  |    0    0    0    0  |    0    0    0    0  |    0    0    0    0  |    0    0    0    0  |    0    0    0    0  |    0    0    0    0  |    0    0    0    0  |    0    0    0    0  |    0    0    0    0  |    0    0    0    0  |    0    0    0    0  |    0    0    0    0  |    0    0    0    0  |    0    0    0    0  |    0    0    0    0  |    0    0    0    0  |    0    0    0    0  |    0    0    0    0  |    0    0    0    0  |    0    0    0    0  |    0    0    0    0  |    0    0    0    0  | 
   0    0    0    0  |    0    0    0    0  |    0    0    0    0  |    0    0    0    0  |    0    0    0    0  |    0    0    0    0  |    0    0    0    0  |    0    0    0    0  |    0    0    0    0  |    0    0    0    0  |    0    0    0    0  |    0    0    0    0  |    0    0    0    0  |    0    0    0    0  |    0    0    0  0x8  |    0    0    0    0  |    0    0    0    0  |    0    0    0    0  |    0    0    0    0  |    0    0    0    0  |    0    0    0    0  |    0    0    0    0  |    0    0    0  0x8  |    0    0    0  0x3  |    0    0    0  0x5  |    0    0    0  0x2  |    0    0    0    0  |    0    0    0    0  | 
------------------------
   0    0    0    0  |    0    0    0    0  |    0    0    0    0  |    0    0    0    0  |    0    0    0    0  |    0    0    0    0  |    0    0    0    0  |    0    0    0    0  |    0    0    0    0  |    0    0    0    0  |    0    0    0    0  |    0    0  0x1    0  |    0    0  0x1    0  |    0    0  0x8    0  |    0    0    0    0  |    0    0    0    0  |    0    0    0    0  |    0    0    0    0  |    0  0x4    0    0  |    0  0x2    0    0  |    0    0  0x2  0x8  |    0    0  0xa  0x1  |    0    0    0  0x3  |    0    0    0  0x4  |  0x2    0    0    0  |    0    0    0    0  |  0x2    0    0    0  |    0    0    0    0  | 
   0    0    0    0  |    0    0    0    0  |    0    0    0    0  |    0    0    0    0  |    0    0    0    0  |    0    0    0    0  |    0    0    0    0  |    0    0    0    0  |    0    0    0    0  |    0    0    0    0  |    0    0    0    0  |    0    0    0    0  |    0    0    0    0  |    0    0    0    0  |    0    0    0    0  |    0    0    0    0  |    0    0    0    0  |    0  0x6    0    0  |    0    0  0x2    0  |    0    0  0x8    0  |    0    0    0    0  |    0    0    0    0  |    0    0    0    0  |    0    0    0    0  |    0    0    0    0  |    0    0    0    0  |    0    0    0    0  |    0    0    0    0  | 
   0    0    0    0  |    0    0    0    0  |    0    0    0    0  |    0    0    0    0  |    0    0    0    0  |    0    0    0    0  |    0    0    0    0  |    0    0    0    0  |    0    0    0    0  |    0    0    0    0  |    0    0    0    0  |    0    0    0    0  |    0    0    0    0  |    0    0    0    0  |    0    0    0    0  |    0    0    0    0  |    0    0    0    0  |    0    0    0    0  |    0    0    0    0  |    0    0    0    0  |    0    0    0    0  |    0    0    0    0  |    0    0    0    0  |    0    0    0    0  |    0    0    0    0  |    0    0    0    0  |    0    0    0    0  |    0    0    0    0  | 
   0    0    0    0  |    0    0    0    0  |    0    0    0    0  |    0    0    0    0  |    0    0    0    0  |    0    0    0    0  |    0    0    0    0  |    0    0    0    0  |    0    0    0    0  |    0    0    0    0  |    0    0    0    0  |    0    0    0    0  |    0    0    0    0  |    0    0    0    0  |    0    0    0  0x8  |    0    0    0    0  |    0    0    0    0  |    0    0    0    0  |    0    0    0    0  |    0    0    0    0  |    0    0    0    0  |    0    0    0    0  |    0    0    0  0x8  |    0    0    0  0x3  |    0    0    0  0x5  |    0    0    0  0x2  |    0    0    0    0  |    0    0    0    0  | 
------------------------
   0    0    0    0  |    0    0    0    0  |    0    0    0    0  |    0    0    0    0  |    0    0    0    0  |    0    0    0    0  |    0    0    0    0  |    0    0    0    0  |    0    0    0    0  |    0    0    0    0  |    0    0    0    0  |    0    0    0    0  |    0    0    0    0  |    0    0    0    0  |    0    0    0    0  |    0    0    0    0  |    0    0    0    0  |    0    0    0    0  |    0    0    0    0  |    0    0    0    0  |    0    0  0x4  0x8  |    0    0  0x2  0x1  |    0    0    0  0xb  |    0    0    0    0  |    0    0    0    0  |    0    0    0    0  |    0    0    0    0  |    0    0    0    0  | 
   0    0    0    0  |    0    0    0    0  |    0    0    0    0  |    0    0    0    0  |    0    0    0    0  |    0    0    0    0  |    0    0    0    0  |    0    0    0    0  |    0    0    0    0  |    0    0    0    0  |    0    0    0    0  |    0    0    0    0  |    0    0    0    0  |    0    0    0    0  |    0    0    0    0  |    0    0    0    0  |    0    0    0    0  |    0    0    0    0  |    0    0    0    0  |    0    0  0xd    0  |    0    0  0x1    0  |    0    0  0x8    0  |    0    0    0    0  |    0    0    0    0  |    0    0    0    0  |    0    0    0    0  |    0    0    0    0  |    0    0    0    0  | 
   0    0    0    0  |    0    0    0    0  |    0    0    0    0  |    0    0    0    0  |    0    0  0x8    0  |    0    0    0    0  |    0    0    0    0  |    0    0    0    0  |    0    0    0    0  |    0    0    0    0  |    0    0    0    0  |    0    0    0    0  |    0    0    0    0  |    0    0    0    0  |    0    0    0    0  |    0    0    0    0  |    0    0    0    0  |    0    0    0    0  |    0    0    0    0  |    0    0    0    0  |    0    0    0    0  |    0    0    0    0  |    0    0    0    0  |    0    0    0    0  |    0    0    0    0  |    0    0    0    0  |    0    0    0    0  |    0    0    0    0  | 
   0    0    0    0  |    0  0x1    0    0  |    0  0x1    0    0  |    0  0x8    0    0  |    0    0    0    0  |    0    0    0    0  |    0    0    0    0  |    0    0    0    0  |    0    0    0    0  |    0    0    0    0  |    0    0    0    0  |    0    0    0    0  |    0    0    0    0  |    0    0    0    0  |    0    0    0    0  |    0    0    0    0  |    0    0    0    0  |    0    0    0    0  |    0    0    0    0  |    0    0    0    0  |    0    0    0    0  |    0    0    0    0  |    0    0    0    0  |    0    0    0    0  |    0    0    0    0  |    0    0    0    0  |    0    0    0    0  |    0    0    0    0  | 
------------------------
   0    0    0    0  |    0    0    0    0  |    0    0    0    0  |    0    0    0    0  |    0    0    0    0  |    0    0    0    0  |    0    0    0    0  |    0    0    0    0  |    0    0    0    0  |    0    0    0    0  |    0    0    0    0  |    0    0    0    0  |    0    0    0    0  |    0    0    0    0  |    0    0    0    0  |    0    0    0    0  |    0  0x8    0    0  |    0  0x3    0    0  |    0  0x1  0xa    0  |    0    0  0x3    0  |    0    0  0x5  0xa  |    0    0  0x2  0x1  |    0    0    0  0x3  |    0    0    0    0  |    0    0    0    0  |    0    0    0    0  |    0    0    0    0  |    0    0    0    0  | 
   0    0    0    0  |    0    0    0    0  |    0    0    0    0  |    0    0    0    0  |    0    0    0    0  |    0    0    0    0  |    0    0    0    0  |    0    0    0    0  |    0    0    0    0  |    0    0    0    0  |    0    0    0    0  |    0    0    0    0  |    0    0    0    0  |    0    0    0    0  |    0    0    0    0  |  0x8    0    0    0  |    0    0    0    0  |    0  0x8    0    0  |    0    0    0    0  |    0    0  0xc    0  |    0    0    0    0  |    0    0    0    0  |    0    0    0    0  |    0    0    0    0  |    0    0    0    0  |    0    0    0    0  |    0    0    0    0  |    0    0    0    0  | 
   0    0    0    0  |    0    0    0    0  |    0    0    0    0  |    0    0    0    0  |    0    0    0    0  |    0    0    0    0  |    0    0    0  0x8  |    0    0    0    0  |    0    0    0    0  |    0    0    0    0  |    0    0    0    0  |    0    0    0    0  |    0    0    0    0  |    0    0    0    0  |    0    0    0    0  |    0    0    0    0  |    0    0    0    0  |    0    0    0    0  |    0    0    0    0  |    0    0    0    0  |    0    0    0    0  |    0    0    0    0  |    0    0    0    0  |    0    0    0    0  |    0    0    0    0  |    0    0    0    0  |    0    0    0    0  |    0    0    0    0  | 
   0    0    0    0  |    0    0    0    0  |    0    0    0    0  |    0    0  0x1    0  |    0    0  0x1    0  |    0    0  0x8    0  |    0    0    0    0  |    0    0    0    0  |    0    0    0    0  |    0    0    0    0  |    0    0    0    0  |    0    0    0    0  |    0    0    0    0  |    0    0    0    0  |    0    0    0    0  |    0    0    0    0  |    0    0    0    0  |    0    0    0    0  |    0    0    0    0  |    0    0    0    0  |    0    0    0    0  |    0    0    0    0  |    0    0    0    0  |    0    0    0    0  |    0    0    0    0  |    0    0    0    0  |    0    0    0    0  |    0    0    0    0  | 
------------------------
   0    0    0    0  |    0    0    0    0  |    0    0    0    0  |    0    0    0    0  |    0    0    0    0  |    0    0    0    0  |    0    0    0    0  |    0    0    0    0  |    0    0    0    0  |    0    0    0    0  |    0    0    0    0  |    0    0    0    0  |    0    0    0    0  |    0    0    0    0  |    0    0    0    0  |    0    0    0    0  |    0    0    0    0  |    0    0    0    0  |    0    0    0    0  |    0    0    0    0  |    0    0  0xc  0x8  |    0    0  0x2  0x1  |    0    0    0  0x3  |    0    0    0    0  |    0    0    0    0  |    0    0    0    0  |    0    0    0    0  |    0    0    0    0  | 
   0    0    0    0  |    0    0    0    0  |    0    0    0    0  |    0    0    0    0  |    0    0    0    0  |    0    0    0    0  |    0    0    0    0  |    0    0    0    0  |    0    0    0    0  |    0    0    0    0  |    0    0    0    0  |    0    0    0    0  |    0    0    0    0  |    0    0    0    0  |    0    0    0    0  |    0    0    0    0  |    0    0    0    0  |    0  0x1    0    0  |    0  0x1    0    0  |    0  0x8  0xc    0  |    0    0    0    0  |    0    0    0    0  |    0    0    0    0  |    0    0    0    0  |    0    0    0    0  |    0    0    0    0  |    0    0    0    0  |    0    0    0    0  | 
   0    0    0    0  |    0    0    0    0  |    0    0    0    0  |    0    0    0    0  |    0    0    0    0  |    0    0    0    0  |    0    0    0    0  |    0    0    0    0  |    0    0    0    0  |    0    0    0    0  |    0    0    0    0  |    0    0    0    0  |    0    0    0    0  |    0    0    0    0  |    0    0    0    0  |    0    0    0    0  |    0    0    0    0  |    0    0    0    0  |    0    0    0    0  |    0    0    0    0  |    0    0    0    0  |    0    0    0    0  |    0    0    0    0  |    0    0    0    0  |    0    0    0    0  |    0    0    0    0  |    0    0    0    0  |    0    0    0    0  | 
   0    0    0    0  |    0    0    0    0  |    0    0    0    0  |    0    0    0    0  |    0    0    0    0  |    0    0    0  0x1  |    0    0    0  0x1  |    0    0    0  0x8  |  0x8    0    0    0  |    0    0    0    0  |    0    0    0    0  |    0    0    0    0  |    0    0    0    0  |    0    0    0    0  |    0    0    0    0  |    0    0    0    0  |    0    0    0    0  |    0    0    0    0  |    0    0    0    0  |    0    0    0    0  |    0    0    0    0  |    0    0    0    0  |    0    0    0    0  |    0    0    0    0  |    0    0    0    0  |    0    0    0    0  |    0    0    0    0  |    0    0    0    0  | 
------------------------
   0    0    0    0  |    0    0    0    0  |    0    0    0    0  |    0    0    0    0  |    0    0    0    0  |    0    0    0    0  |    0    0    0    0  |  0x1    0    0    0  |  0x1    0    0    0  |  0x8    0    0    0  |    0    0    0    0  |    0    0    0    0  |    0    0    0    0  |    0    0    0    0  |    0    0    0    0  |    0    0    0    0  |    0  0x8    0    0  |    0  0x3    0    0  |    0  0x1  0xa    0  |    0    0  0x3    0  |    0    0  0x1  0x2  |    0    0    0    0  |    0    0    0    0  |    0    0    0    0  |    0    0    0    0  |    0    0    0    0  |    0    0    0    0  |    0    0    0    0  | 
   0    0    0    0  |    0    0    0    0  |    0    0    0    0  |    0    0    0    0  |    0    0    0    0  |    0    0    0    0  |    0    0    0    0  |    0    0    0    0  |    0    0    0    0  |    0    0    0    0  |    0    0    0    0  |    0    0    0    0  |    0    0    0    0  |    0    0    0    0  |    0    0    0    0  |  0x8    0    0    0  |    0    0    0    0  |    0  0x8    0    0  |    0    0    0    0  |    0    0    0    0  |    0    0    0    0  |    0    0    0    0  |    0    0    0    0  |    0    0    0    0  |    0    0    0    0  |    0    0    0    0  |    0    0    0    0  |    0    0    0    0  | 
   0    0    0    0  |    0    0    0    0  |    0    0    0    0  |    0    0    0    0  |    0    0    0    0  |    0    0    0    0  |    0    0    0    0  |    0    0    0    0  |    0    0    0    0  |    0    0    0    0  |    0    0    0    0  |    0    0    0    0  |    0    0    0    0  |    0    0    0    0  |    0    0    0    0  |    0    0    0    0  |    0    0    0    0  |    0    0    0    0  |    0    0    0    0  |    0    0    0    0  |    0    0    0    0  |    0    0    0    0  |    0    0    0    0  |    0    0    0    0  |    0    0    0    0  |    0    0    0    0  |    0    0    0    0  |    0    0    0    0  | 
   0    0    0    0  |    0    0    0    0  |    0    0    0    0  |    0    0    0    0  |    0    0    0    0  |    0    0    0    0  |    0    0    0    0  |    0    0    0    0  |    0    0    0    0  |    0    0    0    0  |    0  0x8    0    0  |    0    0    0    0  |    0    0    0    0  |    0    0    0    0  |    0    0    0    0  |    0    0    0    0  |    0    0    0    0  |    0    0    0    0  |    0    0    0    0  |    0    0    0    0  |    0    0    0    0  |    0    0    0    0  |    0    0    0    0  |    0    0    0    0  |    0    0    0    0  |    0    0    0    0  |    0    0    0    0  |    0    0    0    0  | 
------------------------
   0    0    0    0  |    0    0    0    0  |    0    0    0    0  |    0    0    0    0  |    0    0    0    0  |    0    0    0    0  |    0    0    0    0  |  0x1    0    0    0  |  0x1    0    0    0  |  0x8    0    0    0  |    0    0    0    0  |    0    0    0    0  |    0    0    0    0  |    0    0    0    0  |    0    0    0    0  |    0    0    0    0  |    0  0x8    0    0  |    0  0x3    0    0  |    0  0x1  0xa    0  |    0    0  0x3    0  |    0    0  0x5  0xa  |    0    0  0x2  0x1  |    0    0    0  0x3  |    0    0    0    0  |    0    0    0    0  |    0    0    0    0  |    0    0    0    0  |    0    0    0    0  | 
   0    0    0    0  |    0    0    0    0  |    0    0    0    0  |    0    0    0    0  |    0    0    0    0  |    0    0    0    0  |    0    0    0    0  |    0    0    0    0  |    0    0    0    0  |    0    0    0    0  |    0    0    0    0  |    0    0    0    0  |    0    0    0    0  |    0    0    0    0  |    0    0    0    0  |  0x8    0    0    0  |    0    0    0    0  |    0  0x8    0    0  |    0    0    0    0  |    0    0  0xc    0  |    0    0    0    0  |    0    0    0    0  |    0    0    0    0  |    0    0    0    0  |    0    0    0    0  |    0    0    0    0  |    0    0    0    0  |    0    0    0    0  | 
   0    0    0    0  |    0    0    0    0  |    0    0    0    0  |    0    0    0    0  |    0    0    0    0  |    0    0    0    0  |    0    0    0    0  |    0    0    0    0  |    0    0    0    0  |    0    0    0    0  |    0    0    0    0  |    0    0    0    0  |    0    0    0    0  |    0    0    0    0  |    0    0    0    0  |    0    0    0    0  |    0    0    0    0  |    0    0    0    0  |    0    0    0    0  |    0    0    0    0  |    0    0    0    0  |    0    0    0    0  |    0    0    0    0  |    0    0    0    0  |    0    0    0    0  |    0    0    0    0  |    0    0    0    0  |    0    0    0    0  | 
   0    0    0    0  |    0    0    0    0  |    0    0    0    0  |    0    0    0    0  |    0    0    0    0  |    0    0    0    0  |    0    0    0    0  |    0    0    0    0  |    0    0    0    0  |    0    0    0    0  |    0  0x8    0    0  |    0    0    0    0  |    0    0    0    0  |    0    0    0    0  |    0    0    0    0  |    0    0    0    0  |    0    0    0    0  |    0    0    0    0  |    0    0    0    0  |    0    0    0    0  |    0    0    0    0  |    0    0    0    0  |    0    0    0    0  |    0    0    0    0  |    0    0    0    0  |    0    0    0    0  |    0    0    0    0  |    0    0    0    0  | 
------------------------
   0    0    0    0  |    0    0    0    0  |    0    0    0    0  |    0    0    0    0  |    0    0    0    0  |    0    0    0    0  |    0    0    0    0  |  0x1    0    0    0  |  0x1    0    0    0  |  0x8    0    0    0  |    0    0    0    0  |    0    0    0    0  |    0    0    0    0  |    0    0    0    0  |    0    0    0    0  |    0    0    0    0  |    0    0    0    0  |    0    0    0    0  |    0    0    0    0  |    0    0    0    0  |    0    0  0x8    0  |    0    0    0    0  |    0    0    0    0  |    0    0    0    0  |    0    0    0    0  |    0    0    0    0  |    0    0    0    0  |    0    0    0    0  | 
   0    0    0    0  |    0    0    0    0  |    0    0    0    0  |    0    0    0    0  |    0    0    0    0  |    0    0    0    0  |    0    0    0    0  |    0    0    0    0  |    0    0    0    0  |    0    0    0    0  |    0    0    0    0  |    0    0    0    0  |    0    0    0    0  |    0    0    0    0  |    0    0    0    0  |    0    0    0    0  |    0    0    0    0  |    0  0x1    0    0  |    0  0x1    0    0  |    0  0x8    0    0  |    0    0    0    0  |    0    0    0    0  |    0    0    0    0  |    0    0    0    0  |    0    0    0    0  |    0    0    0    0  |    0    0    0    0  |    0    0    0    0  | 
   0    0    0    0  |    0    0    0    0  |    0    0    0    0  |    0    0    0    0  |    0    0    0    0  |    0    0    0    0  |    0    0    0    0  |    0    0    0    0  |    0    0    0    0  |    0    0    0    0  |    0    0    0    0  |    0    0    0    0  |    0    0    0    0  |    0    0    0    0  |    0    0    0    0  |    0    0    0    0  |    0    0    0    0  |    0    0    0    0  |    0    0    0    0  |    0    0    0    0  |    0    0    0    0  |    0    0    0    0  |    0    0    0    0  |    0    0    0    0  |    0    0    0    0  |    0    0    0    0  |    0    0    0    0  |    0    0    0    0  | 
   0    0    0    0  |    0    0    0    0  |    0    0    0    0  |    0    0    0    0  |    0    0    0    0  |    0    0    0    0  |    0    0    0    0  |    0    0    0    0  |    0    0    0    0  |    0    0    0    0  |    0  0x8    0    0  |    0    0    0    0  |    0    0    0    0  |    0    0    0    0  |    0    0    0    0  |    0    0    0    0  |    0    0    0    0  |    0    0    0    0  |    0    0    0    0  |    0    0    0    0  |    0    0    0    0  |    0    0    0    0  |    0    0    0    0  |    0    0    0    0  |    0    0    0    0  |    0    0    0    0  |    0    0    0    0  |    0    0    0    0  | 
------------------------
   0    0    0    0  |    0    0    0    0  |    0    0    0    0  |    0    0    0    0  |    0    0    0    0  |    0    0    0    0  |    0    0    0    0  |    0    0    0    0  |    0    0    0    0  |    0    0    0    0  |    0    0    0    0  |    0    0    0    0  |    0    0    0    0  |    0    0    0    0  |    0    0    0    0  |    0    0    0    0  |    0    0    0    0  |    0    0    0    0  |    0    0    0    0  |    0    0    0    0  |    0    0    0    0  |    0    0    0    0  |    0    0    0    0  |    0    0    0    0  |    0    0    0    0  |    0    0    0    0  |    0    0    0    0  |    0    0    0    0  | 
   0    0    0    0  |    0    0    0    0  |    0    0    0    0  |    0    0    0    0  |    0    0    0    0  |    0    0    0    0  |    0    0    0    0  |    0    0    0    0  |    0    0    0    0  |    0    0    0    0  |    0    0    0    0  |    0    0    0    0  |    0    0    0    0  |    0    0    0    0  |    0    0    0    0  |    0    0    0    0  |    0    0    0    0  |    0    0    0    0  |    0    0    0    0  |    0    0    0    0  |    0    0    0    0  |    0    0    0    0  |    0    0    0    0  |    0    0    0    0  |    0    0    0    0  |    0    0    0    0  |    0    0    0    0  |    0    0    0    0  | 
   0    0    0    0  |    0    0    0    0  |    0    0    0    0  |    0    0    0    0  |    0    0  0x8    0  |    0    0    0    0  |    0    0    0  0x8  |    0    0    0    0  |    0    0    0    0  |    0    0    0    0  |    0    0    0    0  |    0    0    0    0  |    0    0    0    0  |    0    0    0    0  |    0    0    0    0  |    0    0    0    0  |    0    0    0    0  |    0    0    0    0  |    0    0    0    0  |    0    0    0    0  |    0    0    0    0  |    0    0    0    0  |    0    0    0    0  |    0    0    0    0  |    0    0    0    0  |    0    0    0    0  |    0    0    0    0  |    0    0    0    0  | 
   0    0    0    0  |    0  0x1    0    0  |    0  0x1    0    0  |    0  0x8  0x1    0  |    0    0  0x1    0  |    0    0  0x8    0  |    0    0    0    0  |    0    0    0    0  |    0    0    0    0  |    0    0    0    0  |    0    0    0    0  |    0    0    0    0  |    0    0    0    0  |    0    0    0    0  |    0    0    0    0  |    0    0    0    0  |    0    0    0    0  |    0    0    0    0  |    0    0    0    0  |    0    0    0    0  |    0    0    0    0  |    0    0    0    0  |    0    0    0    0  |    0    0    0    0  |    0    0    0    0  |    0    0    0    0  |    0    0    0    0  |    0    0    0    0  | 
------------------------
   0    0    0    0  |    0    0    0    0  |    0    0    0    0  |    0    0    0    0  |    0    0    0    0  |    0    0    0    0  |    0    0    0    0  |    0    0    0    0  |    0    0    0    0  |    0    0    0    0  |    0    0    0    0  |    0    0    0    0  |    0    0    0    0  |    0    0    0    0  |    0    0    0    0  |    0    0    0    0  |    0    0    0    0  |    0    0    0    0  |    0    0    0    0  |    0    0    0    0  |    0    0    0    0  |    0    0    0    0  |    0    0    0    0  |    0    0    0    0  |    0    0    0    0  |    0    0    0    0  |    0    0    0    0  |    0    0    0    0  | 
   0    0    0    0  |    0    0    0    0  |    0    0    0    0  |    0    0    0    0  |    0    0    0    0  |    0    0    0    0  |    0    0    0    0  |    0    0    0    0  |    0    0    0    0  |    0    0    0    0  |    0    0    0    0  |    0    0    0    0  |    0    0    0    0  |    0    0    0    0  |    0    0    0    0  |    0    0    0    0  |    0    0    0    0  |    0    0    0    0  |    0    0    0    0  |    0    0    0    0  |    0    0    0    0  |    0    0    0    0  |    0    0    0    0  |    0    0    0    0  |    0    0    0    0  |    0    0    0    0  |    0    0    0    0  |    0    0    0    0  | 
   0    0    0    0  |    0    0    0    0  |    0    0    0    0  |    0    0    0    0  |    0    0  0x8    0  |    0    0    0    0  |    0    0    0    0  |    0    0    0    0  |    0    0    0    0  |    0    0    0    0  |    0    0    0    0  |    0    0    0    0  |    0    0    0    0  |    0    0    0    0  |    0    0    0    0  |    0    0    0    0  |    0    0    0    0  |    0    0    0    0  |    0    0    0    0  |    0    0    0    0  |    0    0    0    0  |    0    0    0    0  |    0    0    0    0  |    0    0    0    0  |    0    0    0    0  |    0    0    0    0  |    0    0    0    0  |    0    0    0    0  | 
   0    0    0    0  |    0  0x1    0    0  |    0  0x1    0    0  |    0  0x8    0    0  |    0    0    0    0  |    0    0    0  0x1  |    0    0    0  0x1  |    0    0    0  0x8  |  0x8    0    0    0  |    0    0    0    0  |    0    0    0    0  |    0    0    0    0  |    0    0    0    0  |    0    0    0    0  |    0    0    0    0  |    0    0    0    0  |    0    0    0    0  |    0    0    0    0  |    0    0    0    0  |    0    0    0    0  |    0    0    0    0  |    0    0    0    0  |    0    0    0    0  |    0    0    0    0  |    0    0    0    0  |    0    0    0    0  |    0    0    0    0  |    0    0    0    0  | 
------------------------
   0    0    0    0  |    0    0    0    0  |    0    0    0    0  |    0    0    0    0  |    0    0    0    0  |    0    0    0    0  |    0    0    0    0  |  0x1    0    0    0  |  0x1    0    0    0  |  0x8    0    0    0  |    0    0    0    0  |    0    0    0    0  |    0    0    0    0  |    0    0    0    0  |    0    0    0    0  |    0    0    0    0  |    0    0    0    0  |    0    0    0    0  |    0    0    0    0  |    0    0    0    0  |    0    0    0    0  |    0    0    0    0  |    0    0    0    0  |    0    0    0    0  |    0    0    0    0  |    0    0    0    0  |    0    0    0    0  |    0    0    0    0  | 
   0    0    0    0  |    0    0    0    0  |    0    0    0    0  |    0    0    0    0  |    0    0    0    0  |    0    0    0    0  |    0    0    0    0  |    0    0    0    0  |    0    0    0    0  |    0    0    0    0  |    0    0    0    0  |    0    0    0    0  |    0    0    0    0  |    0    0    0    0  |    0    0    0    0  |    0    0    0    0  |    0    0    0    0  |    0    0    0    0  |    0    0    0    0  |    0    0    0    0  |    0    0    0    0  |    0    0    0    0  |    0    0    0    0  |    0    0    0    0  |    0    0    0    0  |    0    0    0    0  |    0    0    0    0  |    0    0    0    0  | 
   0    0    0    0  |    0    0    0    0  |    0    0    0    0  |    0    0    0    0  |    0    0  0x8    0  |    0    0    0    0  |    0    0    0    0  |    0    0    0    0  |    0    0    0    0  |    0    0    0    0  |    0    0    0    0  |    0    0    0    0  |    0    0    0    0  |    0    0    0    0  |    0    0    0    0  |    0    0    0    0  |    0    0    0    0  |    0    0    0    0  |    0    0    0    0  |    0    0    0    0  |    0    0    0    0  |    0    0    0    0  |    0    0    0    0  |    0    0    0    0  |    0    0    0    0  |    0    0    0    0  |    0    0    0    0  |    0    0    0    0  | 
   0    0    0    0  |    0  0x1    0    0  |    0  0x1    0    0  |    0  0x8    0    0  |    0    0    0    0  |    0    0    0    0  |    0    0    0    0  |    0    0    0    0  |    0    0    0    0  |    0    0    0    0  |    0  0x8    0    0  |    0    0    0    0  |    0    0    0    0  |    0    0    0    0  |    0    0    0    0  |    0    0    0    0  |    0    0    0    0  |    0    0    0    0  |    0    0    0    0  |    0    0    0    0  |    0    0    0    0  |    0    0    0    0  |    0    0    0    0  |    0    0    0    0  |    0    0    0    0  |    0    0    0    0  |    0    0    0    0  |    0    0    0    0  | 
------------------------
   0    0    0    0  |    0    0    0    0  |    0    0    0    0  |    0    0    0    0  |    0    0    0    0  |    0    0    0    0  |    0    0    0    0  |    0    0    0    0  |    0    0    0    0  |    0    0    0    0  |    0    0    0    0  |    0    0    0    0  |    0    0    0    0  |    0    0    0  0x1  |    0    0    0  0x1  |    0    0    0  0x8  |  0x8    0    0    0  |    0    0    0    0  |    0    0    0    0  |    0    0    0    0  |    0    0  0x4  0x8  |    0    0  0x2  0x1  |    0    0    0  0x3  |    0    0    0    0  |    0    0    0    0  |    0    0    0    0  |    0    0    0    0  |    0    0    0    0  | 
   0    0    0    0  |    0    0    0    0  |    0    0    0    0  |    0    0    0    0  |    0    0    0    0  |    0    0    0    0  |    0    0    0    0  |    0    0    0    0  |    0    0    0    0  |    0    0    0    0  |    0    0    0    0  |    0    0    0    0  |    0    0    0    0  |    0    0    0    0  |    0    0    0    0  |    0    0    0    0  |    0    0    0    0  |    0    0    0    0  |    0    0    0    0  |    0    0  0xc    0  |    0    0    0    0  |    0    0    0    0  |    0    0    0    0  |    0    0    0    0  |    0    0    0    0  |    0    0    0    0  |    0    0    0    0  |    0    0    0    0  | 
   0    0    0    0  |    0    0    0    0  |    0    0    0    0  |    0    0    0    0  |    0    0    0    0  |    0    0    0    0  |    0    0    0    0  |    0    0    0    0  |    0    0    0    0  |    0    0    0    0  |    0    0    0    0  |    0    0    0    0  |    0    0    0    0  |    0    0    0    0  |    0    0    0    0  |    0    0    0    0  |    0    0    0    0  |    0    0    0    0  |    0    0    0    0  |    0    0    0    0  |    0    0    0    0  |    0    0    0    0  |    0    0    0    0  |    0    0    0    0  |    0    0    0    0  |    0    0    0    0  |    0    0    0    0  |    0    0    0    0  | 
   0    0    0    0  |    0    0    0    0  |    0    0    0    0  |    0    0    0    0  |    0    0    0    0  |    0    0    0  0x1  |    0    0    0  0x1  |    0    0    0  0x8  |  0x8    0    0    0  |    0    0    0    0  |    0    0    0    0  |    0    0    0    0  |    0    0    0    0  |    0    0    0    0  |    0    0    0    0  |    0    0    0    0  |    0    0    0    0  |    0    0    0    0  |    0    0    0    0  |    0    0    0    0  |    0    0    0    0  |    0    0    0    0  |    0    0    0    0  |    0    0    0    0  |    0    0    0    0  |    0    0    0    0  |    0    0    0    0  |    0    0    0    0  | 
------------------------
   0    0    0    0  |    0    0    0    0  |    0    0    0    0  |    0    0    0    0  |    0    0    0    0  |    0    0    0    0  |    0    0    0    0  |    0    0    0    0  |    0    0    0    0  |    0    0    0    0  |    0    0    0    0  |    0    0    0    0  |    0    0    0    0  |    0    0    0    0  |    0    0    0    0  |    0    0    0    0  |    0    0    0    0  |    0    0    0    0  |    0    0    0    0  |    0    0    0    0  |    0    0  0xc  0x8  |    0    0  0x2  0x1  |    0    0    0  0x3  |    0    0    0    0  |    0    0    0    0  |    0    0    0    0  |    0    0    0    0  |    0    0    0    0  | 
   0    0    0    0  |    0    0    0    0  |    0    0    0    0  |    0    0    0    0  |    0    0    0    0  |    0    0    0    0  |    0    0    0    0  |    0    0    0    0  |    0    0    0    0  |    0    0    0    0  |    0    0    0    0  |    0    0    0    0  |    0    0    0    0  |    0    0    0    0  |    0    0    0    0  |    0    0    0    0  |    0    0    0    0  |    0  0x1    0    0  |    0  0x1    0    0  |    0  0x8  0xc    0  |    0    0    0    0  |    0    0    0    0  |    0    0    0    0  |    0    0    0    0  |    0    0    0    0  |    0    0    0    0  |    0    0    0    0  |    0    0    0    0  | 
   0    0    0    0  |    0    0    0    0  |    0    0    0    0  |    0    0    0    0  |    0    0    0    0  |    0    0    0    0  |    0    0    0  0x8  |    0    0    0    0  |    0    0    0    0  |    0    0    0    0  |    0    0    0    0  |    0    0    0    0  |    0    0    0    0  |    0    0    0    0  |    0    0    0    0  |    0    0    0    0  |    0    0    0    0  |    0    0    0    0  |    0    0    0    0  |    0    0    0    0  |    0    0    0    0  |    0    0    0    0  |    0    0    0    0  |    0    0    0    0  |    0    0    0    0  |    0    0    0    0  |    0    0    0    0  |    0    0    0    0  | 
   0    0    0    0  |    0    0    0    0  |    0    0    0    0  |    0    0  0x1    0  |    0    0  0x1    0  |    0    0  0x8    0  |    0    0    0    0  |    0    0    0    0  |    0    0    0    0  |    0    0    0    0  |    0    0    0    0  |    0    0    0    0  |    0    0    0    0  |    0    0    0    0  |    0    0    0    0  |    0    0    0    0  |    0    0    0    0  |    0    0    0    0  |    0    0    0    0  |    0    0    0    0  |    0    0    0    0  |    0    0    0    0  |    0    0    0    0  |    0    0    0    0  |    0    0    0    0  |    0    0    0    0  |    0    0    0    0  |    0    0    0    0  | 
------------------------
   0    0    0    0  |    0    0    0    0  |    0    0    0    0  |    0    0    0    0  |    0    0    0    0  |    0    0    0    0  |    0    0    0    0  |    0    0    0    0  |    0    0    0    0  |    0    0    0    0  |    0    0    0    0  |    0    0    0    0  |    0    0    0    0  |    0    0    0  0x1  |    0    0    0  0x1  |    0    0    0  0x8  |  0x8    0    0    0  |    0    0    0    0  |    0    0    0    0  |    0    0    0    0  |    0    0  0x4  0x8  |    0    0  0x2  0x1  |    0    0    0  0x3  |    0    0    0    0  |    0    0    0    0  |    0    0    0    0  |    0    0    0    0  |    0    0    0    0  | 
   0    0    0    0  |    0    0    0    0  |    0    0    0    0  |    0    0    0    0  |    0    0    0    0  |    0    0    0    0  |    0    0    0    0  |    0    0    0    0  |    0    0    0    0  |    0    0    0    0  |    0    0    0    0  |    0    0    0    0  |    0    0    0    0  |    0    0    0    0  |    0    0    0    0  |    0    0    0    0  |    0    0    0    0  |    0    0    0    0  |    0    0    0    0  |    0    0  0xc    0  |    0    0    0    0  |    0    0    0    0  |    0    0    0    0  |    0    0    0    0  |    0    0    0    0  |    0    0    0    0  |    0    0    0    0  |    0    0    0    0  | 
   0    0    0    0  |    0    0    0    0  |    0    0    0    0  |    0    0    0    0  |    0    0    0    0  |    0    0    0    0  |    0    0    0  0x8  |    0    0    0    0  |    0    0    0    0  |    0    0    0    0  |    0    0    0    0  |    0    0    0    0  |    0    0    0    0  |    0    0    0    0  |    0    0    0    0  |    0    0    0    0  |    0    0    0    0  |    0    0    0    0  |    0    0    0    0  |    0    0    0    0  |    0    0    0    0  |    0    0    0    0  |    0    0    0    0  |    0    0    0    0  |    0    0    0    0  |    0    0    0    0  |    0    0    0    0  |    0    0    0    0  | 
   0    0    0    0  |    0    0    0    0  |    0    0    0    0  |    0    0  0x1    0  |    0    0  0x1    0  |    0    0  0x8    0  |    0    0    0    0  |    0    0    0    0  |    0    0    0    0  |    0    0    0    0  |    0    0    0    0  |    0    0    0    0  |    0    0    0    0  |    0    0    0    0  |    0    0    0    0  |    0    0    0    0  |    0    0    0    0  |    0    0    0    0  |    0    0    0    0  |    0    0    0    0  |    0    0    0    0  |    0    0    0    0  |    0    0    0    0  |    0    0    0    0  |    0    0    0    0  |    0    0    0    0  |    0    0    0    0  |    0    0    0    0  | 
------------------------
   0    0    0    0  |    0    0    0    0  |    0    0    0    0  |    0    0    0    0  |    0    0    0    0  |    0    0    0    0  |    0    0    0    0  |    0    0    0    0  |    0    0    0    0  |    0    0    0    0  |    0    0    0    0  |    0    0    0    0  |    0    0    0    0  |    0    0    0    0  |    0    0    0    0  |    0    0    0    0  |    0    0    0    0  |    0    0    0    0  |    0  0x4    0    0  |    0  0x2    0    0  |    0    0  0x6    0  |    0    0  0x8  0x4  |    0    0    0  0x8  |    0    0    0  0x4  |    0    0    0    0  |    0    0    0    0  |  0x2    0    0    0  |    0    0    0    0  | 
   0    0    0    0  |    0    0    0    0  |    0    0    0    0  |    0    0    0    0  |    0    0    0    0  |    0    0    0    0  |    0    0    0    0  |    0    0    0    0  |    0    0    0    0  |    0    0    0    0  |    0    0    0    0  |    0    0    0    0  |    0    0    0    0  |    0    0    0    0  |    0    0    0    0  |    0    0    0    0  |    0    0    0    0  |    0  0x6    0    0  |    0    0  0x2    0  |    0    0  0x5    0  |    0    0  0x1    0  |    0    0  0x8    0  |    0    0    0    0  |    0    0    0    0  |    0    0    0    0  |    0    0    0    0  |    0    0    0    0  |    0    0    0    0  | 
   0    0    0    0  |    0    0    0    0  |    0    0    0    0  |    0    0    0    0  |    0    0    0    0  |    0    0    0    0  |    0    0    0    0  |    0    0    0    0  |    0    0    0    0  |    0    0    0    0  |    0    0    0    0  |    0    0    0    0  |    0    0    0    0  |    0    0    0    0  |    0    0    0    0  |    0    0    0    0  |    0    0    0    0  |    0    0    0    0  |    0    0    0    0  |    0    0    0    0  |    0    0    0    0  |    0    0    0    0  |    0    0    0    0  |    0    0    0    0  |    0    0    0    0  |    0    0    0    0  |    0    0    0    0  |    0    0    0    0  | 
   0    0    0    0  |    0    0    0    0  |    0    0    0    0  |    0    0    0    0  |    0    0    0    0  |    0    0    0    0  |    0    0    0    0  |    0    0    0    0  |    0    0    0    0  |    0    0    0    0  |    0    0    0    0  |    0    0    0    0  |    0    0    0    0  |    0    0    0    0  |    0    0    0    0  |    0    0    0    0  |    0    0    0    0  |    0    0    0    0  |    0    0    0    0  |    0    0    0    0  |    0    0    0    0  |    0    0    0    0  |    0    0    0  0xc  |    0    0    0  0x1  |    0    0    0  0x5  |    0    0    0  0x2  |    0    0    0    0  |    0    0    0    0  | 
------------------------
   0    0    0    0  |    0    0    0    0  |    0    0    0    0  |    0    0    0    0  |    0    0    0    0  |    0    0    0    0  |    0    0    0    0  |    0    0    0    0  |    0    0    0    0  |    0    0    0    0  |    0    0    0    0  |    0    0    0    0  |    0    0    0    0  |    0    0    0    0  |    0    0    0    0  |    0    0    0    0  |    0    0    0    0  |    0    0    0    0  |    0  0x4    0    0  |    0  0x2    0    0  |    0    0  0x6    0  |    0    0  0x8    0  |    0    0    0  0x8  |    0    0    0  0x4  |  0x2    0    0    0  |    0    0    0    0  |  0x2    0    0    0  |    0    0    0    0  | 
   0    0    0    0  |    0    0    0    0  |    0    0    0    0  |    0    0    0    0  |    0    0    0    0  |    0    0    0    0  |    0    0    0    0  |    0    0    0    0  |    0    0    0    0  |    0    0    0    0  |    0    0    0    0  |    0    0    0    0  |    0    0    0    0  |    0    0    0    0  |    0    0    0    0  |    0    0    0    0  |    0    0    0    0  |    0  0x6    0    0  |    0    0  0x2    0  |    0    0  0x5    0  |    0    0  0x1    0  |    0    0  0x8    0  |    0    0    0    0  |    0    0    0    0  |    0    0    0    0  |    0    0    0    0  |    0    0    0    0  |    0    0    0    0  | 
   0    0    0    0  |    0    0    0    0  |    0    0    0    0  |    0    0    0    0  |    0    0    0    0  |    0    0    0    0  |    0    0    0    0  |    0    0    0    0  |    0    0    0    0  |    0    0    0    0  |    0    0    0    0  |    0    0    0    0  |    0    0    0    0  |    0    0    0    0  |    0    0    0    0  |    0    0    0    0  |    0    0    0    0  |    0    0    0    0  |    0    0    0    0  |    0    0    0    0  |    0    0    0    0  |    0    0    0    0  |    0    0    0    0  |    0    0    0    0  |    0    0    0    0  |    0    0    0    0  |    0    0    0    0  |    0    0    0    0  | 
   0    0    0    0  |    0    0    0    0  |    0    0    0    0  |    0    0    0    0  |    0    0    0    0  |    0    0    0    0  |    0    0    0    0  |    0    0    0    0  |    0    0    0    0  |    0    0    0    0  |    0    0    0    0  |    0    0    0    0  |    0    0    0    0  |    0    0    0    0  |    0    0    0    0  |    0    0    0    0  |    0    0    0    0  |    0    0    0    0  |    0    0    0    0  |    0    0    0    0  |    0    0    0    0  |    0    0    0    0  |    0    0    0  0x8  |    0    0    0  0x3  |    0    0    0  0x5  |    0    0    0  0x2  |    0    0    0    0  |    0    0    0    0  | 
------------------------
   0    0    0    0  |    0    0    0    0  |    0    0    0    0  |    0    0    0    0  |    0    0    0    0  |    0    0    0    0  |    0    0    0    0  |    0    0    0    0  |    0    0    0    0  |    0    0    0    0  |    0    0    0    0  |    0    0    0    0  |    0    0    0    0  |    0    0    0    0  |    0    0    0    0  |    0    0    0    0  |    0    0    0    0  |    0    0    0    0  |    0  0x4    0    0  |    0  0x2    0    0  |    0    0  0x2  0x8  |    0    0  0xa  0x1  |    0    0    0  0xb  |    0    0    0  0x4  |  0x2    0    0    0  |    0    0    0    0  |  0x2    0    0    0  |    0    0    0    0  | 
   0    0    0    0  |    0    0    0    0  |    0    0    0    0  |    0    0    0    0  |    0    0    0    0  |    0    0    0    0  |    0    0    0    0  |    0    0    0    0  |    0    0    0    0  |    0    0    0    0  |    0    0    0    0  |    0    0    0    0  |    0    0    0    0  |    0    0    0    0  |    0    0    0    0  |    0    0    0    0  |    0    0    0    0  |    0  0x6    0    0  |    0    0  0x2    0  |    0    0  0x9    0  |    0    0  0x1    0  |    0    0  0x8    0  |    0    0    0    0  |    0    0    0    0  |    0    0    0    0  |    0    0    0    0  |    0    0    0    0  |    0    0    0    0  | 
   0    0    0    0  |    0    0    0    0  |    0    0    0    0  |    0    0    0    0  |    0    0    0    0  |    0    0    0    0  |    0    0    0    0  |    0    0    0    0  |    0    0    0    0  |    0    0    0    0  |    0    0    0    0  |    0    0    0    0  |    0    0    0    0  |    0    0    0    0  |    0    0    0    0  |    0    0    0    0  |    0    0    0    0  |    0    0    0    0  |    0    0    0    0  |    0    0    0    0  |    0    0    0    0  |    0    0    0    0  |    0    0    0    0  |    0    0    0    0  |    0    0    0    0  |    0    0    0    0  |    0    0    0    0  |    0    0    0    0  | 
   0    0    0    0  |    0    0    0    0  |    0    0    0    0  |    0    0    0    0  |    0    0    0    0  |    0    0    0    0  |    0    0    0    0  |    0    0    0    0  |    0    0    0    0  |    0    0    0    0  |    0    0    0    0  |    0    0    0    0  |    0    0    0    0  |    0    0    0    0  |    0    0    0    0  |    0    0    0    0  |    0    0    0    0  |    0    0    0    0  |    0    0    0    0  |    0    0    0    0  |    0    0    0    0  |    0    0    0    0  |    0    0    0  0x8  |    0    0    0  0x3  |    0    0    0  0x5  |    0    0    0  0x2  |    0    0    0    0  |    0    0    0    0  | 
------------------------
   0    0    0    0  |    0    0    0    0  |    0    0    0    0  |    0    0    0    0  |    0    0    0    0  |    0    0    0    0  |    0    0    0    0  |    0    0    0    0  |    0    0    0    0  |    0    0    0    0  |    0    0    0    0  |    0    0    0    0  |    0    0    0    0  |    0    0    0    0  |    0    0    0    0  |    0    0    0    0  |    0    0    0    0  |    0    0    0    0  |    0  0x4    0    0  |    0  0x2    0    0  |    0    0  0x2  0x8  |    0    0  0xa  0x5  |    0    0    0  0xb  |    0    0    0  0x4  |    0    0    0    0  |    0    0    0    0  |  0x2    0    0    0  |    0    0    0    0  | 
   0    0    0    0  |    0    0    0    0  |    0    0    0    0  |    0    0    0    0  |    0    0    0    0  |    0    0    0    0  |    0    0    0    0  |    0    0    0    0  |    0    0    0    0  |    0    0    0    0  |    0    0    0    0  |    0    0    0    0  |    0    0    0    0  |    0    0    0    0  |    0    0    0    0  |    0    0    0    0  |    0    0    0    0  |    0  0x6    0    0  |    0    0  0x2    0  |    0    0  0x9    0  |    0    0  0x1    0  |    0    0  0x8    0  |    0    0    0    0  |    0    0    0    0  |    0    0    0    0  |    0    0    0    0  |    0    0    0    0  |    0    0    0    0  | 
   0    0    0    0  |    0    0    0    0  |    0    0    0    0  |    0    0    0    0  |    0    0    0    0  |    0    0    0    0  |    0    0    0    0  |    0    0    0    0  |    0    0    0    0  |    0    0    0    0  |    0    0    0    0  |    0    0    0    0  |    0    0    0    0  |    0    0    0    0  |    0    0    0    0  |    0    0    0    0  |    0    0    0    0  |    0    0    0    0  |    0    0    0    0  |    0    0    0    0  |    0    0    0    0  |    0    0    0    0  |    0    0    0    0  |    0    0    0    0  |    0    0    0    0  |    0    0    0    0  |    0    0    0    0  |    0    0    0    0  | 
   0    0    0    0  |    0    0    0    0  |    0    0    0    0  |    0    0    0    0  |    0    0    0    0  |    0    0    0    0  |    0    0    0    0  |    0    0    0    0  |    0    0    0    0  |    0    0    0    0  |    0    0    0    0  |    0    0    0    0  |    0    0    0    0  |    0    0    0    0  |    0    0    0    0  |    0    0    0    0  |    0    0    0    0  |    0    0    0    0  |    0    0    0    0  |    0    0    0    0  |    0    0    0    0  |    0    0    0    0  |    0    0    0  0xc  |    0    0    0  0x1  |    0    0    0  0x5  |    0    0    0  0x2  |    0    0    0    0  |    0    0    0    0  | 
------------------------
   0    0    0    0  |    0    0    0    0  |    0    0    0    0  |    0    0    0    0  |    0    0    0    0  |    0    0    0    0  |    0    0    0    0  |  0x1    0    0    0  |  0x1    0    0    0  |  0x8    0    0    0  |    0    0    0    0  |    0    0    0    0  |    0    0    0    0  |    0    0    0    0  |    0    0    0    0  |    0    0    0    0  |    0    0    0    0  |    0    0    0    0  |    0    0    0    0  |    0    0    0    0  |    0    0  0xc  0x8  |    0    0  0x2  0x1  |    0    0    0  0x3  |    0    0    0    0  |    0    0    0    0  |    0    0    0    0  |    0    0    0    0  |    0    0    0    0  | 
   0    0    0    0  |    0    0    0    0  |    0    0    0    0  |    0    0    0    0  |    0    0    0    0  |    0    0    0    0  |    0    0    0    0  |    0    0    0    0  |    0    0    0    0  |    0    0    0    0  |    0    0    0    0  |    0    0    0    0  |    0    0    0    0  |    0    0    0    0  |    0    0    0    0  |    0    0    0    0  |    0    0    0    0  |    0  0x1    0    0  |    0  0x1    0    0  |    0  0x8  0xc    0  |    0    0    0    0  |    0    0    0    0  |    0    0    0    0  |    0    0    0    0  |    0    0    0    0  |    0    0    0    0  |    0    0    0    0  |    0    0    0    0  | 
   0    0    0    0  |    0    0    0    0  |    0    0    0    0  |    0    0    0    0  |    0    0    0    0  |    0    0    0    0  |    0    0    0    0  |    0    0    0    0  |    0    0    0    0  |    0    0    0    0  |    0    0    0    0  |    0    0    0    0  |    0    0    0    0  |    0    0    0    0  |    0    0    0    0  |    0    0    0    0  |    0    0    0    0  |    0    0    0    0  |    0    0    0    0  |    0    0    0    0  |    0    0    0    0  |    0    0    0    0  |    0    0    0    0  |    0    0    0    0  |    0    0    0    0  |    0    0    0    0  |    0    0    0    0  |    0    0    0    0  | 
   0    0    0    0  |    0    0    0    0  |    0    0    0    0  |    0    0    0    0  |    0    0    0    0  |    0    0    0    0  |    0    0    0    0  |    0    0    0    0  |    0    0    0    0  |    0    0    0    0  |    0  0x8    0    0  |    0    0    0    0  |    0    0    0    0  |    0    0    0    0  |    0    0    0    0  |    0    0    0    0  |    0    0    0    0  |    0    0    0    0  |    0    0    0    0  |    0    0    0    0  |    0    0    0    0  |    0    0    0    0  |    0    0    0    0  |    0    0    0    0  |    0    0    0    0  |    0    0    0    0  |    0    0    0    0  |    0    0    0    0  | 
------------------------
   0    0    0    0  |    0    0    0    0  |    0    0    0    0  |    0    0    0    0  |    0    0    0    0  |    0    0    0    0  |    0    0    0    0  |    0    0    0    0  |    0    0    0    0  |    0    0    0    0  |    0    0    0    0  |    0    0    0    0  |    0    0    0    0  |    0    0    0  0x1  |    0    0    0  0x1  |    0    0    0  0x8  |  0x8    0    0    0  |    0    0    0    0  |    0  0x4    0    0  |    0  0x2    0    0  |    0    0  0x6    0  |    0    0  0x8    0  |    0    0    0    0  |    0    0    0  0x4  |  0x2    0    0    0  |    0    0    0    0  |  0x2    0    0    0  |    0    0    0    0  | 
   0    0    0    0  |    0    0    0    0  |    0    0    0    0  |    0    0    0    0  |    0    0    0    0  |    0    0    0    0  |    0    0    0    0  |    0    0    0    0  |    0    0    0    0  |    0    0    0    0  |    0    0    0    0  |    0    0    0    0  |    0    0    0    0  |    0    0    0    0  |    0    0    0    0  |    0    0    0    0  |    0    0    0    0  |    0  0x6    0    0  |    0    0  0x2    0  |    0    0  0x4    0  |    0    0    0    0  |    0    0    0    0  |    0    0    0    0  |    0    0    0    0  |    0    0    0    0  |    0    0    0    0  |    0    0    0    0  |    0    0    0    0  | 
   0    0    0    0  |    0    0    0    0  |    0    0    0    0  |    0    0    0    0  |    0    0    0    0  |    0    0    0    0  |    0    0    0    0  |    0    0    0    0  |    0    0    0    0  |    0    0    0    0  |    0    0    0    0  |    0    0    0    0  |    0    0    0    0  |    0    0    0    0  |    0    0    0    0  |    0    0    0    0  |    0    0    0    0  |    0    0    0    0  |    0    0    0    0  |    0    0    0    0  |    0    0    0    0  |    0    0    0    0  |    0    0    0    0  |    0    0    0    0  |    0    0    0    0  |    0    0    0    0  |    0    0    0    0  |    0    0    0    0  | 
   0    0    0    0  |    0    0    0    0  |    0    0    0    0  |    0    0    0    0  |    0    0    0    0  |    0    0    0    0  |    0    0    0    0  |    0    0    0    0  |    0    0    0    0  |    0    0    0    0  |    0    0    0    0  |    0    0    0    0  |    0    0    0    0  |    0    0    0    0  |    0    0    0    0  |    0    0    0    0  |    0    0    0    0  |    0    0    0    0  |    0    0    0    0  |    0    0    0    0  |    0    0    0    0  |    0    0    0    0  |    0    0    0  0x8  |    0    0    0  0x3  |    0    0    0  0x5  |    0    0    0  0x2  |    0    0    0    0  |    0    0    0    0  | 
------------------------
   0    0    0    0  |    0    0    0    0  |    0    0    0    0  |    0    0    0    0  |    0    0    0    0  |    0    0    0    0  |    0    0    0    0  |    0    0    0    0  |    0    0    0    0  |    0    0    0    0  |    0    0    0    0  |    0    0    0    0  |    0    0    0    0  |    0    0    0  0x1  |    0    0    0  0x1  |    0    0    0  0x8  |  0x8    0    0    0  |    0    0    0    0  |    0  0x4    0    0  |    0  0x2    0    0  |    0    0  0x2  0x8  |    0    0  0xa  0x1  |    0    0    0  0x3  |    0    0    0  0x4  |  0x2    0    0    0  |    0    0    0    0  |  0x2    0    0    0  |    0    0    0    0  | 
   0    0    0    0  |    0    0    0    0  |    0    0    0    0  |    0    0    0    0  |    0    0    0    0  |    0    0    0    0  |    0    0    0    0  |    0    0    0    0  |    0    0    0    0  |    0    0    0    0  |    0    0    0    0  |    0    0    0    0  |    0    0    0    0  |    0    0    0    0  |    0    0    0    0  |    0    0    0    0  |    0    0    0    0  |    0  0x6    0    0  |    0    0  0x2    0  |    0    0  0x8    0  |    0    0    0    0  |    0    0    0    0  |    0    0    0    0  |    0    0    0    0  |    0    0    0    0  |    0    0    0    0  |    0    0    0    0  |    0    0    0    0  | 
   0    0    0    0  |    0    0    0    0  |    0    0    0    0  |    0    0    0    0  |    0    0    0    0  |    0    0    0    0  |    0    0    0    0  |    0    0    0    0  |    0    0    0    0  |    0    0    0    0  |    0    0    0    0  |    0    0    0    0  |    0    0    0    0  |    0    0    0    0  |    0    0    0    0  |    0    0    0    0  |    0    0    0    0  |    0    0    0    0  |    0    0    0    0  |    0    0    0    0  |    0    0    0    0  |    0    0    0    0  |    0    0    0    0  |    0    0    0    0  |    0    0    0    0  |    0    0    0    0  |    0    0    0    0  |    0    0    0    0  | 
   0    0    0    0  |    0    0    0    0  |    0    0    0    0  |    0    0    0    0  |    0    0    0    0  |    0    0    0    0  |    0    0    0    0  |    0    0    0    0  |    0    0    0    0  |    0    0    0    0  |    0    0    0    0  |    0    0    0    0  |    0    0    0    0  |    0    0    0    0  |    0    0    0    0  |    0    0    0    0  |    0    0    0    0  |    0    0    0    0  |    0    0    0    0  |    0    0    0    0  |    0    0    0    0  |    0    0    0    0  |    0    0    0  0x8  |    0    0    0  0x3  |    0    0    0  0x5  |    0    0    0  0x2  |    0    0    0    0  |    0    0    0    0  | 
------------------------
   0    0    0    0  |    0    0    0    0  |    0    0    0    0  |    0    0    0    0  |    0    0    0    0  |    0    0    0    0  |    0    0    0    0  |  0x1    0    0    0  |  0x1    0    0    0  |  0x8    0    0    0  |    0    0    0    0  |    0    0    0    0  |    0    0    0    0  |    0    0    0    0  |    0    0    0    0  |    0    0    0    0  |    0    0    0    0  |    0    0    0    0  |    0  0x4    0    0  |    0  0x2    0    0  |    0    0  0x6    0  |    0    0  0x8  0x4  |    0    0    0    0  |    0    0    0  0x4  |    0    0    0    0  |    0    0    0    0  |  0x2    0    0    0  |    0    0    0    0  | 
   0    0    0    0  |    0    0    0    0  |    0    0    0    0  |    0    0    0    0  |    0    0    0    0  |    0    0    0    0  |    0    0    0    0  |    0    0    0    0  |    0    0    0    0  |    0    0    0    0  |    0    0    0    0  |    0    0    0    0  |    0    0    0    0  |    0    0    0    0  |    0    0    0    0  |    0    0    0    0  |    0    0    0    0  |    0  0x6    0    0  |    0    0  0x2    0  |    0    0  0x4    0  |    0    0    0    0  |    0    0    0    0  |    0    0    0    0  |    0    0    0    0  |    0    0    0    0  |    0    0    0    0  |    0    0    0    0  |    0    0    0    0  | 
   0    0    0    0  |    0    0    0    0  |    0    0    0    0  |    0    0    0    0  |    0    0    0    0  |    0    0    0    0  |    0    0    0    0  |    0    0    0    0  |    0    0    0    0  |    0    0    0    0  |    0    0    0    0  |    0    0    0    0  |    0    0    0    0  |    0    0    0    0  |    0    0    0    0  |    0    0    0    0  |    0    0    0    0  |    0    0    0    0  |    0    0    0    0  |    0    0    0    0  |    0    0    0    0  |    0    0    0    0  |    0    0    0    0  |    0    0    0    0  |    0    0    0    0  |    0    0    0    0  |    0    0    0    0  |    0    0    0    0  | 
   0    0    0    0  |    0    0    0    0  |    0    0    0    0  |    0    0    0    0  |    0    0    0    0  |    0    0    0    0  |    0    0    0    0  |    0    0    0    0  |    0    0    0    0  |    0    0    0    0  |    0  0x8    0    0  |    0    0    0    0  |    0    0    0    0  |    0    0    0    0  |    0    0    0    0  |    0    0    0    0  |    0    0    0    0  |    0    0    0    0  |    0    0    0    0  |    0    0    0    0  |    0    0    0    0  |    0    0    0    0  |    0    0    0  0xc  |    0    0    0  0x1  |    0    0    0  0x5  |    0    0    0  0x2  |    0    0    0    0  |    0    0    0    0  | 
------------------------
   0    0    0    0  |    0    0    0    0  |    0    0    0    0  |    0    0    0    0  |    0    0    0    0  |    0    0    0    0  |    0    0    0    0  |  0x1    0    0    0  |  0x1    0    0    0  |  0x8    0    0    0  |    0    0    0    0  |    0    0    0    0  |    0    0    0    0  |    0    0    0    0  |    0    0    0    0  |    0    0    0    0  |    0    0    0    0  |    0    0    0    0  |    0  0x4    0    0  |    0  0x2    0    0  |    0    0  0x2  0x8  |    0    0  0xa  0x5  |    0    0    0  0x3  |    0    0    0  0x4  |    0    0    0    0  |    0    0    0    0  |  0x2    0    0    0  |    0    0    0    0  | 
   0    0    0    0  |    0    0    0    0  |    0    0    0    0  |    0    0    0    0  |    0    0    0    0  |    0    0    0    0  |    0    0    0    0  |    0    0    0    0  |    0    0    0    0  |    0    0    0    0  |    0    0    0    0  |    0    0    0    0  |    0    0    0    0  |    0    0    0    0  |    0    0    0    0  |    0    0    0    0  |    0    0    0    0  |    0  0x6    0    0  |    0    0  0x2    0  |    0    0  0x8    0  |    0    0    0    0  |    0    0    0    0  |    0    0    0    0  |    0    0    0    0  |    0    0    0    0  |    0    0    0    0  |    0    0    0    0  |    0    0    0    0  | 
   0    0    0    0  |    0    0    0    0  |    0    0    0    0  |    0    0    0    0  |    0    0    0    0  |    0    0    0    0  |    0    0    0    0  |    0    0    0    0  |    0    0    0    0  |    0    0    0    0  |    0    0    0    0  |    0    0    0    0  |    0    0    0    0  |    0    0    0    0  |    0    0    0    0  |    0    0    0    0  |    0    0    0    0  |    0    0    0    0  |    0    0    0    0  |    0    0    0    0  |    0    0    0    0  |    0    0    0    0  |    0    0    0    0  |    0    0    0    0  |    0    0    0    0  |    0    0    0    0  |    0    0    0    0  |    0    0    0    0  | 
   0    0    0    0  |    0    0    0    0  |    0    0    0    0  |    0    0    0    0  |    0    0    0    0  |    0    0    0    0  |    0    0    0    0  |    0    0    0    0  |    0    0    0    0  |    0    0    0    0  |    0  0x8    0    0  |    0    0    0    0  |    0    0    0    0  |    0    0    0    0  |    0    0    0    0  |    0    0    0    0  |    0    0    0    0  |    0    0    0    0  |    0    0    0    0  |    0    0    0    0  |    0    0    0    0  |    0    0    0    0  |    0    0    0  0xc  |    0    0    0  0x1  |    0    0    0  0x5  |    0    0    0  0x2  |    0    0    0    0  |    0    0    0    0  | 
------------------------
   0    0    0    0  |    0    0    0    0  |    0    0    0    0  |    0    0    0    0  |    0    0    0    0  |    0    0    0    0  |    0    0    0    0  |  0x1    0    0    0  |  0x1    0    0    0  |  0x8    0    0    0  |    0    0    0    0  |    0    0    0    0  |    0    0    0    0  |    0    0    0    0  |    0    0    0    0  |    0    0    0    0  |    0    0    0    0  |    0    0    0    0  |    0  0x4    0    0  |    0  0x2    0    0  |    0    0  0x6    0  |    0    0  0x8    0  |    0    0    0    0  |    0    0    0  0x4  |  0x2    0    0    0  |    0    0    0    0  |  0x2    0    0    0  |    0    0    0    0  | 
   0    0    0    0  |    0    0    0    0  |    0    0    0    0  |    0    0    0    0  |    0    0    0    0  |    0    0    0    0  |    0    0    0    0  |    0    0    0    0  |    0    0    0    0  |    0    0    0    0  |    0    0    0    0  |    0    0    0    0  |    0    0    0    0  |    0    0    0    0  |    0    0    0    0  |    0    0    0    0  |    0    0    0    0  |    0  0x6    0    0  |    0    0  0x2    0  |    0    0  0x4    0  |    0    0    0    0  |    0    0    0    0  |    0    0    0    0  |    0    0    0    0  |    0    0    0    0  |    0    0    0    0  |    0    0    0    0  |    0    0    0    0  | 
   0    0    0    0  |    0    0    0    0  |    0    0    0    0  |    0    0    0    0  |    0    0    0    0  |    0    0    0    0  |    0    0    0    0  |    0    0    0    0  |    0    0    0    0  |    0    0    0    0  |    0    0    0    0  |    0    0    0    0  |    0    0    0    0  |    0    0    0    0  |    0    0    0    0  |    0    0    0    0  |    0    0    0    0  |    0    0    0    0  |    0    0    0    0  |    0    0    0    0  |    0    0    0    0  |    0    0    0    0  |    0    0    0    0  |    0    0    0    0  |    0    0    0    0  |    0    0    0    0  |    0    0    0    0  |    0    0    0    0  | 
   0    0    0    0  |    0    0    0    0  |    0    0    0    0  |    0    0    0    0  |    0    0    0    0  |    0    0    0    0  |    0    0    0    0  |    0    0    0    0  |    0    0    0    0  |    0    0    0    0  |    0  0x8    0    0  |    0    0    0    0  |    0    0    0    0  |    0    0    0    0  |    0    0    0    0  |    0    0    0    0  |    0    0    0    0  |    0    0    0    0  |    0    0    0    0  |    0    0    0    0  |    0    0    0    0  |    0    0    0    0  |    0    0    0  0x8  |    0    0    0  0x3  |    0    0    0  0x5  |    0    0    0  0x2  |    0    0    0    0  |    0    0    0    0  | 
------------------------
   0    0    0    0  |    0    0    0    0  |    0    0    0    0  |    0    0    0    0  |    0    0    0    0  |    0    0    0    0  |    0    0    0    0  |  0x1    0    0    0  |  0x1    0    0    0  |  0x8    0    0    0  |    0    0    0    0  |    0    0    0    0  |    0    0    0    0  |    0    0    0    0  |    0    0    0    0  |    0    0    0    0  |    0    0    0    0  |    0    0    0    0  |    0  0x4    0    0  |    0  0x2    0    0  |    0    0  0x2  0x8  |    0    0  0xa  0x1  |    0    0    0  0x3  |    0    0    0  0x4  |  0x2    0    0    0  |    0    0    0    0  |  0x2    0    0    0  |    0    0    0    0  | 
   0    0    0    0  |    0    0    0    0  |    0    0    0    0  |    0    0    0    0  |    0    0    0    0  |    0    0    0    0  |    0    0    0    0  |    0    0    0    0  |    0    0    0    0  |    0    0    0    0  |    0    0    0    0  |    0    0    0    0  |    0    0    0    0  |    0    0    0    0  |    0    0    0    0  |    0    0    0    0  |    0    0    0    0  |    0  0x6    0    0  |    0    0  0x2    0  |    0    0  0x8    0  |    0    0    0    0  |    0    0    0    0  |    0    0    0    0  |    0    0    0    0  |    0    0    0    0  |    0    0    0    0  |    0    0    0    0  |    0    0    0    0  | 
   0    0    0    0  |    0    0    0    0  |    0    0    0    0  |    0    0    0    0  |    0    0    0    0  |    0    0    0    0  |    0    0    0    0  |    0    0    0    0  |    0    0    0    0  |    0    0    0    0  |    0    0    0    0  |    0    0    0    0  |    0    0    0    0  |    0    0    0    0  |    0    0    0    0  |    0    0    0    0  |    0    0    0    0  |    0    0    0    0  |    0    0    0    0  |    0    0    0    0  |    0    0    0    0  |    0    0    0    0  |    0    0    0    0  |    0    0    0    0  |    0    0    0    0  |    0    0    0    0  |    0    0    0    0  |    0    0    0    0  | 
   0    0    0    0  |    0    0    0    0  |    0    0    0    0  |    0    0    0    0  |    0    0    0    0  |    0    0    0    0  |    0    0    0    0  |    0    0    0    0  |    0    0    0    0  |    0    0    0    0  |    0  0x8    0    0  |    0    0    0    0  |    0    0    0    0  |    0    0    0    0  |    0    0    0    0  |    0    0    0    0  |    0    0    0    0  |    0    0    0    0  |    0    0    0    0  |    0    0    0    0  |    0    0    0    0  |    0    0    0    0  |    0    0    0  0x8  |    0    0    0  0x3  |    0    0    0  0x5  |    0    0    0  0x2  |    0    0    0    0  |    0    0    0    0  | 
------------------------
   0    0    0    0  |    0    0    0    0  |    0    0    0    0  |    0    0    0    0  |    0    0    0    0  |    0    0    0    0  |    0    0    0    0  |    0    0    0    0  |    0    0    0    0  |    0    0    0    0  |    0    0    0    0  |    0    0    0    0  |    0    0    0    0  |    0    0    0    0  |    0    0    0    0  |    0    0    0    0  |    0    0    0    0  |    0    0    0    0  |    0    0    0    0  |    0    0    0    0  |    0    0    0    0  |    0    0    0    0  |    0    0    0    0  |    0    0    0    0  |    0    0    0    0  |    0    0    0    0  |    0    0    0    0  |    0    0    0    0  | 
   0    0    0    0  |    0    0    0    0  |    0    0    0    0  |    0    0    0    0  |    0    0    0    0  |    0    0    0    0  |    0    0    0    0  |    0    0    0    0  |    0    0    0    0  |    0    0    0    0  |    0    0    0    0  |    0    0    0    0  |    0    0    0    0  |    0    0    0    0  |    0    0    0    0  |    0    0    0    0  |    0    0    0    0  |    0    0    0    0  |    0    0    0    0  |    0    0    0    0  |    0    0    0    0  |    0    0    0    0  |    0    0    0    0  |    0    0    0    0  |    0    0    0    0  |    0    0    0    0  |    0    0    0    0  |    0    0    0    0  | 
   0    0    0    0  |    0    0    0    0  |    0    0    0    0  |    0    0    0    0  |    0    0  0x8    0  |    0    0    0    0  |    0    0    0  0x8  |    0    0    0    0  |    0    0    0    0  |    0    0    0    0  |    0    0    0    0  |    0    0    0    0  |    0    0    0    0  |    0    0    0    0  |    0    0    0    0  |    0    0    0    0  |    0    0    0    0  |    0    0    0    0  |    0    0    0    0  |    0    0    0    0  |    0    0    0    0  |    0    0    0    0  |    0    0    0    0  |    0    0    0    0  |    0    0    0    0  |    0    0    0    0  |    0    0    0    0  |    0    0    0    0  | 
   0    0    0    0  |    0  0x1    0    0  |    0  0x1    0    0  |    0  0xa  0x1    0  |    0    0  0x3    0  |    0    0  0x8    0  |    0    0    0    0  |    0    0    0    0  |    0    0    0    0  |    0    0    0    0  |    0    0    0    0  |    0    0    0    0  |    0    0    0    0  |    0    0    0    0  |    0    0    0    0  |    0    0    0    0  |    0    0    0    0  |    0    0    0    0  |    0    0    0    0  |    0    0    0    0  |    0    0    0    0  |    0    0    0    0  |    0    0    0    0  |    0    0    0    0  |    0    0    0    0  |    0    0    0    0  |    0    0    0    0  |    0    0    0    0  | 
------------------------
   0    0    0    0  |    0    0    0    0  |    0    0    0    0  |    0    0    0    0  |    0    0    0    0  |    0    0    0    0  |    0    0    0    0  |    0    0    0    0  |    0    0    0    0  |    0    0    0    0  |    0    0    0    0  |    0    0    0    0  |    0    0    0    0  |    0    0    0    0  |    0    0    0    0  |    0    0    0    0  |    0    0    0    0  |    0    0    0    0  |    0    0    0    0  |    0    0    0    0  |    0    0  0x4  0x8  |    0    0  0x2  0x1  |    0    0    0  0x3  |    0    0    0    0  |    0    0    0    0  |    0    0    0    0  |    0    0    0    0  |    0    0    0    0  | 
   0    0    0    0  |    0    0    0    0  |    0    0    0    0  |    0    0    0    0  |    0    0    0    0  |    0    0    0    0  |    0    0    0    0  |    0    0    0    0  |    0    0    0    0  |    0    0    0    0  |    0    0    0    0  |    0    0    0    0  |    0    0    0    0  |    0    0    0    0  |    0    0    0    0  |    0    0    0    0  |    0    0    0    0  |    0    0    0    0  |    0    0    0    0  |    0    0  0xc    0  |    0    0    0    0  |    0    0    0    0  |    0    0    0    0  |    0    0    0    0  |    0    0    0    0  |    0    0    0    0  |    0    0    0    0  |    0    0    0    0  | 
   0    0    0    0  |    0    0    0    0  |    0    0    0    0  |    0    0    0    0  |    0    0  0x8    0  |    0    0    0    0  |    0    0    0  0x8  |    0    0    0    0  |    0    0    0    0  |    0    0    0    0  |    0    0    0    0  |    0    0    0    0  |    0    0    0    0  |    0    0    0    0  |    0    0    0    0  |    0    0    0    0  |    0    0    0    0  |    0    0    0    0  |    0    0    0    0  |    0    0    0    0  |    0    0    0    0  |    0    0    0    0  |    0    0    0    0  |    0    0    0    0  |    0    0    0    0  |    0    0    0    0  |    0    0    0    0  |    0    0    0    0  | 
   0    0    0    0  |    0  0x1    0    0  |    0  0x1    0    0  |    0  0xa  0x1    0  |    0    0  0x3    0  |    0    0  0x8    0  |    0    0    0    0  |    0    0    0    0  |    0    0    0    0  |    0    0    0    0  |    0    0    0    0  |    0    0    0    0  |    0    0    0    0  |    0    0    0    0  |    0    0    0    0  |    0    0    0    0  |    0    0    0    0  |    0    0    0    0  |    0    0    0    0  |    0    0    0    0  |    0    0    0    0  |    0    0    0    0  |    0    0    0    0  |    0    0    0    0  |    0    0    0    0  |    0    0    0    0  |    0    0    0    0  |    0    0    0    0  | 
------------------------
   0    0    0    0  |    0    0    0    0  |    0    0    0    0  |    0    0    0    0  |    0    0    0    0  |    0    0    0    0  |    0    0    0    0  |    0    0    0    0  |    0    0    0    0  |    0    0    0    0  |    0    0    0    0  |    0    0    0    0  |    0    0    0    0  |    0    0    0    0  |    0    0    0    0  |    0    0    0    0  |    0    0    0    0  |    0    0    0    0  |    0  0x4    0    0  |    0  0x2    0    0  |    0    0  0x6    0  |    0    0  0x8  0x4  |    0    0    0    0  |    0    0    0  0x4  |    0    0    0    0  |    0    0    0    0  |  0x2    0    0    0  |    0    0    0    0  | 
   0    0    0    0  |    0    0    0    0  |    0    0    0    0  |    0    0    0    0  |    0    0    0    0  |    0    0    0    0  |    0    0    0    0  |    0    0    0    0  |    0    0    0    0  |    0    0    0    0  |    0    0    0    0  |    0    0    0    0  |    0    0    0    0  |    0    0    0    0  |    0    0    0    0  |    0    0    0    0  |    0    0    0    0  |    0  0x6    0    0  |    0    0  0x2    0  |    0    0  0x4    0  |    0    0    0    0  |    0    0    0    0  |    0    0    0    0  |    0    0    0    0  |    0    0    0    0  |    0    0    0    0  |    0    0    0    0  |    0    0    0    0  | 
   0    0    0    0  |    0    0    0    0  |    0    0    0    0  |    0    0    0    0  |    0    0  0x8    0  |    0    0    0    0  |    0    0    0    0  |    0    0    0    0  |    0    0    0    0  |    0    0    0    0  |    0    0    0    0  |    0    0    0    0  |    0    0    0    0  |    0    0    0    0  |    0    0    0    0  |    0    0    0    0  |    0    0    0    0  |    0    0    0    0  |    0    0    0    0  |    0    0    0    0  |    0    0    0    0  |    0    0    0    0  |    0    0    0    0  |    0    0    0    0  |    0    0    0    0  |    0    0    0    0  |    0    0    0    0  |    0    0    0    0  | 
   0    0    0    0  |    0  0x1    0    0  |    0  0x1    0    0  |    0  0x8    0    0  |    0    0    0    0  |    0    0    0    0  |    0    0    0    0  |    0    0    0    0  |    0    0    0    0  |    0    0    0    0  |    0    0    0    0  |    0    0    0    0  |    0    0    0    0  |    0    0    0    0  |    0    0    0    0  |    0    0    0    0  |    0    0    0    0  |    0    0    0    0  |    0    0    0    0  |    0    0    0    0  |    0    0    0    0  |    0    0    0    0  |    0    0    0  0xc  |    0    0    0  0x1  |    0    0    0  0x5  |    0    0    0  0x2  |    0    0    0    0  |    0    0    0    0  | 
------------------------
   0    0    0    0  |    0    0    0    0  |    0    0    0    0  |    0    0    0    0  |    0    0    0    0  |    0    0    0    0  |    0    0    0    0  |    0    0    0    0  |    0    0    0    0  |    0    0    0    0  |    0    0    0    0  |    0    0    0    0  |    0    0    0    0  |    0    0    0    0  |    0    0    0    0  |    0    0    0    0  |    0    0    0    0  |    0    0    0    0  |    0  0x4    0    0  |    0  0x2    0    0  |    0    0  0x2  0x8  |    0    0  0xa  0x5  |    0    0    0  0x3  |    0    0    0  0x4  |    0    0    0    0  |    0    0    0    0  |  0x2    0    0    0  |    0    0    0    0  | 
   0    0    0    0  |    0    0    0    0  |    0    0    0    0  |    0    0    0    0  |    0    0    0    0  |    0    0    0    0  |    0    0    0    0  |    0    0    0    0  |    0    0    0    0  |    0    0    0    0  |    0    0    0    0  |    0    0    0    0  |    0    0    0    0  |    0    0    0    0  |    0    0    0    0  |    0    0    0    0  |    0    0    0    0  |    0  0x6    0    0  |    0    0  0x2    0  |    0    0  0x8    0  |    0    0    0    0  |    0    0    0    0  |    0    0    0    0  |    0    0    0    0  |    0    0    0    0  |    0    0    0    0  |    0    0    0    0  |    0    0    0    0  | 
   0    0    0    0  |    0    0    0    0  |    0    0    0    0  |    0    0    0    0  |    0    0  0x8    0  |    0    0    0    0  |    0    0    0    0  |    0    0    0    0  |    0    0    0    0  |    0    0    0    0  |    0    0    0    0  |    0    0    0    0  |    0    0    0    0  |    0    0    0    0  |    0    0    0    0  |    0    0    0    0  |    0    0    0    0  |    0    0    0    0  |    0    0    0    0  |    0    0    0    0  |    0    0    0    0  |    0    0    0    0  |    0    0    0    0  |    0    0    0    0  |    0    0    0    0  |    0    0    0    0  |    0    0    0    0  |    0    0    0    0  | 
   0    0    0    0  |    0  0x1    0    0  |    0  0x1    0    0  |    0  0x8    0    0  |    0    0    0    0  |    0    0    0    0  |    0    0    0    0  |    0    0    0    0  |    0    0    0    0  |    0    0    0    0  |    0    0    0    0  |    0    0    0    0  |    0    0    0    0  |    0    0    0    0  |    0    0    0    0  |    0    0    0    0  |    0    0    0    0  |    0    0    0    0  |    0    0    0    0  |    0    0    0    0  |    0    0    0    0  |    0    0    0    0  |    0    0    0  0xc  |    0    0    0  0x1  |    0    0    0  0x5  |    0    0    0  0x2  |    0    0    0    0  |    0    0    0    0  | 
------------------------
   0    0    0    0  |    0    0    0    0  |    0    0    0    0  |    0    0    0    0  |    0    0    0    0  |    0    0    0    0  |    0    0    0    0  |    0    0    0    0  |    0    0    0    0  |    0    0    0    0  |    0    0    0    0  |    0    0    0    0  |    0    0    0    0  |    0    0    0    0  |    0    0    0    0  |    0    0    0    0  |    0    0    0    0  |    0    0    0    0  |    0  0x4    0    0  |    0  0x2    0    0  |    0    0  0x6    0  |    0    0  0x8    0  |    0    0    0    0  |    0    0    0  0x4  |  0x2    0    0    0  |    0    0    0    0  |  0x2    0    0    0  |    0    0    0    0  | 
   0    0    0    0  |    0    0    0    0  |    0    0    0    0  |    0    0    0    0  |    0    0    0    0  |    0    0    0    0  |    0    0    0    0  |    0    0    0    0  |    0    0    0    0  |    0    0    0    0  |    0    0    0    0  |    0    0    0    0  |    0    0    0    0  |    0    0    0    0  |    0    0    0    0  |    0    0    0    0  |    0    0    0    0  |    0  0x6    0    0  |    0    0  0x2    0  |    0    0  0x4    0  |    0    0    0    0  |    0    0    0    0  |    0    0    0    0  |    0    0    0    0  |    0    0    0    0  |    0    0    0    0  |    0    0    0    0  |    0    0    0    0  | 
   0    0    0    0  |    0    0    0    0  |    0    0    0    0  |    0    0    0    0  |    0    0  0x8    0  |    0    0    0    0  |    0    0    0    0  |    0    0    0    0  |    0    0    0    0  |    0    0    0    0  |    0    0    0    0  |    0    0    0    0  |    0    0    0    0  |    0    0    0    0  |    0    0    0    0  |    0    0    0    0  |    0    0    0    0  |    0    0    0    0  |    0    0    0    0  |    0    0    0    0  |    0    0    0    0  |    0    0    0    0  |    0    0    0    0  |    0    0    0    0  |    0    0    0    0  |    0    0    0    0  |    0    0    0    0  |    0    0    0    0  | 
   0    0    0    0  |    0  0x1    0    0  |    0  0x1    0    0  |    0  0x8    0    0  |    0    0    0    0  |    0    0    0    0  |    0    0    0    0  |    0    0    0    0  |    0    0    0    0  |    0    0    0    0  |    0    0    0    0  |    0    0    0    0  |    0    0    0    0  |    0    0    0    0  |    0    0    0    0  |    0    0    0    0  |    0    0    0    0  |    0    0    0    0  |    0    0    0    0  |    0    0    0    0  |    0    0    0    0  |    0    0    0    0  |    0    0    0  0x8  |    0    0    0  0x3  |    0    0    0  0x5  |    0    0    0  0x2  |    0    0    0    0  |    0    0    0    0  | 
------------------------
   0    0    0    0  |    0    0    0    0  |    0    0    0    0  |    0    0    0    0  |    0    0    0    0  |    0    0    0    0  |    0    0    0    0  |    0    0    0    0  |    0    0    0    0  |    0    0    0    0  |    0    0    0    0  |    0    0    0    0  |    0    0    0    0  |    0    0    0    0  |    0    0    0    0  |    0    0    0    0  |    0    0    0    0  |    0    0    0    0  |    0  0x4    0    0  |    0  0x2    0    0  |    0    0  0x2  0x8  |    0    0  0xa  0x1  |    0    0    0  0x3  |    0    0    0  0x4  |  0x2    0    0    0  |    0    0    0    0  |  0x2    0    0    0  |    0    0    0    0  | 
   0    0    0    0  |    0    0    0    0  |    0    0    0    0  |    0    0    0    0  |    0    0    0    0  |    0    0    0    0  |    0    0    0    0  |    0    0    0    0  |    0    0    0    0  |    0    0    0    0  |    0    0    0    0  |    0    0    0    0  |    0    0    0    0  |    0    0    0    0  |    0    0    0    0  |    0    0    0    0  |    0    0    0    0  |    0  0x6    0    0  |    0    0  0x2    0  |    0    0  0x8    0  |    0    0    0    0  |    0    0    0    0  |    0    0    0    0  |    0    0    0    0  |    0    0    0    0  |    0    0    0    0  |    0    0    0    0  |    0    0    0    0  | 
   0    0    0    0  |    0    0    0    0  |    0    0    0    0  |    0    0    0    0  |    0    0  0x8    0  |    0    0    0    0  |    0    0    0    0  |    0    0    0    0  |    0    0    0    0  |    0    0    0    0  |    0    0    0    0  |    0    0    0    0  |    0    0    0    0  |    0    0    0    0  |    0    0    0    0  |    0    0    0    0  |    0    0    0    0  |    0    0    0    0  |    0    0    0    0  |    0    0    0    0  |    0    0    0    0  |    0    0    0    0  |    0    0    0    0  |    0    0    0    0  |    0    0    0    0  |    0    0    0    0  |    0    0    0    0  |    0    0    0    0  | 
   0    0    0    0  |    0  0x1    0    0  |    0  0x1    0    0  |    0  0x8    0    0  |    0    0    0    0  |    0    0    0    0  |    0    0    0    0  |    0    0    0    0  |    0    0    0    0  |    0    0    0    0  |    0    0    0    0  |    0    0    0    0  |    0    0    0    0  |    0    0    0    0  |    0    0    0    0  |    0    0    0    0  |    0    0    0    0  |    0    0    0    0  |    0    0    0    0  |    0    0    0    0  |    0    0    0    0  |    0    0    0    0  |    0    0    0  0x8  |    0    0    0  0x3  |    0    0    0  0x5  |    0    0    0  0x2  |    0    0    0    0  |    0    0    0    0  | 
------------------------
   0    0    0    0  |    0    0    0    0  |    0    0    0    0  |    0    0    0    0  |    0    0    0    0  |    0    0    0    0  |    0    0    0    0  |    0    0    0    0  |    0    0    0    0  |    0    0    0    0  |    0    0    0    0  |    0    0    0    0  |    0    0    0    0  |    0    0    0    0  |    0    0    0    0  |    0    0    0    0  |    0    0    0    0  |    0    0    0    0  |    0    0    0    0  |    0    0    0    0  |    0    0  0x4  0x8  |    0    0  0x2  0x1  |    0    0    0  0x3  |    0    0    0    0  |    0    0    0    0  |    0    0    0    0  |    0    0    0    0  |    0    0    0    0  | 
   0    0    0    0  |    0    0    0    0  |    0    0    0    0  |    0    0    0    0  |    0    0    0    0  |    0    0    0    0  |    0    0    0    0  |    0    0    0    0  |    0    0    0    0  |    0    0    0    0  |    0    0    0    0  |    0    0    0    0  |    0    0    0    0  |    0    0    0    0  |    0    0    0    0  |    0    0    0    0  |    0    0    0    0  |    0    0    0    0  |    0    0    0    0  |    0    0  0xc    0  |    0    0    0    0  |    0    0    0    0  |    0    0    0    0  |    0    0    0    0  |    0    0    0    0  |    0    0    0    0  |    0    0    0    0  |    0    0    0    0  | 
   0    0    0    0  |    0    0    0    0  |    0    0    0    0  |    0    0    0    0  |    0    0  0x8    0  |    0    0    0    0  |    0    0    0    0  |    0    0    0    0  |    0    0    0    0  |    0    0    0    0  |    0    0    0    0  |    0    0    0    0  |    0    0    0    0  |    0    0    0    0  |    0    0    0    0  |    0    0    0    0  |    0    0    0    0  |    0    0    0    0  |    0    0    0    0  |    0    0    0    0  |    0    0    0    0  |    0    0    0    0  |    0    0    0    0  |    0    0    0    0  |    0    0    0    0  |    0    0    0    0  |    0    0    0    0  |    0    0    0    0  | 
   0    0    0    0  |    0  0x1    0    0  |    0  0x1    0    0  |    0  0x8    0    0  |    0    0    0    0  |    0    0    0  0x1  |    0    0    0  0x1  |    0    0    0  0x8  |  0x8    0    0    0  |    0    0    0    0  |    0    0    0    0  |    0    0    0    0  |    0    0    0    0  |    0    0    0    0  |    0    0    0    0  |    0    0    0    0  |    0    0    0    0  |    0    0    0    0  |    0    0    0    0  |    0    0    0    0  |    0    0    0    0  |    0    0    0    0  |    0    0    0    0  |    0    0    0    0  |    0    0    0    0  |    0    0    0    0  |    0    0    0    0  |    0    0    0    0  | 
------------------------
   0    0    0    0  |    0    0    0    0  |    0    0    0    0  |    0    0    0    0  |    0    0    0    0  |    0    0    0    0  |    0    0    0    0  |    0    0    0    0  |    0    0    0    0  |    0    0    0    0  |    0    0    0    0  |    0    0    0    0  |    0    0    0    0  |    0    0    0    0  |    0    0    0    0  |    0    0    0    0  |    0    0    0    0  |    0    0    0    0  |    0    0    0    0  |    0    0    0    0  |    0    0  0x4  0x8  |    0    0  0x2  0x1  |    0    0    0  0x3  |    0    0    0    0  |    0    0    0    0  |    0    0    0    0  |    0    0    0    0  |    0    0    0    0  | 
   0    0    0    0  |    0    0    0    0  |    0    0    0    0  |    0    0    0    0  |    0    0    0    0  |    0    0    0    0  |    0    0    0    0  |    0    0    0    0  |    0    0    0    0  |    0    0    0    0  |    0    0    0    0  |    0    0    0    0  |    0    0    0    0  |    0    0    0    0  |    0    0    0    0  |    0    0    0    0  |    0    0    0    0  |    0    0    0    0  |    0    0    0    0  |    0    0  0xc    0  |    0    0    0    0  |    0    0    0    0  |    0    0    0    0  |    0    0    0    0  |    0    0    0    0  |    0    0    0    0  |    0    0    0    0  |    0    0    0    0  | 
   0    0    0    0  |    0    0    0    0  |    0    0    0    0  |    0    0    0    0  |    0    0  0x8    0  |    0    0    0    0  |    0    0    0  0x8  |    0    0    0    0  |    0    0    0    0  |    0    0    0    0  |    0    0    0    0  |    0    0    0    0  |    0    0    0    0  |    0    0    0    0  |    0    0    0    0  |    0    0    0    0  |    0    0    0    0  |    0    0    0    0  |    0    0    0    0  |    0    0    0    0  |    0    0    0    0  |    0    0    0    0  |    0    0    0    0  |    0    0    0    0  |    0    0    0    0  |    0    0    0    0  |    0    0    0    0  |    0    0    0    0  | 
   0    0    0    0  |    0  0x1    0    0  |    0  0x1    0    0  |    0  0x8  0x1    0  |    0    0  0x1    0  |    0    0  0x8    0  |    0    0    0    0  |    0    0    0    0  |    0    0    0    0  |    0    0    0    0  |    0    0    0    0  |    0    0    0    0  |    0    0    0    0  |    0    0    0    0  |    0    0    0    0  |    0    0    0    0  |    0    0    0    0  |    0    0    0    0  |    0    0    0    0  |    0    0    0    0  |    0    0    0    0  |    0    0    0    0  |    0    0    0    0  |    0    0    0    0  |    0    0    0    0  |    0    0    0    0  |    0    0    0    0  |    0    0    0    0  | 
------------------------
   0    0    0    0  |    0    0    0    0  |    0    0    0    0  |    0    0    0    0  |    0    0    0    0  |    0    0    0    0  |    0    0    0    0  |    0    0    0    0  |    0    0    0    0  |    0    0    0    0  |    0    0    0    0  |    0    0    0    0  |    0    0    0    0  |    0    0    0    0  |    0    0    0    0  |    0    0    0    0  |    0    0    0    0  |    0    0    0    0  |    0  0x8    0    0  |    0    0    0    0  |    0    0  0x4  0x8  |    0    0  0x2  0x1  |    0    0    0  0x3  |    0    0    0    0  |    0    0    0    0  |    0    0    0    0  |    0    0    0    0  |    0    0    0    0  | 
   0    0    0    0  |    0    0    0    0  |    0    0    0    0  |    0    0    0    0  |    0    0    0    0  |    0    0    0    0  |    0    0    0    0  |    0    0    0    0  |    0    0    0    0  |    0    0    0    0  |    0    0    0    0  |    0    0    0    0  |    0    0    0    0  |    0    0    0    0  |    0    0    0    0  |  0x1    0    0    0  |  0x1    0    0    0  |  0x8    0    0    0  |    0    0    0    0  |    0    0  0xc    0  |    0    0    0    0  |    0    0    0    0  |    0    0    0    0  |    0    0    0    0  |    0    0    0    0  |    0    0    0    0  |    0    0    0    0  |    0    0    0    0  | 
   0    0    0    0  |    0    0    0    0  |    0    0    0    0  |    0    0    0    0  |    0    0  0x8    0  |    0    0    0    0  |    0    0    0    0  |    0    0    0    0  |    0    0    0    0  |    0    0    0    0  |    0    0    0    0  |    0    0    0    0  |    0    0    0    0  |    0    0    0    0  |    0    0    0    0  |    0    0    0    0  |    0    0    0    0  |    0    0    0    0  |    0    0    0    0  |    0    0    0    0  |    0    0    0    0  |    0    0    0    0  |    0    0    0    0  |    0    0    0    0  |    0    0    0    0  |    0    0    0    0  |    0    0    0    0  |    0    0    0    0  | 
   0    0    0    0  |    0  0x1    0    0  |    0  0x1    0    0  |    0  0x8    0    0  |    0    0    0    0  |    0    0    0    0  |    0    0    0    0  |    0    0    0    0  |    0    0    0    0  |    0    0    0    0  |    0    0    0    0  |    0    0    0    0  |    0    0    0    0  |    0    0    0    0  |    0    0    0    0  |    0    0    0    0  |    0    0    0    0  |    0    0    0    0  |    0    0    0    0  |    0    0    0    0  |    0    0    0    0  |    0    0    0    0  |    0    0    0    0  |    0    0    0    0  |    0    0    0    0  |    0    0    0    0  |    0    0    0    0  |    0    0    0    0  | 
------------------------
   0    0    0    0  |    0    0    0    0  |    0    0    0    0  |    0    0    0    0  |    0    0    0    0  |    0    0    0    0  |    0    0    0    0  |    0    0    0    0  |    0    0    0    0  |    0    0    0    0  |    0    0    0    0  |    0    0    0    0  |    0    0    0    0  |    0    0    0    0  |    0    0    0    0  |    0    0    0    0  |    0  0x8    0    0  |    0  0x3    0    0  |    0  0x5  0xa    0  |    0  0x2  0x3    0  |    0    0  0x7  0x2  |    0    0  0x8  0x4  |    0    0    0    0  |    0    0    0  0x4  |    0    0    0    0  |    0    0    0    0  |  0x2    0    0    0  |    0    0    0    0  | 
   0    0    0    0  |    0    0    0    0  |    0    0    0    0  |    0    0    0    0  |    0    0    0    0  |    0    0    0    0  |    0    0    0    0  |    0    0    0    0  |    0    0    0    0  |    0    0    0    0  |    0    0    0    0  |    0    0    0    0  |    0    0    0    0  |    0    0    0    0  |    0    0    0    0  |  0x8    0    0    0  |    0    0    0    0  |    0  0xe    0    0  |    0    0  0x2    0  |    0    0  0x4    0  |    0    0    0    0  |    0    0    0    0  |    0    0    0    0  |    0    0    0    0  |    0    0    0    0  |    0    0    0    0  |    0    0    0    0  |    0    0    0    0  | 
   0    0    0    0  |    0    0    0    0  |    0    0    0    0  |    0    0    0    0  |    0    0    0    0  |    0    0    0    0  |    0    0    0    0  |    0    0    0    0  |    0    0    0    0  |    0    0    0    0  |    0    0    0    0  |    0    0    0    0  |    0    0    0    0  |    0    0    0    0  |    0    0    0    0  |    0    0    0    0  |    0    0    0    0  |    0    0    0    0  |    0    0    0    0  |    0    0    0    0  |    0    0    0    0  |    0    0    0    0  |    0    0    0    0  |    0    0    0    0  |    0    0    0    0  |    0    0    0    0  |    0    0    0    0  |    0    0    0    0  | 
   0    0    0    0  |    0    0    0    0  |    0    0    0    0  |    0    0    0    0  |    0    0    0    0  |    0    0    0    0  |    0    0    0    0  |    0    0    0    0  |    0    0    0    0  |    0    0    0    0  |    0    0    0    0  |    0    0    0    0  |    0    0    0    0  |    0    0    0    0  |    0    0    0    0  |    0    0    0    0  |    0    0    0    0  |    0    0    0    0  |    0    0    0    0  |    0    0    0    0  |    0    0    0    0  |    0    0    0    0  |    0    0    0  0xc  |    0    0    0  0x1  |    0    0    0  0x5  |    0    0    0  0x2  |    0    0    0    0  |    0    0    0    0  | 
------------------------
   0    0    0    0  |    0    0    0    0  |    0    0    0    0  |    0    0    0    0  |    0    0    0    0  |    0    0    0    0  |    0    0    0    0  |    0    0    0    0  |    0    0    0    0  |    0    0    0    0  |    0    0    0    0  |    0    0    0    0  |    0    0    0    0  |    0    0    0    0  |    0    0    0    0  |    0    0    0    0  |    0  0x8    0    0  |    0  0x3    0    0  |    0  0x5  0xa    0  |    0  0x2  0x3    0  |    0    0  0x7  0x2  |    0    0  0x8    0  |    0    0    0    0  |    0    0    0  0x4  |  0x2    0    0    0  |    0    0    0    0  |  0x2    0    0    0  |    0    0    0    0  | 
   0    0    0    0  |    0    0    0    0  |    0    0    0    0  |    0    0    0    0  |    0    0    0    0  |    0    0    0    0  |    0    0    0    0  |    0    0    0    0  |    0    0    0    0  |    0    0    0    0  |    0    0    0    0  |    0    0    0    0  |    0    0    0    0  |    0    0    0    0  |    0    0    0    0  |  0x8    0    0    0  |    0    0    0    0  |    0  0xe    0    0  |    0    0  0x2    0  |    0    0  0x4    0  |    0    0    0    0  |    0    0    0    0  |    0    0    0    0  |    0    0    0    0  |    0    0    0    0  |    0    0    0    0  |    0    0    0    0  |    0    0    0    0  | 
   0    0    0    0  |    0    0    0    0  |    0    0    0    0  |    0    0    0    0  |    0    0    0    0  |    0    0    0    0  |    0    0    0    0  |    0    0    0    0  |    0    0    0    0  |    0    0    0    0  |    0    0    0    0  |    0    0    0    0  |    0    0    0    0  |    0    0    0    0  |    0    0    0    0  |    0    0    0    0  |    0    0    0    0  |    0    0    0    0  |    0    0    0    0  |    0    0    0    0  |    0    0    0    0  |    0    0    0    0  |    0    0    0    0  |    0    0    0    0  |    0    0    0    0  |    0    0    0    0  |    0    0    0    0  |    0    0    0    0  | 
   0    0    0    0  |    0    0    0    0  |    0    0    0    0  |    0    0    0    0  |    0    0    0    0  |    0    0    0    0  |    0    0    0    0  |    0    0    0    0  |    0    0    0    0  |    0    0    0    0  |    0    0    0    0  |    0    0    0    0  |    0    0    0    0  |    0    0    0    0  |    0    0    0    0  |    0    0    0    0  |    0    0    0    0  |    0    0    0    0  |    0    0    0    0  |    0    0    0    0  |    0    0    0    0  |    0    0    0    0  |    0    0    0  0x8  |    0    0    0  0x3  |    0    0    0  0x5  |    0    0    0  0x2  |    0    0    0    0  |    0    0    0    0  | 
------------------------
   0    0    0    0  |    0    0    0    0  |    0    0    0    0  |    0    0    0    0  |    0    0    0    0  |    0    0    0    0  |    0    0    0    0  |    0    0    0    0  |    0    0    0    0  |    0    0    0    0  |    0    0    0    0  |    0    0    0    0  |    0    0    0    0  |    0    0    0    0  |    0    0    0    0  |    0    0    0    0  |    0  0x8    0    0  |    0  0x3    0    0  |    0  0x5  0xa    0  |    0  0x2  0x3    0  |    0    0  0x3  0xa  |    0    0  0xa  0x1  |    0    0    0  0x3  |    0    0    0  0x4  |  0x2    0    0    0  |    0    0    0    0  |  0x2    0    0    0  |    0    0    0    0  | 
   0    0    0    0  |    0    0    0    0  |    0    0    0    0  |    0    0    0    0  |    0    0    0    0  |    0    0    0    0  |    0    0    0    0  |    0    0    0    0  |    0    0    0    0  |    0    0    0    0  |    0    0    0    0  |    0    0    0    0  |    0    0    0    0  |    0    0    0    0  |    0    0    0    0  |  0x8    0    0    0  |    0    0    0    0  |    0  0xe    0    0  |    0    0  0x2    0  |    0    0  0x8    0  |    0    0    0    0  |    0    0    0    0  |    0    0    0    0  |    0    0    0    0  |    0    0    0    0  |    0    0    0    0  |    0    0    0    0  |    0    0    0    0  | 
   0    0    0    0  |    0    0    0    0  |    0    0    0    0  |    0    0    0    0  |    0    0    0    0  |    0    0    0    0  |    0    0    0    0  |    0    0    0    0  |    0    0    0    0  |    0    0    0    0  |    0    0    0    0  |    0    0    0    0  |    0    0    0    0  |    0    0    0    0  |    0    0    0    0  |    0    0    0    0  |    0    0    0    0  |    0    0    0    0  |    0    0    0    0  |    0    0    0    0  |    0    0    0    0  |    0    0    0    0  |    0    0    0    0  |    0    0    0    0  |    0    0    0    0  |    0    0    0    0  |    0    0    0    0  |    0    0    0    0  | 
   0    0    0    0  |    0    0    0    0  |    0    0    0    0  |    0    0    0    0  |    0    0    0    0  |    0    0    0    0  |    0    0    0    0  |    0    0    0    0  |    0    0    0    0  |    0    0    0    0  |    0    0    0    0  |    0    0    0    0  |    0    0    0    0  |    0    0    0    0  |    0    0    0    0  |    0    0    0    0  |    0    0    0    0  |    0    0    0    0  |    0    0    0    0  |    0    0    0    0  |    0    0    0    0  |    0    0    0    0  |    0    0    0  0x8  |    0    0    0  0x3  |    0    0    0  0x5  |    0    0    0  0x2  |    0    0    0    0  |    0    0    0    0  | 
------------------------
   0    0    0    0  |    0    0    0    0  |    0    0    0    0  |    0    0    0    0  |    0    0    0    0  |    0    0    0    0  |    0    0    0    0  |    0    0    0    0  |    0    0    0    0  |    0    0    0    0  |    0    0    0    0  |    0    0    0    0  |    0    0    0    0  |    0    0    0    0  |    0    0    0    0  |    0    0    0    0  |    0  0x8    0    0  |    0  0x3    0    0  |    0  0x5  0xa    0  |    0  0x2  0x3    0  |    0    0  0x3  0xa  |    0    0  0xa  0x5  |    0    0    0  0x3  |    0    0    0  0x4  |    0    0    0    0  |    0    0    0    0  |  0x2    0    0    0  |    0    0    0    0  | 
   0    0    0    0  |    0    0    0    0  |    0    0    0    0  |    0    0    0    0  |    0    0    0    0  |    0    0    0    0  |    0    0    0    0  |    0    0    0    0  |    0    0    0    0  |    0    0    0    0  |    0    0    0    0  |    0    0    0    0  |    0    0    0    0  |    0    0    0    0  |    0    0    0    0  |  0x8    0    0    0  |    0    0    0    0  |    0  0xe    0    0  |    0    0  0x2    0  |    0    0  0x8    0  |    0    0    0    0  |    0    0    0    0  |    0    0    0    0  |    0    0    0    0  |    0    0    0    0  |    0    0    0    0  |    0    0    0    0  |    0    0    0    0  | 
   0    0    0    0  |    0    0    0    0  |    0    0    0    0  |    0    0    0    0  |    0    0    0    0  |    0    0    0    0  |    0    0    0    0  |    0    0    0    0  |    0    0    0    0  |    0    0    0    0  |    0    0    0    0  |    0    0    0    0  |    0    0    0    0  |    0    0    0    0  |    0    0    0    0  |    0    0    0    0  |    0    0    0    0  |    0    0    0    0  |    0    0    0    0  |    0    0    0    0  |    0    0    0    0  |    0    0    0    0  |    0    0    0    0  |    0    0    0    0  |    0    0    0    0  |    0    0    0    0  |    0    0    0    0  |    0    0    0    0  | 
   0    0    0    0  |    0    0    0    0  |    0    0    0    0  |    0    0    0    0  |    0    0    0    0  |    0    0    0    0  |    0    0    0    0  |    0    0    0    0  |    0    0    0    0  |    0    0    0    0  |    0    0    0    0  |    0    0    0    0  |    0    0    0    0  |    0    0    0    0  |    0    0    0    0  |    0    0    0    0  |    0    0    0    0  |    0    0    0    0  |    0    0    0    0  |    0    0    0    0  |    0    0    0    0  |    0    0    0    0  |    0    0    0  0xc  |    0    0    0  0x1  |    0    0    0  0x5  |    0    0    0  0x2  |    0    0    0    0  |    0    0    0    0  | 
------------------------
   0    0    0    0  |    0    0    0    0  |    0    0    0    0  |    0    0    0    0  |    0    0    0    0  |    0    0    0    0  |    0    0    0    0  |    0    0    0    0  |    0    0    0    0  |    0    0    0    0  |    0    0    0    0  |    0    0    0    0  |    0    0    0    0  |    0    0    0    0  |    0    0    0    0  |    0    0    0    0  |    0    0    0    0  |    0    0    0    0  |    0  0x4    0    0  |    0  0x2    0    0  |    0    0  0x2  0x8  |    0    0  0xa  0x5  |    0    0    0  0x3  |    0    0    0  0x4  |    0    0    0    0  |    0    0    0    0  |  0x2    0    0    0  |    0    0    0    0  | 
   0    0    0    0  |    0    0    0    0  |    0    0    0    0  |    0    0    0    0  |    0    0    0    0  |    0    0    0    0  |    0    0    0    0  |    0    0    0    0  |    0    0    0    0  |    0    0    0    0  |    0    0    0    0  |    0    0    0    0  |    0    0    0    0  |    0    0    0    0  |    0    0    0    0  |    0    0    0    0  |    0    0    0    0  |    0  0x6    0    0  |    0    0  0x2    0  |    0    0  0x8    0  |    0    0    0    0  |    0    0    0    0  |    0    0    0    0  |    0    0    0    0  |    0    0    0    0  |    0    0    0    0  |    0    0    0    0  |    0    0    0    0  | 
   0    0    0    0  |    0    0    0    0  |    0    0    0    0  |    0    0    0    0  |    0    0    0    0  |    0    0    0    0  |    0    0    0  0x8  |    0    0    0    0  |    0    0    0    0  |    0    0    0    0  |    0    0    0    0  |    0    0    0    0  |    0    0    0    0  |    0    0    0    0  |    0    0    0    0  |    0    0    0    0  |    0    0    0    0  |    0    0    0    0  |    0    0    0    0  |    0    0    0    0  |    0    0    0    0  |    0    0    0    0  |    0    0    0    0  |    0    0    0    0  |    0    0    0    0  |    0    0    0    0  |    0    0    0    0  |    0    0    0    0  | 
   0    0    0    0  |    0    0    0    0  |    0    0    0    0  |    0    0  0x1    0  |    0    0  0x1    0  |    0    0  0x8    0  |    0    0    0    0  |    0    0    0    0  |    0    0    0    0  |    0    0    0    0  |    0    0    0    0  |    0    0    0    0  |    0    0    0    0  |    0    0    0    0  |    0    0    0    0  |    0    0    0    0  |    0    0    0    0  |    0    0    0    0  |    0    0    0    0  |    0    0    0    0  |    0    0    0    0  |    0    0    0    0  |    0    0    0  0xc  |    0    0    0  0x1  |    0    0    0  0x5  |    0    0    0  0x2  |    0    0    0    0  |    0    0    0    0  | 
------------------------
   0    0    0    0  |    0    0    0    0  |    0    0    0    0  |    0    0    0    0  |    0    0    0    0  |    0    0    0    0  |    0    0    0    0  |    0    0    0    0  |    0    0    0    0  |    0    0    0    0  |    0    0    0    0  |    0    0    0    0  |    0    0    0    0  |    0    0    0    0  |    0    0    0    0  |    0    0    0    0  |    0    0    0    0  |    0    0    0    0  |    0  0xc    0    0  |    0  0x2    0    0  |    0    0  0x6    0  |    0    0  0x8  0x4  |    0    0    0    0  |    0    0    0  0x4  |    0    0    0    0  |    0    0    0    0  |  0x2    0    0    0  |    0    0    0    0  | 
   0    0    0    0  |    0    0    0    0  |    0    0    0    0  |    0    0    0    0  |    0    0    0    0  |    0    0    0    0  |    0    0    0    0  |    0    0    0    0  |    0    0    0    0  |    0    0    0    0  |    0    0    0    0  |    0    0    0    0  |    0    0    0    0  |    0    0    0    0  |    0    0    0    0  |  0x1    0    0    0  |  0x1    0    0    0  |  0x8  0x6    0    0  |    0    0  0x2    0  |    0    0  0x4    0  |    0    0    0    0  |    0    0    0    0  |    0    0    0    0  |    0    0    0    0  |    0    0    0    0  |    0    0    0    0  |    0    0    0    0  |    0    0    0    0  | 
   0    0    0    0  |    0    0    0    0  |    0    0    0    0  |    0    0    0    0  |    0    0    0    0  |    0    0    0    0  |    0    0    0    0  |    0    0    0    0  |    0    0    0    0  |    0    0    0    0  |    0    0    0    0  |    0    0    0    0  |    0    0    0    0  |    0    0    0    0  |    0    0    0    0  |    0    0    0    0  |    0    0    0    0  |    0    0    0    0  |    0    0    0    0  |    0    0    0    0  |    0    0    0    0  |    0    0    0    0  |    0    0    0    0  |    0    0    0    0  |    0    0    0    0  |    0    0    0    0  |    0    0    0    0  |    0    0    0    0  | 
   0    0    0    0  |    0    0    0    0  |    0    0    0    0  |    0    0    0    0  |    0    0    0    0  |    0    0    0    0  |    0    0    0    0  |    0    0    0    0  |    0    0    0    0  |    0    0    0    0  |    0    0    0    0  |    0    0    0    0  |    0    0    0    0  |    0    0    0    0  |    0    0    0    0  |    0    0    0    0  |    0    0    0    0  |    0    0    0    0  |    0    0    0    0  |    0    0    0    0  |    0    0    0    0  |    0    0    0    0  |    0    0    0  0xc  |    0    0    0  0x1  |    0    0    0  0x5  |    0    0    0  0x2  |    0    0    0    0  |    0    0    0    0  | 
------------------------
   0    0    0    0  |    0    0    0    0  |    0    0    0    0  |    0    0    0    0  |    0    0    0    0  |    0    0    0    0  |    0    0    0    0  |    0    0    0    0  |    0    0    0    0  |    0    0    0    0  |    0    0    0    0  |    0    0    0    0  |    0    0    0    0  |    0    0    0    0  |    0    0    0    0  |    0    0    0    0  |    0    0    0    0  |    0    0    0    0  |    0  0xc    0    0  |    0  0x2    0    0  |    0    0  0x2  0x8  |    0    0  0xa  0x5  |    0    0    0  0x3  |    0    0    0  0x4  |    0    0    0    0  |    0    0    0    0  |  0x2    0    0    0  |    0    0    0    0  | 
   0    0    0    0  |    0    0    0    0  |    0    0    0    0  |    0    0    0    0  |    0    0    0    0  |    0    0    0    0  |    0    0    0    0  |    0    0    0    0  |    0    0    0    0  |    0    0    0    0  |    0    0    0    0  |    0    0    0    0  |    0    0    0    0  |    0    0    0    0  |    0    0    0    0  |  0x1    0    0    0  |  0x1    0    0    0  |  0x8  0x6    0    0  |    0    0  0x2    0  |    0    0  0x8    0  |    0    0    0    0  |    0    0    0    0  |    0    0    0    0  |    0    0    0    0  |    0    0    0    0  |    0    0    0    0  |    0    0    0    0  |    0    0    0    0  | 
   0    0    0    0  |    0    0    0    0  |    0    0    0    0  |    0    0    0    0  |    0    0    0    0  |    0    0    0    0  |    0    0    0    0  |    0    0    0    0  |    0    0    0    0  |    0    0    0    0  |    0    0    0    0  |    0    0    0    0  |    0    0    0    0  |    0    0    0    0  |    0    0    0    0  |    0    0    0    0  |    0    0    0    0  |    0    0    0    0  |    0    0    0    0  |    0    0    0    0  |    0    0    0    0  |    0    0    0    0  |    0    0    0    0  |    0    0    0    0  |    0    0    0    0  |    0    0    0    0  |    0    0    0    0  |    0    0    0    0  | 
   0    0    0    0  |    0    0    0    0  |    0    0    0    0  |    0    0    0    0  |    0    0    0    0  |    0    0    0    0  |    0    0    0    0  |    0    0    0    0  |    0    0    0    0  |    0    0    0    0  |    0    0    0    0  |    0    0    0    0  |    0    0    0    0  |    0    0    0    0  |    0    0    0    0  |    0    0    0    0  |    0    0    0    0  |    0    0    0    0  |    0    0    0    0  |    0    0    0    0  |    0    0    0    0  |    0    0    0    0  |    0    0    0  0xc  |    0    0    0  0x1  |    0    0    0  0x5  |    0    0    0  0x2  |    0    0    0    0  |    0    0    0    0  | 
------------------------
   0    0    0    0  |    0    0    0    0  |    0    0    0    0  |    0    0    0    0  |    0    0    0    0  |    0    0    0    0  |    0    0    0    0  |    0    0    0    0  |    0    0    0    0  |    0    0    0    0  |    0    0    0    0  |    0    0    0    0  |    0    0    0    0  |    0    0    0    0  |    0    0    0    0  |    0    0    0    0  |    0    0    0    0  |    0    0    0    0  |    0  0xc    0    0  |    0  0x2    0    0  |    0    0  0x6    0  |    0    0  0x8    0  |    0    0    0    0  |    0    0    0  0x4  |  0x2    0    0    0  |    0    0    0    0  |  0x2    0    0    0  |    0    0    0    0  | 
   0    0    0    0  |    0    0    0    0  |    0    0    0    0  |    0    0    0    0  |    0    0    0    0  |    0    0    0    0  |    0    0    0    0  |    0    0    0    0  |    0    0    0    0  |    0    0    0    0  |    0    0    0    0  |    0    0    0    0  |    0    0    0    0  |    0    0    0    0  |    0    0    0    0  |  0x1    0    0    0  |  0x1    0    0    0  |  0x8  0x6    0    0  |    0    0  0x2    0  |    0    0  0x4    0  |    0    0    0    0  |    0    0    0    0  |    0    0    0    0  |    0    0    0    0  |    0    0    0    0  |    0    0    0    0  |    0    0    0    0  |    0    0    0    0  | 
   0    0    0    0  |    0    0    0    0  |    0    0    0    0  |    0    0    0    0  |    0    0    0    0  |    0    0    0    0  |    0    0    0    0  |    0    0    0    0  |    0    0    0    0  |    0    0    0    0  |    0    0    0    0  |    0    0    0    0  |    0    0    0    0  |    0    0    0    0  |    0    0    0    0  |    0    0    0    0  |    0    0    0    0  |    0    0    0    0  |    0    0    0    0  |    0    0    0    0  |    0    0    0    0  |    0    0    0    0  |    0    0    0    0  |    0    0    0    0  |    0    0    0    0  |    0    0    0    0  |    0    0    0    0  |    0    0    0    0  | 
   0    0    0    0  |    0    0    0    0  |    0    0    0    0  |    0    0    0    0  |    0    0    0    0  |    0    0    0    0  |    0    0    0    0  |    0    0    0    0  |    0    0    0    0  |    0    0    0    0  |    0    0    0    0  |    0    0    0    0  |    0    0    0    0  |    0    0    0    0  |    0    0    0    0  |    0    0    0    0  |    0    0    0    0  |    0    0    0    0  |    0    0    0    0  |    0    0    0    0  |    0    0    0    0  |    0    0    0    0  |    0    0    0  0x8  |    0    0    0  0x3  |    0    0    0  0x5  |    0    0    0  0x2  |    0    0    0    0  |    0    0    0    0  | 
------------------------
   0    0    0    0  |    0    0    0    0  |    0    0    0    0  |    0    0    0    0  |    0    0    0    0  |    0    0    0    0  |    0    0    0    0  |    0    0    0    0  |    0    0    0    0  |    0    0    0    0  |    0    0    0    0  |    0    0    0    0  |    0    0    0    0  |    0    0    0    0  |    0    0    0    0  |    0    0    0    0  |    0    0    0    0  |    0    0    0    0  |    0  0xc    0    0  |    0  0x2    0    0  |    0    0  0x2  0x8  |    0    0  0xa  0x1  |    0    0    0  0x3  |    0    0    0  0x4  |  0x2    0    0    0  |    0    0    0    0  |  0x2    0    0    0  |    0    0    0    0  | 
   0    0    0    0  |    0    0    0    0  |    0    0    0    0  |    0    0    0    0  |    0    0    0    0  |    0    0    0    0  |    0    0    0    0  |    0    0    0    0  |    0    0    0    0  |    0    0    0    0  |    0    0    0    0  |    0    0    0    0  |    0    0    0    0  |    0    0    0    0  |    0    0    0    0  |  0x1    0    0    0  |  0x1    0    0    0  |  0x8  0x6    0    0  |    0    0  0x2    0  |    0    0  0x8    0  |    0    0    0    0  |    0    0    0    0  |    0    0    0    0  |    0    0    0    0  |    0    0    0    0  |    0    0    0    0  |    0    0    0    0  |    0    0    0    0  | 
   0    0    0    0  |    0    0    0    0  |    0    0    0    0  |    0    0    0    0  |    0    0    0    0  |    0    0    0    0  |    0    0    0    0  |    0    0    0    0  |    0    0    0    0  |    0    0    0    0  |    0    0    0    0  |    0    0    0    0  |    0    0    0    0  |    0    0    0    0  |    0    0    0    0  |    0    0    0    0  |    0    0    0    0  |    0    0    0    0  |    0    0    0    0  |    0    0    0    0  |    0    0    0    0  |    0    0    0    0  |    0    0    0    0  |    0    0    0    0  |    0    0    0    0  |    0    0    0    0  |    0    0    0    0  |    0    0    0    0  | 
   0    0    0    0  |    0    0    0    0  |    0    0    0    0  |    0    0    0    0  |    0    0    0    0  |    0    0    0    0  |    0    0    0    0  |    0    0    0    0  |    0    0    0    0  |    0    0    0    0  |    0    0    0    0  |    0    0    0    0  |    0    0    0    0  |    0    0    0    0  |    0    0    0    0  |    0    0    0    0  |    0    0    0    0  |    0    0    0    0  |    0    0    0    0  |    0    0    0    0  |    0    0    0    0  |    0    0    0    0  |    0    0    0  0x8  |    0    0    0  0x3  |    0    0    0  0x5  |    0    0    0  0x2  |    0    0    0    0  |    0    0    0    0  | 
------------------------
   0    0    0    0  |    0    0    0    0  |    0    0    0    0  |    0    0    0    0  |    0    0    0    0  |    0    0    0    0  |    0    0    0    0  |    0    0    0    0  |    0    0    0    0  |    0    0    0    0  |    0    0    0    0  |    0    0    0    0  |    0    0    0    0  |    0    0    0    0  |    0    0    0    0  |    0    0    0    0  |    0    0    0    0  |    0    0    0    0  |    0  0x4    0    0  |    0  0x2    0    0  |    0    0  0x6    0  |    0    0  0x8    0  |    0    0    0    0  |    0    0    0  0x4  |  0x2    0    0    0  |    0    0    0    0  |  0x2    0    0    0  |    0    0    0    0  | 
   0    0    0    0  |    0    0    0    0  |    0    0    0    0  |    0    0    0    0  |    0    0    0    0  |    0    0    0    0  |    0    0    0    0  |    0    0    0    0  |    0    0    0    0  |    0    0    0    0  |    0    0    0    0  |    0    0    0    0  |    0    0    0    0  |    0    0    0    0  |    0    0    0    0  |    0    0    0    0  |    0    0    0    0  |    0  0x6    0    0  |    0    0  0x2    0  |    0    0  0x4    0  |    0    0    0    0  |    0    0    0    0  |    0    0    0    0  |    0    0    0    0  |    0    0    0    0  |    0    0    0    0  |    0    0    0    0  |    0    0    0    0  | 
   0    0    0    0  |    0    0    0    0  |    0    0    0    0  |    0    0    0    0  |    0    0    0    0  |    0    0    0    0  |    0    0    0  0x8  |    0    0    0    0  |    0    0    0    0  |    0    0    0    0  |    0    0    0    0  |    0    0    0    0  |    0    0    0    0  |    0    0    0    0  |    0    0    0    0  |    0    0    0    0  |    0    0    0    0  |    0    0    0    0  |    0    0    0    0  |    0    0    0    0  |    0    0    0    0  |    0    0    0    0  |    0    0    0    0  |    0    0    0    0  |    0    0    0    0  |    0    0    0    0  |    0    0    0    0  |    0    0    0    0  | 
   0    0    0    0  |    0    0    0    0  |    0    0    0    0  |    0    0  0x1    0  |    0    0  0x1    0  |    0    0  0x8    0  |    0    0    0    0  |    0    0    0    0  |    0    0    0    0  |    0    0    0    0  |    0    0    0    0  |    0    0    0    0  |    0    0    0    0  |    0    0    0    0  |    0    0    0    0  |    0    0    0    0  |    0    0    0    0  |    0    0    0    0  |    0    0    0    0  |    0    0    0    0  |    0    0    0    0  |    0    0    0    0  |    0    0    0  0x8  |    0    0    0  0x3  |    0    0    0  0x5  |    0    0    0  0x2  |    0    0    0    0  |    0    0    0    0  | 
------------------------
   0    0    0    0  |    0    0    0    0  |    0    0    0    0  |    0    0    0    0  |    0    0    0    0  |    0    0    0    0  |    0    0    0    0  |    0    0    0    0  |    0    0    0    0  |    0    0    0    0  |    0    0    0    0  |    0    0    0    0  |    0    0    0    0  |    0    0    0    0  |    0    0    0    0  |    0    0    0    0  |    0    0    0    0  |    0    0    0    0  |    0  0x4    0    0  |    0  0x2    0    0  |    0    0  0x2  0x8  |    0    0  0xa  0x1  |    0    0    0  0x3  |    0    0    0  0x4  |  0x2    0    0    0  |    0    0    0    0  |  0x2    0    0    0  |    0    0    0    0  | 
   0    0    0    0  |    0    0    0    0  |    0    0    0    0  |    0    0    0    0  |    0    0    0    0  |    0    0    0    0  |    0    0    0    0  |    0    0    0    0  |    0    0    0    0  |    0    0    0    0  |    0    0    0    0  |    0    0    0    0  |    0    0    0    0  |    0    0    0    0  |    0    0    0    0  |    0    0    0    0  |    0    0    0    0  |    0  0x6    0    0  |    0    0  0x2    0  |    0    0  0x8    0  |    0    0    0    0  |    0    0    0    0  |    0    0    0    0  |    0    0    0    0  |    0    0    0    0  |    0    0    0    0  |    0    0    0    0  |    0    0    0    0  | 
   0    0    0    0  |    0    0    0    0  |    0    0    0    0  |    0    0    0    0  |    0    0    0    0  |    0    0    0    0  |    0    0    0  0x8  |    0    0    0    0  |    0    0    0    0  |    0    0    0    0  |    0    0    0    0  |    0    0    0    0  |    0    0    0    0  |    0    0    0    0  |    0    0    0    0  |    0    0    0    0  |    0    0    0    0  |    0    0    0    0  |    0    0    0    0  |    0    0    0    0  |    0    0    0    0  |    0    0    0    0  |    0    0    0    0  |    0    0    0    0  |    0    0    0    0  |    0    0    0    0  |    0    0    0    0  |    0    0    0    0  | 
   0    0    0    0  |    0    0    0    0  |    0    0    0    0  |    0    0  0x1    0  |    0    0  0x1    0  |    0    0  0x8    0  |    0    0    0    0  |    0    0    0    0  |    0    0    0    0  |    0    0    0    0  |    0    0    0    0  |    0    0    0    0  |    0    0    0    0  |    0    0    0    0  |    0    0    0    0  |    0    0    0    0  |    0    0    0    0  |    0    0    0    0  |    0    0    0    0  |    0    0    0    0  |    0    0    0    0  |    0    0    0    0  |    0    0    0  0x8  |    0    0    0  0x3  |    0    0    0  0x5  |    0    0    0  0x2  |    0    0    0    0  |    0    0    0    0  | 
------------------------
   0    0    0    0  |    0    0    0    0  |    0    0    0    0  |    0    0    0    0  |    0    0    0    0  |    0    0    0    0  |    0    0    0    0  |  0x1    0    0    0  |  0x1    0    0    0  |  0x8    0    0    0  |    0    0    0    0  |    0    0    0    0  |    0    0    0    0  |    0    0    0    0  |    0    0    0    0  |    0    0    0    0  |    0    0    0    0  |    0    0    0    0  |    0    0    0    0  |    0    0    0    0  |    0    0  0x4  0x8  |    0    0  0x2  0x1  |    0    0    0  0x3  |    0    0    0    0  |    0    0    0    0  |    0    0    0    0  |    0    0    0    0  |    0    0    0    0  | 
   0    0    0    0  |    0    0    0    0  |    0    0    0    0  |    0    0    0    0  |    0    0    0    0  |    0    0    0    0  |    0    0    0    0  |    0    0    0    0  |    0    0    0    0  |    0    0    0    0  |    0    0    0    0  |    0    0    0    0  |    0    0    0    0  |    0    0    0    0  |    0    0    0    0  |    0    0    0    0  |    0    0    0    0  |    0    0    0    0  |    0    0    0    0  |    0    0  0xc    0  |    0    0    0    0  |    0    0    0    0  |    0    0    0    0  |    0    0    0    0  |    0    0    0    0  |    0    0    0    0  |    0    0    0    0  |    0    0    0    0  | 
   0    0    0    0  |    0    0    0    0  |    0    0    0    0  |    0    0    0    0  |    0    0  0x8    0  |    0    0    0    0  |    0    0    0    0  |    0    0    0    0  |    0    0    0    0  |    0    0    0    0  |    0    0    0    0  |    0    0    0    0  |    0    0    0    0  |    0    0    0    0  |    0    0    0    0  |    0    0    0    0  |    0    0    0    0  |    0    0    0    0  |    0    0    0    0  |    0    0    0    0  |    0    0    0    0  |    0    0    0    0  |    0    0    0    0  |    0    0    0    0  |    0    0    0    0  |    0    0    0    0  |    0    0    0    0  |    0    0    0    0  | 
   0    0    0    0  |    0  0x1    0    0  |    0  0x1    0    0  |    0  0x8    0    0  |    0    0    0    0  |    0    0    0    0  |    0    0    0    0  |    0    0    0    0  |    0    0    0    0  |    0    0    0    0  |    0  0x8    0    0  |    0    0    0    0  |    0    0    0    0  |    0    0    0    0  |    0    0    0    0  |    0    0    0    0  |    0    0    0    0  |    0    0    0    0  |    0    0    0    0  |    0    0    0    0  |    0    0    0    0  |    0    0    0    0  |    0    0    0    0  |    0    0    0    0  |    0    0    0    0  |    0    0    0    0  |    0    0    0    0  |    0    0    0    0  | 
------------------------
   0    0    0    0  |    0    0    0    0  |    0    0    0    0  |    0    0    0    0  |    0    0    0    0  |    0    0    0    0  |    0    0    0    0  |  0x1    0    0    0  |  0x1    0    0    0  |  0x8    0    0    0  |    0    0    0    0  |    0    0    0    0  |    0    0    0    0  |    0    0    0    0  |    0    0    0    0  |    0    0    0    0  |    0    0    0    0  |    0    0    0    0  |    0    0    0    0  |    0    0    0    0  |    0    0  0x4  0x8  |    0    0  0x2  0x1  |    0    0    0  0xb  |    0    0    0    0  |    0    0    0    0  |    0    0    0    0  |    0    0    0    0  |    0    0    0    0  | 
   0    0    0    0  |    0    0    0    0  |    0    0    0    0  |    0    0    0    0  |    0    0    0    0  |    0    0    0    0  |    0    0    0    0  |    0    0    0    0  |    0    0    0    0  |    0    0    0    0  |    0    0    0    0  |    0    0    0    0  |    0    0    0    0  |    0    0    0    0  |    0    0    0    0  |    0    0    0    0  |    0    0    0    0  |    0    0    0    0  |    0    0    0    0  |    0    0  0xd    0  |    0    0  0x1    0  |    0    0  0x8    0  |    0    0    0    0  |    0    0    0    0  |    0    0    0    0  |    0    0    0    0  |    0    0    0    0  |    0    0    0    0  | 
   0    0    0    0  |    0    0    0    0  |    0    0    0    0  |    0    0    0    0  |    0    0    0    0  |    0    0    0    0  |    0    0    0    0  |    0    0    0    0  |    0    0    0    0  |    0    0    0    0  |    0    0    0    0  |    0    0    0    0  |    0    0    0    0  |    0    0    0    0  |    0    0    0    0  |    0    0    0    0  |    0    0    0    0  |    0    0    0    0  |    0    0    0    0  |    0    0    0    0  |    0    0    0    0  |    0    0    0    0  |    0    0    0    0  |    0    0    0    0  |    0    0    0    0  |    0    0    0    0  |    0    0    0    0  |    0    0    0    0  | 
   0    0    0    0  |    0    0    0    0  |    0    0    0    0  |    0    0    0    0  |    0    0    0    0  |    0    0    0    0  |    0    0    0    0  |    0    0    0    0  |    0    0    0    0  |    0    0    0    0  |    0  0x8    0    0  |    0    0    0    0  |    0    0    0    0  |    0    0    0    0  |    0    0    0    0  |    0    0    0    0  |    0    0    0    0  |    0    0    0    0  |    0    0    0    0  |    0    0    0    0  |    0    0    0    0  |    0    0    0    0  |    0    0    0    0  |    0    0    0    0  |    0    0    0    0  |    0    0    0    0  |    0    0    0    0  |    0    0    0    0  | 
------------------------
   0    0    0    0  |    0    0    0    0  |    0    0    0    0  |    0    0    0    0  |    0    0    0    0  |    0    0    0    0  |    0    0    0    0  |    0    0    0    0  |    0    0    0    0  |    0    0    0    0  |    0    0    0    0  |    0    0    0    0  |    0    0    0    0  |    0    0    0    0  |    0    0    0    0  |    0    0    0    0  |    0    0    0    0  |    0    0    0    0  |    0    0    0    0  |    0    0    0    0  |    0    0  0x8    0  |    0    0    0    0  |    0    0    0  0x8  |    0    0    0    0  |    0    0    0    0  |    0    0    0    0  |    0    0    0    0  |    0    0    0    0  | 
   0    0    0    0  |    0    0    0    0  |    0    0    0    0  |    0    0    0    0  |    0    0    0    0  |    0    0    0    0  |    0    0    0    0  |    0    0    0    0  |    0    0    0    0  |    0    0    0    0  |    0    0    0    0  |    0    0    0    0  |    0    0    0    0  |    0    0    0    0  |    0    0    0    0  |    0    0    0    0  |    0    0    0    0  |    0  0x1    0    0  |    0  0x1    0    0  |    0  0xa  0x1    0  |    0    0  0x3    0  |    0    0  0x8    0  |    0    0    0    0  |    0    0    0    0  |    0    0    0    0  |    0    0    0    0  |    0    0    0    0  |    0    0    0    0  | 
   0    0    0    0  |    0    0    0    0  |    0    0    0    0  |    0    0    0    0  |    0    0    0    0  |    0    0    0    0  |    0    0    0    0  |    0    0    0    0  |    0    0    0    0  |    0    0    0    0  |    0    0    0    0  |    0    0    0    0  |    0    0    0    0  |    0    0    0    0  |    0    0    0    0  |    0    0    0    0  |    0    0    0    0  |    0    0    0    0  |    0    0    0    0  |    0    0    0    0  |    0    0    0    0  |    0    0    0    0  |    0    0    0    0  |    0    0    0    0  |    0    0    0    0  |    0    0    0    0  |    0    0    0    0  |    0    0    0    0  | 
   0    0    0    0  |    0    0    0    0  |    0    0    0    0  |    0    0    0    0  |    0    0    0    0  |    0    0    0    0  |    0    0    0    0  |    0    0    0    0  |    0    0    0    0  |    0    0    0    0  |    0    0    0    0  |    0    0    0    0  |    0    0    0    0  |    0    0    0    0  |    0    0    0    0  |    0    0    0    0  |    0    0    0    0  |    0    0    0    0  |    0    0    0    0  |    0    0    0    0  |    0    0    0    0  |    0    0    0    0  |    0    0    0    0  |    0    0    0    0  |    0    0    0    0  |    0    0    0    0  |    0    0    0    0  |    0    0    0    0  | 
------------------------
   0    0    0    0  |    0    0    0    0  |    0    0    0    0  |    0    0    0    0  |    0    0    0    0  |    0    0    0    0  |    0    0    0    0  |    0    0    0    0  |    0    0    0    0  |    0    0    0    0  |    0    0    0    0  |    0    0    0    0  |    0    0    0    0  |    0    0    0    0  |    0    0    0    0  |    0    0    0    0  |    0    0    0    0  |    0    0    0    0  |    0    0    0    0  |    0    0    0    0  |    0    0  0xc  0x8  |    0    0  0x2  0x1  |    0    0    0  0xb  |    0    0    0    0  |    0    0    0    0  |    0    0    0    0  |    0    0    0    0  |    0    0    0    0  | 
   0    0    0    0  |    0    0    0    0  |    0    0    0    0  |    0    0    0    0  |    0    0    0    0  |    0    0    0    0  |    0    0    0    0  |    0    0    0    0  |    0    0    0    0  |    0    0    0    0  |    0    0    0    0  |    0    0    0    0  |    0    0    0    0  |    0    0    0    0  |    0    0    0    0  |    0    0    0    0  |    0    0    0    0  |    0  0x1    0    0  |    0  0x1    0    0  |    0  0xa  0xd    0  |    0    0  0x3    0  |    0    0  0x8    0  |    0    0    0    0  |    0    0    0    0  |    0    0    0    0  |    0    0    0    0  |    0    0    0    0  |    0    0    0    0  | 
   0    0    0    0  |    0    0    0    0  |    0    0    0    0  |    0    0    0    0  |    0    0    0    0  |    0    0    0    0  |    0    0    0    0  |    0    0    0    0  |    0    0    0    0  |    0    0    0    0  |    0    0    0    0  |    0    0    0    0  |    0    0    0    0  |    0    0    0    0  |    0    0    0    0  |    0    0    0    0  |    0    0    0    0  |    0    0    0    0  |    0    0    0    0  |    0    0    0    0  |    0    0    0    0  |    0    0    0    0  |    0    0    0    0  |    0    0    0    0  |    0    0    0    0  |    0    0    0    0  |    0    0    0    0  |    0    0    0    0  | 
   0    0    0    0  |    0    0    0    0  |    0    0    0    0  |    0    0    0    0  |    0    0    0    0  |    0    0    0    0  |    0    0    0    0  |    0    0    0    0  |    0    0    0    0  |    0    0    0    0  |    0    0    0    0  |    0    0    0    0  |    0    0    0    0  |    0    0    0    0  |    0    0    0    0  |    0    0    0    0  |    0    0    0    0  |    0    0    0    0  |    0    0    0    0  |    0    0    0    0  |    0    0    0    0  |    0    0    0    0  |    0    0    0    0  |    0    0    0    0  |    0    0    0    0  |    0    0    0    0  |    0    0    0    0  |    0    0    0    0  | 
------------------------
   0    0    0    0  |    0    0    0    0  |    0    0    0    0  |    0    0    0    0  |    0    0    0    0  |    0    0    0    0  |    0    0    0    0  |    0    0    0    0  |    0    0    0    0  |    0    0    0    0  |    0    0    0    0  |    0    0    0    0  |    0    0    0    0  |    0    0    0  0x1  |    0    0    0  0x1  |    0    0    0  0x8  |  0x8    0    0    0  |    0    0    0    0  |    0  0x4    0    0  |    0  0x2    0    0  |    0    0  0x2  0x8  |    0    0  0xa  0x5  |    0    0    0  0x3  |    0    0    0  0x4  |    0    0    0    0  |    0    0    0    0  |  0x2    0    0    0  |    0    0    0    0  | 
   0    0    0    0  |    0    0    0    0  |    0    0    0    0  |    0    0    0    0  |    0    0    0    0  |    0    0    0    0  |    0    0    0    0  |    0    0    0    0  |    0    0    0    0  |    0    0    0    0  |    0    0    0    0  |    0    0    0    0  |    0    0    0    0  |    0    0    0    0  |    0    0    0    0  |    0    0    0    0  |    0    0    0    0  |    0  0x6    0    0  |    0    0  0x2    0  |    0    0  0x8    0  |    0    0    0    0  |    0    0    0    0  |    0    0    0    0  |    0    0    0    0  |    0    0    0    0  |    0    0    0    0  |    0    0    0    0  |    0    0    0    0  | 
   0    0    0    0  |    0    0    0    0  |    0    0    0    0  |    0    0    0    0  |    0    0    0    0  |    0    0    0    0  |    0    0    0    0  |    0    0    0    0  |    0    0    0    0  |    0    0    0    0  |    0    0    0    0  |    0    0    0    0  |    0    0    0    0  |    0    0    0    0  |    0    0    0    0  |    0    0    0    0  |    0    0    0    0  |    0    0    0    0  |    0    0    0    0  |    0    0    0    0  |    0    0    0    0  |    0    0    0    0  |    0    0    0    0  |    0    0    0    0  |    0    0    0    0  |    0    0    0    0  |    0    0    0    0  |    0    0    0    0  | 
   0    0    0    0  |    0    0    0    0  |    0    0    0    0  |    0    0    0    0  |    0    0    0    0  |    0    0    0    0  |    0    0    0    0  |    0    0    0    0  |    0    0    0    0  |    0    0    0    0  |    0    0    0    0  |    0    0    0    0  |    0    0    0    0  |    0    0    0    0  |    0    0    0    0  |    0    0    0    0  |    0    0    0    0  |    0    0    0    0  |    0    0    0    0  |    0    0    0    0  |    0    0    0    0  |    0    0    0    0  |    0    0    0  0xc  |    0    0    0  0x1  |    0    0    0  0x5  |    0    0    0  0x2  |    0    0    0    0  |    0    0    0    0  | 
------------------------
   0    0    0    0  |    0    0    0    0  |    0    0    0    0  |    0    0    0    0  |    0    0    0    0  |    0    0    0    0  |    0    0    0    0  |  0x1    0    0    0  |  0x1    0    0    0  |  0x8    0    0    0  |    0    0    0    0  |    0    0    0    0  |    0    0    0    0  |    0    0    0    0  |    0    0    0    0  |    0    0    0    0  |    0    0    0    0  |    0    0    0    0  |    0  0x8    0    0  |    0    0    0    0  |    0    0  0x4  0x8  |    0    0  0x2  0x1  |    0    0    0  0x3  |    0    0    0    0  |    0    0    0    0  |    0    0    0    0  |    0    0    0    0  |    0    0    0    0  | 
   0    0    0    0  |    0    0    0    0  |    0    0    0    0  |    0    0    0    0  |    0    0    0    0  |    0    0    0    0  |    0    0    0    0  |    0    0    0    0  |    0    0    0    0  |    0    0    0    0  |    0    0    0    0  |    0    0    0    0  |    0    0    0    0  |    0    0    0    0  |    0    0    0    0  |  0x1    0    0    0  |  0x1    0    0    0  |  0x8    0    0    0  |    0    0    0    0  |    0    0  0xc    0  |    0    0    0    0  |    0    0    0    0  |    0    0    0    0  |    0    0    0    0  |    0    0    0    0  |    0    0    0    0  |    0    0    0    0  |    0    0    0    0  | 
   0    0    0    0  |    0    0    0    0  |    0    0    0    0  |    0    0    0    0  |    0    0    0    0  |    0    0    0    0  |    0    0    0    0  |    0    0    0    0  |    0    0    0    0  |    0    0    0    0  |    0    0    0    0  |    0    0    0    0  |    0    0    0    0  |    0    0    0    0  |    0    0    0    0  |    0    0    0    0  |    0    0    0    0  |    0    0    0    0  |    0    0    0    0  |    0    0    0    0  |    0    0    0    0  |    0    0    0    0  |    0    0    0    0  |    0    0    0    0  |    0    0    0    0  |    0    0    0    0  |    0    0    0    0  |    0    0    0    0  | 
   0    0    0    0  |    0    0    0    0  |    0    0    0    0  |    0    0    0    0  |    0    0    0    0  |    0    0    0    0  |    0    0    0    0  |    0    0    0    0  |    0    0    0    0  |    0    0    0    0  |    0  0x8    0    0  |    0    0    0    0  |    0    0    0    0  |    0    0    0    0  |    0    0    0    0  |    0    0    0    0  |    0    0    0    0  |    0    0    0    0  |    0    0    0    0  |    0    0    0    0  |    0    0    0    0  |    0    0    0    0  |    0    0    0    0  |    0    0    0    0  |    0    0    0    0  |    0    0    0    0  |    0    0    0    0  |    0    0    0    0  | 
------------------------
   0    0    0    0  |    0    0    0    0  |    0    0    0    0  |    0    0    0    0  |    0    0    0    0  |    0    0    0    0  |    0    0    0    0  |    0    0    0    0  |    0    0    0    0  |    0    0    0    0  |    0    0    0    0  |    0    0  0x1    0  |    0    0  0x1    0  |    0    0  0x8    0  |    0    0    0    0  |    0    0    0    0  |    0    0    0    0  |    0    0    0    0  |    0  0x4    0    0  |    0  0x2    0    0  |    0    0  0x2  0x8  |    0    0  0xa  0x5  |    0    0    0  0x3  |    0    0    0  0x4  |    0    0    0    0  |    0    0    0    0  |  0x2    0    0    0  |    0    0    0    0  | 
   0    0    0    0  |    0    0    0    0  |    0    0    0    0  |    0    0    0    0  |    0    0    0    0  |    0    0    0    0  |    0    0    0    0  |    0    0    0    0  |    0    0    0    0  |    0    0    0    0  |    0    0    0    0  |    0    0    0    0  |    0    0    0    0  |    0    0    0    0  |    0    0    0    0  |    0    0    0    0  |    0    0    0    0  |    0  0x6    0    0  |    0    0  0x2    0  |    0    0  0x8    0  |    0    0    0    0  |    0    0    0    0  |    0    0    0    0  |    0    0    0    0  |    0    0    0    0  |    0    0    0    0  |    0    0    0    0  |    0    0    0    0  | 
   0    0    0    0  |    0    0    0    0  |    0    0    0    0  |    0    0    0    0  |    0    0    0    0  |    0    0    0    0  |    0    0    0    0  |    0    0    0    0  |    0    0    0    0  |    0    0    0    0  |    0    0    0    0  |    0    0    0    0  |    0    0    0    0  |    0    0    0    0  |    0    0    0    0  |    0    0    0    0  |    0    0    0    0  |    0    0    0    0  |    0    0    0    0  |    0    0    0    0  |    0    0    0    0  |    0    0    0    0  |    0    0    0    0  |    0    0    0    0  |    0    0    0    0  |    0    0    0    0  |    0    0    0    0  |    0    0    0    0  | 
   0    0    0    0  |    0    0    0    0  |    0    0    0    0  |    0    0    0    0  |    0    0    0    0  |    0    0    0    0  |    0    0    0    0  |    0    0    0    0  |    0    0    0    0  |    0    0    0    0  |    0    0    0    0  |    0    0    0    0  |    0    0    0    0  |    0    0    0    0  |    0    0    0  0x8  |    0    0    0    0  |    0    0    0    0  |    0    0    0    0  |    0    0    0    0  |    0    0    0    0  |    0    0    0    0  |    0    0    0    0  |    0    0    0  0xc  |    0    0    0  0x1  |    0    0    0  0x5  |    0    0    0  0x2  |    0    0    0    0  |    0    0    0    0  | 
------------------------
   0    0    0    0  |    0    0    0    0  |    0    0    0    0  |    0    0    0    0  |    0    0    0    0  |    0    0    0    0  |    0    0    0    0  |    0    0    0    0  |    0    0    0    0  |    0    0    0    0  |    0    0    0    0  |    0    0    0    0  |    0    0    0    0  |    0    0    0    0  |    0    0    0    0  |    0    0    0    0  |    0    0    0    0  |    0    0    0    0  |    0  0x4    0    0  |    0  0x2    0    0  |    0    0  0xe    0  |    0    0  0x8  0x4  |    0    0    0    0  |    0    0    0  0x4  |    0    0    0    0  |    0    0    0    0  |  0x2    0    0    0  |    0    0    0    0  | 
   0    0    0    0  |    0    0    0    0  |    0    0    0    0  |    0    0    0    0  |    0    0    0    0  |    0    0    0    0  |    0    0    0    0  |    0    0    0    0  |    0    0    0    0  |    0    0    0    0  |    0    0    0    0  |    0    0    0    0  |    0    0    0    0  |    0    0    0    0  |    0    0    0    0  |    0    0    0    0  |    0    0    0    0  |    0  0x7    0    0  |    0  0x1  0x2    0  |    0  0x8  0x4    0  |    0    0    0    0  |    0    0    0    0  |    0    0    0    0  |    0    0    0    0  |    0    0    0    0  |    0    0    0    0  |    0    0    0    0  |    0    0    0    0  | 
   0    0    0    0  |    0    0    0    0  |    0    0    0    0  |    0    0    0    0  |    0    0    0    0  |    0    0    0    0  |    0    0    0    0  |    0    0    0    0  |    0    0    0    0  |    0    0    0    0  |    0    0    0    0  |    0    0    0    0  |    0    0    0    0  |    0    0    0    0  |    0    0    0    0  |    0    0    0    0  |    0    0    0    0  |    0    0    0    0  |    0    0    0    0  |    0    0    0    0  |    0    0    0    0  |    0    0    0    0  |    0    0    0    0  |    0    0    0    0  |    0    0    0    0  |    0    0    0    0  |    0    0    0    0  |    0    0    0    0  | 
   0    0    0    0  |    0    0    0    0  |    0    0    0    0  |    0    0    0    0  |    0    0    0    0  |    0    0    0    0  |    0    0    0    0  |    0    0    0    0  |    0    0    0    0  |    0    0    0    0  |    0    0    0    0  |    0    0    0    0  |    0    0    0    0  |    0    0    0    0  |    0    0    0    0  |    0    0    0    0  |    0    0    0    0  |    0    0    0    0  |    0    0    0    0  |    0    0    0    0  |    0    0    0    0  |    0    0    0    0  |    0    0    0  0xc  |    0    0    0  0x1  |    0    0    0  0x5  |    0    0    0  0x2  |    0    0    0    0  |    0    0    0    0  | 
------------------------
   0    0    0    0  |    0    0    0    0  |    0    0    0    0  |    0    0    0    0  |    0    0    0    0  |    0    0    0    0  |    0    0    0    0  |    0    0    0    0  |    0    0    0    0  |    0    0    0    0  |    0    0    0    0  |    0    0    0    0  |    0    0    0    0  |    0    0    0    0  |    0    0    0    0  |    0    0    0    0  |    0    0    0    0  |    0    0    0    0  |    0  0x4    0    0  |    0  0x2    0    0  |    0    0  0xa  0x8  |    0    0  0xa  0x5  |    0    0    0  0x3  |    0    0    0  0x4  |    0    0    0    0  |    0    0    0    0  |  0x2    0    0    0  |    0    0    0    0  | 
   0    0    0    0  |    0    0    0    0  |    0    0    0    0  |    0    0    0    0  |    0    0    0    0  |    0    0    0    0  |    0    0    0    0  |    0    0    0    0  |    0    0    0    0  |    0    0    0    0  |    0    0    0    0  |    0    0    0    0  |    0    0    0    0  |    0    0    0    0  |    0    0    0    0  |    0    0    0    0  |    0    0    0    0  |    0  0x7    0    0  |    0  0x1  0x2    0  |    0  0x8  0x8    0  |    0    0    0    0  |    0    0    0    0  |    0    0    0    0  |    0    0    0    0  |    0    0    0    0  |    0    0    0    0  |    0    0    0    0  |    0    0    0    0  | 
   0    0    0    0  |    0    0    0    0  |    0    0    0    0  |    0    0    0    0  |    0    0    0    0  |    0    0    0    0  |    0    0    0    0  |    0    0    0    0  |    0    0    0    0  |    0    0    0    0  |    0    0    0    0  |    0    0    0    0  |    0    0    0    0  |    0    0    0    0  |    0    0    0    0  |    0    0    0    0  |    0    0    0    0  |    0    0    0    0  |    0    0    0    0  |    0    0    0    0  |    0    0    0    0  |    0    0    0    0  |    0    0    0    0  |    0    0    0    0  |    0    0    0    0  |    0    0    0    0  |    0    0    0    0  |    0    0    0    0  | 
   0    0    0    0  |    0    0    0    0  |    0    0    0    0  |    0    0    0    0  |    0    0    0    0  |    0    0    0    0  |    0    0    0    0  |    0    0    0    0  |    0    0    0    0  |    0    0    0    0  |    0    0    0    0  |    0    0    0    0  |    0    0    0    0  |    0    0    0    0  |    0    0    0    0  |    0    0    0    0  |    0    0    0    0  |    0    0    0    0  |    0    0    0    0  |    0    0    0    0  |    0    0    0    0  |    0    0    0    0  |    0    0    0  0xc  |    0    0    0  0x1  |    0    0    0  0x5  |    0    0    0  0x2  |    0    0    0    0  |    0    0    0    0  | 
------------------------
   0    0    0    0  |    0    0    0    0  |    0    0    0    0  |    0    0    0    0  |    0    0    0    0  |    0    0    0    0  |    0    0    0    0  |    0    0    0    0  |    0    0    0    0  |    0    0    0    0  |    0    0    0    0  |    0    0    0    0  |    0    0    0    0  |    0    0    0    0  |    0    0    0    0  |    0    0    0    0  |    0    0    0    0  |    0    0    0    0  |    0  0x4    0    0  |    0  0x2    0    0  |    0    0  0xe    0  |    0    0  0x8    0  |    0    0    0    0  |    0    0    0  0x4  |  0x2    0    0    0  |    0    0    0    0  |  0x2    0    0    0  |    0    0    0    0  | 
   0    0    0    0  |    0    0    0    0  |    0    0    0    0  |    0    0    0    0  |    0    0    0    0  |    0    0    0    0  |    0    0    0    0  |    0    0    0    0  |    0    0    0    0  |    0    0    0    0  |    0    0    0    0  |    0    0    0    0  |    0    0    0    0  |    0    0    0    0  |    0    0    0    0  |    0    0    0    0  |    0    0    0    0  |    0  0x7    0    0  |    0  0x1  0x2    0  |    0  0x8  0x4    0  |    0    0    0    0  |    0    0    0    0  |    0    0    0    0  |    0    0    0    0  |    0    0    0    0  |    0    0    0    0  |    0    0    0    0  |    0    0    0    0  | 
   0    0    0    0  |    0    0    0    0  |    0    0    0    0  |    0    0    0    0  |    0    0    0    0  |    0    0    0    0  |    0    0    0    0  |    0    0    0    0  |    0    0    0    0  |    0    0    0    0  |    0    0    0    0  |    0    0    0    0  |    0    0    0    0  |    0    0    0    0  |    0    0    0    0  |    0    0    0    0  |    0    0    0    0  |    0    0    0    0  |    0    0    0    0  |    0    0    0    0  |    0    0    0    0  |    0    0    0    0  |    0    0    0    0  |    0    0    0    0  |    0    0    0    0  |    0    0    0    0  |    0    0    0    0  |    0    0    0    0  | 
   0    0    0    0  |    0    0    0    0  |    0    0    0    0  |    0    0    0    0  |    0    0    0    0  |    0    0    0    0  |    0    0    0    0  |    0    0    0    0  |    0    0    0    0  |    0    0    0    0  |    0    0    0    0  |    0    0    0    0  |    0    0    0    0  |    0    0    0    0  |    0    0    0    0  |    0    0    0    0  |    0    0    0    0  |    0    0    0    0  |    0    0    0    0  |    0    0    0    0  |    0    0    0    0  |    0    0    0    0  |    0    0    0  0x8  |    0    0    0  0x3  |    0    0    0  0x5  |    0    0    0  0x2  |    0    0    0    0  |    0    0    0    0  | 
------------------------
   0    0    0    0  |    0    0    0    0  |    0    0    0    0  |    0    0    0    0  |    0    0    0    0  |    0    0    0    0  |    0    0    0    0  |    0    0    0    0  |    0    0    0    0  |    0    0    0    0  |    0    0    0    0  |    0    0    0    0  |    0    0    0    0  |    0    0    0    0  |    0    0    0    0  |    0    0    0    0  |    0    0    0    0  |    0    0    0    0  |    0  0x4    0    0  |    0  0x2    0    0  |    0    0  0xa  0x8  |    0    0  0xa  0x1  |    0    0    0  0x3  |    0    0    0  0x4  |  0x2    0    0    0  |    0    0    0    0  |  0x2    0    0    0  |    0    0    0    0  | 
   0    0    0    0  |    0    0    0    0  |    0    0    0    0  |    0    0    0    0  |    0    0    0    0  |    0    0    0    0  |    0    0    0    0  |    0    0    0    0  |    0    0    0    0  |    0    0    0    0  |    0    0    0    0  |    0    0    0    0  |    0    0    0    0  |    0    0    0    0  |    0    0    0    0  |    0    0    0    0  |    0    0    0    0  |    0  0x7    0    0  |    0  0x1  0x2    0  |    0  0x8  0x8    0  |    0    0    0    0  |    0    0    0    0  |    0    0    0    0  |    0    0    0    0  |    0    0    0    0  |    0    0    0    0  |    0    0    0    0  |    0    0    0    0  | 
   0    0    0    0  |    0    0    0    0  |    0    0    0    0  |    0    0    0    0  |    0    0    0    0  |    0    0    0    0  |    0    0    0    0  |    0    0    0    0  |    0    0    0    0  |    0    0    0    0  |    0    0    0    0  |    0    0    0    0  |    0    0    0    0  |    0    0    0    0  |    0    0    0    0  |    0    0    0    0  |    0    0    0    0  |    0    0    0    0  |    0    0    0    0  |    0    0    0    0  |    0    0    0    0  |    0    0    0    0  |    0    0    0    0  |    0    0    0    0  |    0    0    0    0  |    0    0    0    0  |    0    0    0    0  |    0    0    0    0  | 
   0    0    0    0  |    0    0    0    0  |    0    0    0    0  |    0    0    0    0  |    0    0    0    0  |    0    0    0    0  |    0    0    0    0  |    0    0    0    0  |    0    0    0    0  |    0    0    0    0  |    0    0    0    0  |    0    0    0    0  |    0    0    0    0  |    0    0    0    0  |    0    0    0    0  |    0    0    0    0  |    0    0    0    0  |    0    0    0    0  |    0    0    0    0  |    0    0    0    0  |    0    0    0    0  |    0    0    0    0  |    0    0    0  0x8  |    0    0    0  0x3  |    0    0    0  0x5  |    0    0    0  0x2  |    0    0    0    0  |    0    0    0    0  | 
------------------------
   0    0    0    0  |    0    0    0    0  |    0    0    0    0  |    0    0    0    0  |    0    0    0    0  |    0    0    0    0  |    0    0    0    0  |    0    0    0    0  |    0    0    0    0  |    0    0    0    0  |    0    0    0    0  |    0    0    0    0  |    0    0    0    0  |    0    0    0    0  |    0    0    0    0  |    0    0    0    0  |    0    0    0    0  |    0    0    0    0  |    0    0    0    0  |    0    0    0    0  |    0    0  0x4  0x8  |    0    0  0x2  0x1  |    0    0    0  0xb  |    0    0    0    0  |    0    0    0    0  |    0    0    0    0  |    0    0    0    0  |    0    0    0    0  | 
   0    0    0    0  |    0    0    0    0  |    0    0    0    0  |    0    0    0    0  |    0    0    0    0  |    0    0    0    0  |    0    0    0    0  |    0    0    0    0  |    0    0    0    0  |    0    0    0    0  |    0    0    0    0  |    0    0    0    0  |    0    0    0    0  |    0    0    0    0  |    0    0    0    0  |    0    0    0    0  |    0    0    0    0  |    0    0    0    0  |    0    0    0    0  |    0    0  0xd    0  |    0    0  0x1    0  |    0    0  0x8    0  |    0    0    0    0  |    0    0    0    0  |    0    0    0    0  |    0    0    0    0  |    0    0    0    0  |    0    0    0    0  | 
   0    0    0    0  |    0    0    0    0  |    0    0    0    0  |    0    0    0    0  |    0    0    0    0  |    0    0    0    0  |    0    0    0    0  |    0    0    0    0  |    0    0    0    0  |    0    0    0    0  |    0    0    0    0  |    0    0    0    0  |    0    0    0    0  |    0    0    0    0  |    0    0    0    0  |    0    0    0    0  |    0    0    0    0  |    0    0    0    0  |    0    0    0    0  |    0    0    0    0  |    0    0    0    0  |    0    0    0    0  |    0    0    0    0  |    0    0    0    0  |    0    0    0    0  |    0    0    0    0  |    0    0    0    0  |    0    0    0    0  | 
   0    0    0    0  |    0    0    0    0  |    0    0    0    0  |    0    0    0    0  |    0    0    0    0  |    0    0    0  0x1  |    0    0    0  0x1  |    0    0    0  0x8  |  0x8    0    0    0  |    0    0    0    0  |    0    0    0    0  |    0    0    0    0  |    0    0    0    0  |    0    0    0    0  |    0    0    0    0  |    0    0    0    0  |    0    0    0    0  |    0    0    0    0  |    0    0    0    0  |    0    0    0    0  |    0    0    0    0  |    0    0    0    0  |    0    0    0    0  |    0    0    0    0  |    0    0    0    0  |    0    0    0    0  |    0    0    0    0  |    0    0    0    0  | 
------------------------
   0    0    0    0  |    0    0    0    0  |    0    0    0    0  |    0    0    0    0  |    0    0    0    0  |    0    0    0    0  |    0    0    0    0  |    0    0    0    0  |    0    0    0    0  |    0    0    0    0  |    0    0    0    0  |    0    0    0    0  |    0    0    0    0  |    0    0    0    0  |    0    0    0    0  |    0    0    0    0  |  0x4    0    0    0  |  0x2    0    0    0  |    0  0x6    0    0  |    0  0x8    0    0  |    0    0  0x4  0x8  |    0    0  0xe  0x5  |    0    0    0  0x3  |    0    0    0  0x4  |    0    0    0    0  |    0    0    0    0  |  0x2    0    0    0  |    0    0    0    0  | 
   0    0    0    0  |    0    0    0    0  |    0    0    0    0  |    0    0    0    0  |    0    0    0    0  |    0    0    0    0  |    0    0    0    0  |    0    0    0    0  |    0    0    0    0  |    0    0    0    0  |    0    0    0    0  |    0    0    0    0  |    0    0    0    0  |    0    0    0    0  |    0    0    0    0  |  0x6    0    0    0  |    0  0x2    0    0  |    0  0x4    0    0  |    0    0    0    0  |    0    0  0xc    0  |    0    0    0    0  |    0    0    0    0  |    0    0    0    0  |    0    0    0    0  |    0    0    0    0  |    0    0    0    0  |    0    0    0    0  |    0    0    0    0  | 
   0    0    0    0  |    0    0    0    0  |    0    0    0    0  |    0    0    0    0  |    0    0    0    0  |    0    0    0    0  |    0    0    0    0  |    0    0    0    0  |    0    0    0    0  |    0    0    0    0  |    0    0    0    0  |    0    0    0    0  |    0    0    0    0  |    0    0    0    0  |    0    0    0    0  |    0    0    0    0  |    0    0    0    0  |    0    0    0    0  |    0    0    0    0  |    0    0    0    0  |    0    0    0    0  |    0    0    0    0  |    0    0    0    0  |    0    0    0    0  |    0    0    0    0  |    0    0    0    0  |    0    0    0    0  |    0    0    0    0  | 
   0    0    0    0  |    0    0    0    0  |    0    0    0    0  |    0    0    0    0  |    0    0    0    0  |    0    0    0    0  |    0    0    0    0  |    0    0    0    0  |    0    0    0    0  |    0    0    0    0  |    0    0    0    0  |    0    0    0    0  |    0    0    0    0  |    0    0    0    0  |    0    0    0    0  |    0    0    0    0  |    0    0    0    0  |    0    0    0    0  |    0    0    0    0  |    0    0    0    0  |    0    0  0x8    0  |    0    0  0x3    0  |    0    0  0x5  0xe  |    0    0  0x2  0x1  |    0    0    0  0x7  |    0    0    0  0x2  |    0    0    0    0  |    0    0    0    0  | 
------------------------
   0    0    0    0  |    0    0    0    0  |    0    0    0    0  |    0    0    0    0  |    0    0    0    0  |    0    0    0    0  |    0    0    0    0  |    0    0    0    0  |    0    0    0    0  |    0    0    0    0  |    0    0    0    0  |    0    0    0    0  |    0    0    0    0  |    0    0    0    0  |    0    0    0    0  |    0    0    0    0  |  0x4    0    0    0  |  0x2    0    0    0  |    0  0x6    0    0  |    0  0x8    0    0  |    0    0  0x4  0x8  |    0    0  0xe  0x1  |    0    0    0  0x3  |    0    0    0  0x4  |  0x2    0    0    0  |    0    0    0    0  |  0x2    0    0    0  |    0    0    0    0  | 
   0    0    0    0  |    0    0    0    0  |    0    0    0    0  |    0    0    0    0  |    0    0    0    0  |    0    0    0    0  |    0    0    0    0  |    0    0    0    0  |    0    0    0    0  |    0    0    0    0  |    0    0    0    0  |    0    0    0    0  |    0    0    0    0  |    0    0    0    0  |    0    0    0    0  |  0x6    0    0    0  |    0  0x2    0    0  |    0  0x4    0    0  |    0    0    0    0  |    0    0  0xc    0  |    0    0    0    0  |    0    0    0    0  |    0    0    0    0  |    0    0    0    0  |    0    0    0    0  |    0    0    0    0  |    0    0    0    0  |    0    0    0    0  | 
   0    0    0    0  |    0    0    0    0  |    0    0    0    0  |    0    0    0    0  |    0    0    0    0  |    0    0    0    0  |    0    0    0    0  |    0    0    0    0  |    0    0    0    0  |    0    0    0    0  |    0    0    0    0  |    0    0    0    0  |    0    0    0    0  |    0    0    0    0  |    0    0    0    0  |    0    0    0    0  |    0    0    0    0  |    0    0    0    0  |    0    0    0    0  |    0    0    0    0  |    0    0    0    0  |    0    0    0    0  |    0    0    0    0  |    0    0    0    0  |    0    0    0    0  |    0    0    0    0  |    0    0    0    0  |    0    0    0    0  | 
   0    0    0    0  |    0    0    0    0  |    0    0    0    0  |    0    0    0    0  |    0    0    0    0  |    0    0    0    0  |    0    0    0    0  |    0    0    0    0  |    0    0    0    0  |    0    0    0    0  |    0    0    0    0  |    0    0    0    0  |    0    0    0    0  |    0    0    0    0  |    0    0    0    0  |    0    0    0    0  |    0    0    0    0  |    0    0    0    0  |    0    0    0    0  |    0    0    0    0  |    0    0  0x8    0  |    0    0  0x3    0  |    0    0  0x5  0xa  |    0    0  0x2  0x3  |    0    0    0  0x7  |    0    0    0  0x2  |    0    0    0    0  |    0    0    0    0  | 
------------------------
   0    0    0    0  |    0    0    0    0  |    0    0    0    0  |    0    0    0    0  |    0    0    0    0  |    0    0    0    0  |    0    0    0    0  |    0    0    0    0  |    0    0    0    0  |    0    0    0    0  |    0    0    0    0  |    0    0    0    0  |    0    0    0    0  |    0    0    0    0  |    0    0    0    0  |    0    0    0    0  |    0    0    0    0  |    0    0    0    0  |    0    0    0    0  |    0    0    0    0  |    0    0    0    0  |    0    0    0    0  |    0    0    0    0  |    0    0    0    0  |    0    0    0    0  |    0    0    0    0  |    0    0    0    0  |    0    0    0    0  | 
   0    0    0    0  |    0    0    0    0  |    0    0    0    0  |    0    0    0    0  |    0    0    0    0  |    0    0    0    0  |    0    0    0    0  |    0    0    0    0  |    0    0    0    0  |    0    0    0    0  |    0    0    0    0  |    0    0    0    0  |    0    0    0    0  |    0    0    0    0  |    0    0    0    0  |    0    0    0    0  |    0    0    0    0  |    0    0    0    0  |    0    0    0    0  |    0    0    0    0  |    0    0    0    0  |    0    0    0    0  |    0    0    0    0  |    0    0    0    0  |    0    0    0    0  |    0    0    0    0  |    0    0    0    0  |    0    0    0    0  | 
   0    0    0    0  |    0    0    0    0  |    0    0    0    0  |    0    0    0    0  |    0    0    0    0  |    0    0    0    0  |    0    0    0  0x8  |    0    0    0    0  |    0    0    0    0  |    0    0    0    0  |    0    0    0    0  |    0    0    0    0  |    0    0    0    0  |    0    0    0    0  |    0    0    0    0  |    0    0    0    0  |    0    0    0    0  |    0    0    0    0  |    0    0    0    0  |    0    0    0    0  |    0    0    0    0  |    0    0    0    0  |    0    0    0    0  |    0    0    0    0  |    0    0    0    0  |    0    0    0    0  |    0    0    0    0  |    0    0    0    0  | 
   0    0    0    0  |    0    0    0    0  |    0    0    0    0  |    0    0  0x1    0  |    0    0  0x1    0  |    0    0  0x8  0x1  |    0    0    0  0x1  |    0    0    0  0x8  |  0x8    0    0    0  |    0    0    0    0  |    0    0    0    0  |    0    0    0    0  |    0    0    0    0  |    0    0    0    0  |    0    0    0    0  |    0    0    0    0  |    0    0    0    0  |    0    0    0    0  |    0    0    0    0  |    0    0    0    0  |    0    0    0    0  |    0    0    0    0  |    0    0    0    0  |    0    0    0    0  |    0    0    0    0  |    0    0    0    0  |    0    0    0    0  |    0    0    0    0  | 
------------------------
   0    0    0    0  |    0    0    0    0  |    0    0    0    0  |    0    0    0    0  |    0    0    0    0  |    0    0    0    0  |    0    0    0    0  |    0    0    0    0  |    0    0    0    0  |    0    0    0    0  |    0    0    0    0  |    0    0    0    0  |    0    0    0    0  |    0    0    0    0  |    0    0    0    0  |    0    0    0    0  |    0    0    0    0  |    0    0    0    0  |    0    0    0    0  |    0    0    0    0  |    0    0    0    0  |    0    0    0    0  |    0    0    0    0  |    0    0    0    0  |    0    0    0    0  |    0    0    0    0  |    0    0    0    0  |    0    0    0    0  | 
   0    0    0    0  |    0    0    0    0  |    0    0    0    0  |    0    0    0    0  |    0    0    0    0  |    0    0    0    0  |    0    0    0    0  |    0    0    0    0  |    0    0    0    0  |    0    0    0    0  |    0    0    0    0  |    0    0    0    0  |    0    0    0    0  |    0    0    0    0  |    0    0    0    0  |    0    0    0    0  |    0    0    0    0  |    0    0    0    0  |    0    0    0    0  |    0    0    0    0  |    0    0    0    0  |    0    0    0    0  |    0    0    0    0  |    0    0    0    0  |    0    0    0    0  |    0    0    0    0  |    0    0    0    0  |    0    0    0    0  | 
   0    0    0    0  |    0    0    0    0  |    0    0    0    0  |    0    0    0    0  |    0    0    0    0  |    0    0    0    0  |    0    0    0  0x8  |    0    0    0    0  |    0    0    0    0  |    0    0    0    0  |    0    0    0    0  |    0    0    0    0  |    0    0    0    0  |    0    0    0    0  |    0    0    0    0  |    0    0    0    0  |    0    0    0    0  |    0    0    0    0  |    0    0    0    0  |    0    0    0    0  |    0    0    0    0  |    0    0    0    0  |    0    0    0    0  |    0    0    0    0  |    0    0    0    0  |    0    0    0    0  |    0    0    0    0  |    0    0    0    0  | 
   0    0    0    0  |    0    0    0    0  |    0    0    0    0  |    0    0  0x1    0  |    0    0  0x1    0  |    0    0  0xa  0x1  |    0    0    0  0x3  |    0    0    0  0x8  |  0x8    0    0    0  |    0    0    0    0  |    0    0    0    0  |    0    0    0    0  |    0    0    0    0  |    0    0    0    0  |    0    0    0    0  |    0    0    0    0  |    0    0    0    0  |    0    0    0    0  |    0    0    0    0  |    0    0    0    0  |    0    0    0    0  |    0    0    0    0  |    0    0    0    0  |    0    0    0    0  |    0    0    0    0  |    0    0    0    0  |    0    0    0    0  |    0    0    0    0  | 
------------------------
   0    0    0    0  |    0    0    0    0  |    0    0    0    0  |    0    0    0    0  |    0    0    0    0  |    0    0    0    0  |    0    0    0    0  |    0    0    0    0  |    0    0    0    0  |    0    0    0    0  |    0    0    0    0  |    0    0    0    0  |    0    0    0    0  |    0    0    0    0  |    0    0    0    0  |    0    0    0    0  |    0    0    0    0  |    0    0    0    0  |    0    0    0    0  |    0    0    0    0  |    0    0  0x4  0x8  |    0    0  0x2  0x1  |    0    0    0  0x3  |    0    0    0    0  |    0    0    0    0  |    0    0    0    0  |    0    0    0    0  |    0    0    0    0  | 
   0    0    0    0  |    0    0    0    0  |    0    0    0    0  |    0    0    0    0  |    0    0    0    0  |    0    0    0    0  |    0    0    0    0  |    0    0    0    0  |    0    0    0    0  |    0    0    0    0  |    0    0    0    0  |    0    0    0    0  |    0    0    0    0  |    0    0    0    0  |    0    0    0    0  |    0    0    0    0  |    0    0    0    0  |    0    0    0    0  |    0    0    0    0  |    0    0  0xc    0  |    0    0    0    0  |    0    0    0    0  |    0    0    0    0  |    0    0    0    0  |    0    0    0    0  |    0    0    0    0  |    0    0    0    0  |    0    0    0    0  | 
   0    0    0    0  |    0    0    0    0  |    0    0    0    0  |    0    0    0    0  |    0    0    0    0  |    0    0    0    0  |    0    0    0  0x8  |    0    0    0    0  |    0    0    0    0  |    0    0    0    0  |    0    0    0    0  |    0    0    0    0  |    0    0    0    0  |    0    0    0    0  |    0    0    0    0  |    0    0    0    0  |    0    0    0    0  |    0    0    0    0  |    0    0    0    0  |    0    0    0    0  |    0    0    0    0  |    0    0    0    0  |    0    0    0    0  |    0    0    0    0  |    0    0    0    0  |    0    0    0    0  |    0    0    0    0  |    0    0    0    0  | 
   0    0    0    0  |    0    0    0    0  |    0    0    0    0  |    0    0  0x1    0  |    0    0  0x1    0  |    0    0  0xa  0x1  |    0    0    0  0x3  |    0    0    0  0x8  |  0x8    0    0    0  |    0    0    0    0  |    0    0    0    0  |    0    0    0    0  |    0    0    0    0  |    0    0    0    0  |    0    0    0    0  |    0    0    0    0  |    0    0    0    0  |    0    0    0    0  |    0    0    0    0  |    0    0    0    0  |    0    0    0    0  |    0    0    0    0  |    0    0    0    0  |    0    0    0    0  |    0    0    0    0  |    0    0    0    0  |    0    0    0    0  |    0    0    0    0  | 
------------------------
   0    0    0    0  |    0    0    0    0  |    0    0    0    0  |    0    0    0    0  |    0    0    0    0  |    0    0    0    0  |    0    0    0    0  |    0    0    0    0  |    0    0    0    0  |    0    0    0    0  |    0    0    0    0  |    0    0    0    0  |    0    0    0    0  |    0    0    0    0  |    0    0    0    0  |    0    0    0    0  |    0    0    0    0  |    0    0    0    0  |    0    0    0    0  |    0    0    0    0  |    0    0  0x4  0x8  |    0    0  0x2  0x1  |    0    0    0  0x3  |    0    0    0    0  |    0    0    0    0  |    0    0    0    0  |    0    0    0    0  |    0    0    0    0  | 
   0    0    0    0  |    0    0    0    0  |    0    0    0    0  |    0    0    0    0  |    0    0    0    0  |    0    0    0    0  |    0    0    0    0  |    0    0    0    0  |    0    0    0    0  |    0    0    0    0  |    0    0    0    0  |    0    0    0    0  |    0    0    0    0  |    0    0    0    0  |    0    0    0    0  |    0    0    0    0  |    0    0    0    0  |    0    0    0    0  |    0    0    0    0  |    0    0  0xc    0  |    0    0    0    0  |    0    0    0    0  |    0    0    0    0  |    0    0    0    0  |    0    0    0    0  |    0    0    0    0  |    0    0    0    0  |    0    0    0    0  | 
   0    0    0    0  |    0    0    0    0  |    0    0    0    0  |    0    0    0    0  |    0    0    0    0  |    0    0    0    0  |    0    0    0  0x8  |    0    0    0    0  |    0    0    0    0  |    0    0    0    0  |    0    0    0    0  |    0    0    0    0  |    0    0    0    0  |    0    0    0    0  |    0    0    0    0  |    0    0    0    0  |    0    0    0    0  |    0    0    0    0  |    0    0    0    0  |    0    0    0    0  |    0    0    0    0  |    0    0    0    0  |    0    0    0    0  |    0    0    0    0  |    0    0    0    0  |    0    0    0    0  |    0    0    0    0  |    0    0    0    0  | 
   0    0    0    0  |    0    0    0    0  |    0    0    0    0  |    0    0  0x1    0  |    0    0  0x1    0  |    0    0  0x8  0x1  |    0    0    0  0x1  |    0    0    0  0x8  |  0x8    0    0    0  |    0    0    0    0  |    0    0    0    0  |    0    0    0    0  |    0    0    0    0  |    0    0    0    0  |    0    0    0    0  |    0    0    0    0  |    0    0    0    0  |    0    0    0    0  |    0    0    0    0  |    0    0    0    0  |    0    0    0    0  |    0    0    0    0  |    0    0    0    0  |    0    0    0    0  |    0    0    0    0  |    0    0    0    0  |    0    0    0    0  |    0    0    0    0  | 
------------------------
   0    0    0    0  |    0    0    0    0  |    0    0    0    0  |    0    0    0    0  |    0    0    0    0  |    0    0    0    0  |    0    0    0    0  |    0    0    0    0  |    0    0    0    0  |    0    0    0    0  |    0    0    0    0  |    0    0    0    0  |    0    0    0    0  |    0    0    0    0  |    0    0    0    0  |    0    0    0    0  |    0    0    0    0  |    0    0    0    0  |    0    0    0    0  |    0    0    0    0  |    0    0  0x4  0x8  |    0    0  0x2  0x1  |    0    0    0  0xb  |    0    0    0    0  |    0    0    0    0  |    0    0    0    0  |    0    0    0    0  |    0    0    0    0  | 
   0    0    0    0  |    0    0    0    0  |    0    0    0    0  |    0    0    0    0  |    0    0    0    0  |    0    0    0    0  |    0    0    0    0  |    0    0    0    0  |    0    0    0    0  |    0    0    0    0  |    0    0    0    0  |    0    0    0    0  |    0    0    0    0  |    0    0    0    0  |    0    0    0    0  |    0    0    0    0  |    0    0    0    0  |    0    0    0    0  |    0    0    0    0  |    0    0  0xd    0  |    0    0  0x1    0  |    0    0  0x8    0  |    0    0    0    0  |    0    0    0    0  |    0    0    0    0  |    0    0    0    0  |    0    0    0    0  |    0    0    0    0  | 
   0    0    0    0  |    0    0    0    0  |    0    0    0    0  |    0    0    0    0  |    0    0    0    0  |    0    0    0    0  |    0    0    0  0x8  |    0    0    0    0  |    0    0    0    0  |    0    0    0    0  |    0    0    0    0  |    0    0    0    0  |    0    0    0    0  |    0    0    0    0  |    0    0    0    0  |    0    0    0    0  |    0    0    0    0  |    0    0    0    0  |    0    0    0    0  |    0    0    0    0  |    0    0    0    0  |    0    0    0    0  |    0    0    0    0  |    0    0    0    0  |    0    0    0    0  |    0    0    0    0  |    0    0    0    0  |    0    0    0    0  | 
   0    0    0    0  |    0    0    0    0  |    0    0    0    0  |    0    0  0x1    0  |    0    0  0x1    0  |    0    0  0x8    0  |    0    0    0    0  |    0    0    0    0  |    0    0    0    0  |    0    0    0    0  |    0    0    0    0  |    0    0    0    0  |    0    0    0    0  |    0    0    0    0  |    0    0    0    0  |    0    0    0    0  |    0    0    0    0  |    0    0    0    0  |    0    0    0    0  |    0    0    0    0  |    0    0    0    0  |    0    0    0    0  |    0    0    0    0  |    0    0    0    0  |    0    0    0    0  |    0    0    0    0  |    0    0    0    0  |    0    0    0    0  | 
------------------------
